mtllib logo-fm.mtl
o F-braco-superior
usemtl gradiente-fm
v -0.13599999885559083 0.2869555473327637 -0.031200001239776613
v 0.011200002622604382 0.2869555473327637 -0.031200001239776613
v -0.0031999970555305355 0.23895555019378661 -0.031200001239776613
v -0.1426444385528564 0.2866444396972656 -0.031200001239776613
v -0.13939444046020505 0.28687777519226076 -0.031200001239776613
v -0.13599999885559083 0.2869555473327637 -0.031200001239776613
v -0.14871110420227052 0.2857111072540283 -0.031200001239776613
v -0.14574999313354492 0.2862555503845215 -0.031200001239776613
v -0.1426444385528564 0.2866444396972656 -0.031200001239776613
v -0.15419999580383298 0.28415555000305176 -0.031200001239776613
v -0.1515277717590332 0.28501111030578613 -0.031200001239776613
v -0.14871110420227052 0.2857111072540283 -0.031200001239776613
v -0.1591111038208008 0.2819777774810791 -0.031200001239776613
v -0.1567277763366699 0.28314444541931155 -0.031200001239776613
v -0.15419999580383298 0.28415555000305176 -0.031200001239776613
v -0.16344443778991696 0.279177770614624 -0.031200001239776613
v -0.1613499973297119 0.2806555557250977 -0.031200001239776613
v -0.1591111038208008 0.2819777774810791 -0.031200001239776613
v -0.16719999771118166 0.2757555484771729 -0.031200001239776613
v -0.16539444427490235 0.27754444122314453 -0.031200001239776613
v -0.16344443778991696 0.279177770614624 -0.031200001239776613
v -0.17037777404785154 0.2717111110687256 -0.031200001239776613
v -0.16886110763549805 0.2738111114501953 -0.031200001239776613
v -0.16719999771118166 0.2757555484771729 -0.031200001239776613
v -0.1729777763366699 0.2670444393157959 -0.031200001239776613
v -0.17174999694824217 0.26945554733276367 -0.031200001239776613
v -0.17037777404785154 0.2717111110687256 -0.031200001239776613
v -0.1750000045776367 0.26175555229187014 -0.031200001239776613
v -0.17406111221313475 0.26447777748107915 -0.031200001239776613
v -0.1729777763366699 0.2670444393157959 -0.031200001239776613
v -0.17644443969726564 0.2558444404602051 -0.031200001239776613
v -0.17579443435668946 0.2588777732849121 -0.031200001239776613
v -0.1750000045776367 0.26175555229187014 -0.031200001239776613
v -0.17731110076904294 0.2493111038208008 -0.031200001239776613
v -0.17695000152587892 0.25265555381774907 -0.031200001239776613
v -0.17644443969726564 0.2558444404602051 -0.031200001239776613
v -0.17759998779296876 0.2421555519104004 -0.031200001239776613
v -0.17752777557373045 0.24581110954284668 -0.031200001239776613
v -0.17731110076904294 0.2493111038208008 -0.031200001239776613
v -0.10159999351501464 0.23895555019378661 -0.031200001239776613
v -0.17759998779296876 0.18295555114746095 -0.031200001239776613
v -0.17759998779296876 0.2421555519104004 -0.031200001239776613
v -0.13599999885559083 0.2869555473327637 -0.031200001239776613
v -0.0031999970555305355 0.23895555019378661 -0.031200001239776613
v -0.10159999351501464 0.23895555019378661 -0.031200001239776613
v -0.14871110420227052 0.2857111072540283 -0.031200001239776613
v -0.1426444385528564 0.2866444396972656 -0.031200001239776613
v -0.13599999885559083 0.2869555473327637 -0.031200001239776613
v -0.1591111038208008 0.2819777774810791 -0.031200001239776613
v -0.15419999580383298 0.28415555000305176 -0.031200001239776613
v -0.14871110420227052 0.2857111072540283 -0.031200001239776613
v -0.16719999771118166 0.2757555484771729 -0.031200001239776613
v -0.16344443778991696 0.279177770614624 -0.031200001239776613
v -0.1591111038208008 0.2819777774810791 -0.031200001239776613
v -0.1729777763366699 0.2670444393157959 -0.031200001239776613
v -0.17037777404785154 0.2717111110687256 -0.031200001239776613
v -0.16719999771118166 0.2757555484771729 -0.031200001239776613
v -0.17644443969726564 0.2558444404602051 -0.031200001239776613
v -0.1750000045776367 0.26175555229187014 -0.031200001239776613
v -0.1729777763366699 0.2670444393157959 -0.031200001239776613
v -0.17759998779296876 0.2421555519104004 -0.031200001239776613
v -0.17731110076904294 0.2493111038208008 -0.031200001239776613
v -0.17644443969726564 0.2558444404602051 -0.031200001239776613
v -0.13599999885559083 0.2869555473327637 -0.031200001239776613
v -0.10159999351501464 0.23895555019378661 -0.031200001239776613
v -0.17759998779296876 0.2421555519104004 -0.031200001239776613
v -0.1591111038208008 0.2819777774810791 -0.031200001239776613
v -0.14871110420227052 0.2857111072540283 -0.031200001239776613
v -0.13599999885559083 0.2869555473327637 -0.031200001239776613
v -0.1729777763366699 0.2670444393157959 -0.031200001239776613
v -0.16719999771118166 0.2757555484771729 -0.031200001239776613
v -0.1591111038208008 0.2819777774810791 -0.031200001239776613
v -0.17759998779296876 0.2421555519104004 -0.031200001239776613
v -0.17644443969726564 0.2558444404602051 -0.031200001239776613
v -0.1729777763366699 0.2670444393157959 -0.031200001239776613
v -0.1591111038208008 0.2819777774810791 -0.031200001239776613
v -0.13599999885559083 0.2869555473327637 -0.031200001239776613
v -0.17759998779296876 0.2421555519104004 -0.031200001239776613
v -0.17759998779296876 0.2421555519104004 -0.031200001239776613
v -0.1729777763366699 0.2670444393157959 -0.031200001239776613
v -0.1591111038208008 0.2819777774810791 -0.031200001239776613
v -0.0031999970555305355 0.23895555019378661 0.031200001239776613
v 0.011200002622604382 0.2869555473327637 0.031200001239776613
v -0.13599999885559083 0.2869555473327637 0.031200001239776613
v -0.13599999885559083 0.2869555473327637 0.031200001239776613
v -0.13939444046020505 0.28687777519226076 0.031200001239776613
v -0.1426444385528564 0.2866444396972656 0.031200001239776613
v -0.1426444385528564 0.2866444396972656 0.031200001239776613
v -0.14574999313354492 0.2862555503845215 0.031200001239776613
v -0.14871110420227052 0.2857111072540283 0.031200001239776613
v -0.14871110420227052 0.2857111072540283 0.031200001239776613
v -0.1515277717590332 0.28501111030578613 0.031200001239776613
v -0.15419999580383298 0.28415555000305176 0.031200001239776613
v -0.15419999580383298 0.28415555000305176 0.031200001239776613
v -0.1567277763366699 0.28314444541931155 0.031200001239776613
v -0.1591111038208008 0.2819777774810791 0.031200001239776613
v -0.1591111038208008 0.2819777774810791 0.031200001239776613
v -0.1613499973297119 0.2806555557250977 0.031200001239776613
v -0.16344443778991696 0.279177770614624 0.031200001239776613
v -0.16344443778991696 0.279177770614624 0.031200001239776613
v -0.16539444427490235 0.27754444122314453 0.031200001239776613
v -0.16719999771118166 0.2757555484771729 0.031200001239776613
v -0.16719999771118166 0.2757555484771729 0.031200001239776613
v -0.16886110763549805 0.2738111114501953 0.031200001239776613
v -0.17037777404785154 0.2717111110687256 0.031200001239776613
v -0.17037777404785154 0.2717111110687256 0.031200001239776613
v -0.17174999694824217 0.26945554733276367 0.031200001239776613
v -0.1729777763366699 0.2670444393157959 0.031200001239776613
v -0.1729777763366699 0.2670444393157959 0.031200001239776613
v -0.17406111221313475 0.26447777748107915 0.031200001239776613
v -0.1750000045776367 0.26175555229187014 0.031200001239776613
v -0.1750000045776367 0.26175555229187014 0.031200001239776613
v -0.17579443435668946 0.2588777732849121 0.031200001239776613
v -0.17644443969726564 0.2558444404602051 0.031200001239776613
v -0.17644443969726564 0.2558444404602051 0.031200001239776613
v -0.17695000152587892 0.25265555381774907 0.031200001239776613
v -0.17731110076904294 0.2493111038208008 0.031200001239776613
v -0.17731110076904294 0.2493111038208008 0.031200001239776613
v -0.17752777557373045 0.24581110954284668 0.031200001239776613
v -0.17759998779296876 0.2421555519104004 0.031200001239776613
v -0.17759998779296876 0.2421555519104004 0.031200001239776613
v -0.17759998779296876 0.18295555114746095 0.031200001239776613
v -0.10159999351501464 0.23895555019378661 0.031200001239776613
v -0.10159999351501464 0.23895555019378661 0.031200001239776613
v -0.0031999970555305355 0.23895555019378661 0.031200001239776613
v -0.13599999885559083 0.2869555473327637 0.031200001239776613
v -0.13599999885559083 0.2869555473327637 0.031200001239776613
v -0.1426444385528564 0.2866444396972656 0.031200001239776613
v -0.14871110420227052 0.2857111072540283 0.031200001239776613
v -0.14871110420227052 0.2857111072540283 0.031200001239776613
v -0.15419999580383298 0.28415555000305176 0.031200001239776613
v -0.1591111038208008 0.2819777774810791 0.031200001239776613
v -0.1591111038208008 0.2819777774810791 0.031200001239776613
v -0.16344443778991696 0.279177770614624 0.031200001239776613
v -0.16719999771118166 0.2757555484771729 0.031200001239776613
v -0.16719999771118166 0.2757555484771729 0.031200001239776613
v -0.17037777404785154 0.2717111110687256 0.031200001239776613
v -0.1729777763366699 0.2670444393157959 0.031200001239776613
v -0.1729777763366699 0.2670444393157959 0.031200001239776613
v -0.1750000045776367 0.26175555229187014 0.031200001239776613
v -0.17644443969726564 0.2558444404602051 0.031200001239776613
v -0.17644443969726564 0.2558444404602051 0.031200001239776613
v -0.17731110076904294 0.2493111038208008 0.031200001239776613
v -0.17759998779296876 0.2421555519104004 0.031200001239776613
v -0.17759998779296876 0.2421555519104004 0.031200001239776613
v -0.10159999351501464 0.23895555019378661 0.031200001239776613
v -0.13599999885559083 0.2869555473327637 0.031200001239776613
v -0.13599999885559083 0.2869555473327637 0.031200001239776613
v -0.14871110420227052 0.2857111072540283 0.031200001239776613
v -0.1591111038208008 0.2819777774810791 0.031200001239776613
v -0.1591111038208008 0.2819777774810791 0.031200001239776613
v -0.16719999771118166 0.2757555484771729 0.031200001239776613
v -0.1729777763366699 0.2670444393157959 0.031200001239776613
v -0.1729777763366699 0.2670444393157959 0.031200001239776613
v -0.17644443969726564 0.2558444404602051 0.031200001239776613
v -0.17759998779296876 0.2421555519104004 0.031200001239776613
v -0.17759998779296876 0.2421555519104004 0.031200001239776613
v -0.13599999885559083 0.2869555473327637 0.031200001239776613
v -0.1591111038208008 0.2819777774810791 0.031200001239776613
v -0.1591111038208008 0.2819777774810791 0.031200001239776613
v -0.1729777763366699 0.2670444393157959 0.031200001239776613
v -0.17759998779296876 0.2421555519104004 0.031200001239776613
v -0.13599999885559083 0.2869555473327637 -0.031200001239776613
v -0.13939444046020505 0.28687777519226076 -0.031200001239776613
v -0.13602290611267087 0.2889555549621582 -0.030664100646972656
v -0.13939444046020505 0.28687777519226076 -0.031200001239776613
v -0.1394890163421631 0.2888761329650879 -0.030664100646972656
v -0.13602290611267087 0.2889555549621582 -0.030664100646972656
v -0.13602290611267087 0.2889555549621582 -0.030664100646972656
v -0.1394890163421631 0.2888761329650879 -0.030664100646972656
v -0.13603968124389648 0.2904196548461914 -0.029200000762939455
v -0.1394890163421631 0.2888761329650879 -0.030664100646972656
v -0.13955825309753417 0.29033903121948246 -0.029200000762939455
v -0.13603968124389648 0.2904196548461914 -0.029200000762939455
v -0.13603968124389648 0.2904196548461914 -0.029200000762939455
v -0.13955825309753417 0.29033903121948246 -0.029200000762939455
v -0.13604581336975097 0.2909555530548096 -0.027200000286102297
v -0.13955825309753417 0.29033903121948246 -0.029200000762939455
v -0.1395835922241211 0.29087449073791505 -0.027200000286102297
v -0.13604581336975097 0.2909555530548096 -0.027200000286102297
v -0.13604581336975097 0.2909555530548096 -0.027200000286102297
v -0.1395835922241211 0.29087449073791505 -0.027200000286102297
v -0.13604581336975097 0.2909555530548096 0.027200000286102297
v -0.1395835922241211 0.29087449073791505 -0.027200000286102297
v -0.1395835922241211 0.29087449073791505 0.027200000286102297
v -0.13604581336975097 0.2909555530548096 0.027200000286102297
v -0.13604581336975097 0.2909555530548096 0.027200000286102297
v -0.1395835922241211 0.29087449073791505 0.027200000286102297
v -0.13603968124389648 0.2904196548461914 0.02919999837875366
v -0.1395835922241211 0.29087449073791505 0.027200000286102297
v -0.13955825309753417 0.29033903121948246 0.02919999837875366
v -0.13603968124389648 0.2904196548461914 0.02919999837875366
v -0.13603968124389648 0.2904196548461914 0.02919999837875366
v -0.13955825309753417 0.29033903121948246 0.02919999837875366
v -0.13602290611267087 0.2889555549621582 0.03066410303115845
v -0.13955825309753417 0.29033903121948246 0.02919999837875366
v -0.1394890163421631 0.2888761329650879 0.03066410303115845
v -0.13602290611267087 0.2889555549621582 0.03066410303115845
v -0.13602290611267087 0.2889555549621582 0.03066410303115845
v -0.1394890163421631 0.2888761329650879 0.03066410303115845
v -0.13599999885559083 0.2869555473327637 0.031200001239776613
v -0.1394890163421631 0.2888761329650879 0.03066410303115845
v -0.13939444046020505 0.28687777519226076 0.031200001239776613
v -0.13599999885559083 0.2869555473327637 0.031200001239776613
v -0.13939444046020505 0.28687777519226076 -0.031200001239776613
v -0.1426444385528564 0.2866444396972656 -0.031200001239776613
v -0.1394890163421631 0.2888761329650879 -0.030664100646972656
v -0.1426444385528564 0.2866444396972656 -0.031200001239776613
v -0.14284043769836424 0.2886355209350586 -0.030664100646972656
v -0.1394890163421631 0.2888761329650879 -0.030664100646972656
v -0.1394890163421631 0.2888761329650879 -0.030664100646972656
v -0.14284043769836424 0.2886355209350586 -0.030664100646972656
v -0.13955825309753417 0.29033903121948246 -0.029200000762939455
v -0.14284043769836424 0.2886355209350586 -0.030664100646972656
v -0.14298392753601075 0.29009308815002444 -0.029200000762939455
v -0.13955825309753417 0.29033903121948246 -0.029200000762939455
v -0.13955825309753417 0.29033903121948246 -0.029200000762939455
v -0.14298392753601075 0.29009308815002444 -0.029200000762939455
v -0.1395835922241211 0.29087449073791505 -0.027200000286102297
v -0.14298392753601075 0.29009308815002444 -0.029200000762939455
v -0.14303644638061525 0.2906265926361084 -0.027200000286102297
v -0.1395835922241211 0.29087449073791505 -0.027200000286102297
v -0.1395835922241211 0.29087449073791505 -0.027200000286102297
v -0.14303644638061525 0.2906265926361084 -0.027200000286102297
v -0.1395835922241211 0.29087449073791505 0.027200000286102297
v -0.14303644638061525 0.2906265926361084 -0.027200000286102297
v -0.14303644638061525 0.2906265926361084 0.027200000286102297
v -0.1395835922241211 0.29087449073791505 0.027200000286102297
v -0.1395835922241211 0.29087449073791505 0.027200000286102297
v -0.14303644638061525 0.2906265926361084 0.027200000286102297
v -0.13955825309753417 0.29033903121948246 0.02919999837875366
v -0.14303644638061525 0.2906265926361084 0.027200000286102297
v -0.14298392753601075 0.29009308815002444 0.02919999837875366
v -0.13955825309753417 0.29033903121948246 0.02919999837875366
v -0.13955825309753417 0.29033903121948246 0.02919999837875366
v -0.14298392753601075 0.29009308815002444 0.02919999837875366
v -0.1394890163421631 0.2888761329650879 0.03066410303115845
v -0.14298392753601075 0.29009308815002444 0.02919999837875366
v -0.14284043769836424 0.2886355209350586 0.03066410303115845
v -0.1394890163421631 0.2888761329650879 0.03066410303115845
v -0.1394890163421631 0.2888761329650879 0.03066410303115845
v -0.14284043769836424 0.2886355209350586 0.03066410303115845
v -0.13939444046020505 0.28687777519226076 0.031200001239776613
v -0.14284043769836424 0.2886355209350586 0.03066410303115845
v -0.1426444385528564 0.2866444396972656 0.031200001239776613
v -0.13939444046020505 0.28687777519226076 0.031200001239776613
v -0.1426444385528564 0.2866444396972656 -0.031200001239776613
v -0.14574999313354492 0.2862555503845215 -0.031200001239776613
v -0.14284043769836424 0.2886355209350586 -0.030664100646972656
v -0.14574999313354492 0.2862555503845215 -0.031200001239776613
v -0.1460553310394287 0.2882329368591309 -0.030664100646972656
v -0.14284043769836424 0.2886355209350586 -0.030664100646972656
v -0.14284043769836424 0.2886355209350586 -0.030664100646972656
v -0.1460553310394287 0.2882329368591309 -0.030664100646972656
v -0.14298392753601075 0.29009308815002444 -0.029200000762939455
v -0.1460553310394287 0.2882329368591309 -0.030664100646972656
v -0.146278853225708 0.28968048095703125 -0.029200000762939455
v -0.14298392753601075 0.29009308815002444 -0.029200000762939455
v -0.14298392753601075 0.29009308815002444 -0.029200000762939455
v -0.146278853225708 0.28968048095703125 -0.029200000762939455
v -0.14303644638061525 0.2906265926361084 -0.027200000286102297
v -0.146278853225708 0.28968048095703125 -0.029200000762939455
v -0.14636066894531247 0.29021032333374025 -0.027200000286102297
v -0.14303644638061525 0.2906265926361084 -0.027200000286102297
v -0.14303644638061525 0.2906265926361084 -0.027200000286102297
v -0.14636066894531247 0.29021032333374025 -0.027200000286102297
v -0.14303644638061525 0.2906265926361084 0.027200000286102297
v -0.14636066894531247 0.29021032333374025 -0.027200000286102297
v -0.14636066894531247 0.29021032333374025 0.027200000286102297
v -0.14303644638061525 0.2906265926361084 0.027200000286102297
v -0.14303644638061525 0.2906265926361084 0.027200000286102297
v -0.14636066894531247 0.29021032333374025 0.027200000286102297
v -0.14298392753601075 0.29009308815002444 0.02919999837875366
v -0.14636066894531247 0.29021032333374025 0.027200000286102297
v -0.146278853225708 0.28968048095703125 0.02919999837875366
v -0.14298392753601075 0.29009308815002444 0.02919999837875366
v -0.14298392753601075 0.29009308815002444 0.02919999837875366
v -0.146278853225708 0.28968048095703125 0.02919999837875366
v -0.14284043769836424 0.2886355209350586 0.03066410303115845
v -0.146278853225708 0.28968048095703125 0.02919999837875366
v -0.1460553310394287 0.2882329368591309 0.03066410303115845
v -0.14284043769836424 0.2886355209350586 0.03066410303115845
v -0.14284043769836424 0.2886355209350586 0.03066410303115845
v -0.1460553310394287 0.2882329368591309 0.03066410303115845
v -0.1426444385528564 0.2866444396972656 0.031200001239776613
v -0.1460553310394287 0.2882329368591309 0.03066410303115845
v -0.14574999313354492 0.2862555503845215 0.031200001239776613
v -0.1426444385528564 0.2866444396972656 0.031200001239776613
v -0.14574999313354492 0.2862555503845215 -0.031200001239776613
v -0.14871110420227052 0.2857111072540283 -0.031200001239776613
v -0.1460553310394287 0.2882329368591309 -0.030664100646972656
v -0.14871110420227052 0.2857111072540283 -0.031200001239776613
v -0.1491335247039795 0.2876669597625733 -0.030664100646972656
v -0.1460553310394287 0.2882329368591309 -0.030664100646972656
v -0.1460553310394287 0.2882329368591309 -0.030664100646972656
v -0.1491335247039795 0.2876669597625733 -0.030664100646972656
v -0.146278853225708 0.28968048095703125 -0.029200000762939455
v -0.1491335247039795 0.2876669597625733 -0.030664100646972656
v -0.14944276313781735 0.2890987491607666 -0.029200000762939455
v -0.146278853225708 0.28968048095703125 -0.029200000762939455
v -0.146278853225708 0.28968048095703125 -0.029200000762939455
v -0.14944276313781735 0.2890987491607666 -0.029200000762939455
v -0.14636066894531247 0.29021032333374025 -0.027200000286102297
v -0.14944276313781735 0.2890987491607666 -0.029200000762939455
v -0.1495559452056885 0.28962282180786136 -0.027200000286102297
v -0.14636066894531247 0.29021032333374025 -0.027200000286102297
v -0.14636066894531247 0.29021032333374025 -0.027200000286102297
v -0.1495559452056885 0.28962282180786136 -0.027200000286102297
v -0.14636066894531247 0.29021032333374025 0.027200000286102297
v -0.1495559452056885 0.28962282180786136 -0.027200000286102297
v -0.1495559452056885 0.28962282180786136 0.027200000286102297
v -0.14636066894531247 0.29021032333374025 0.027200000286102297
v -0.14636066894531247 0.29021032333374025 0.027200000286102297
v -0.1495559452056885 0.28962282180786136 0.027200000286102297
v -0.146278853225708 0.28968048095703125 0.02919999837875366
v -0.1495559452056885 0.28962282180786136 0.027200000286102297
v -0.14944276313781735 0.2890987491607666 0.02919999837875366
v -0.146278853225708 0.28968048095703125 0.02919999837875366
v -0.146278853225708 0.28968048095703125 0.02919999837875366
v -0.14944276313781735 0.2890987491607666 0.02919999837875366
v -0.1460553310394287 0.2882329368591309 0.03066410303115845
v -0.14944276313781735 0.2890987491607666 0.02919999837875366
v -0.1491335247039795 0.2876669597625733 0.03066410303115845
v -0.1460553310394287 0.2882329368591309 0.03066410303115845
v -0.1460553310394287 0.2882329368591309 0.03066410303115845
v -0.1491335247039795 0.2876669597625733 0.03066410303115845
v -0.14574999313354492 0.2862555503845215 0.031200001239776613
v -0.1491335247039795 0.2876669597625733 0.03066410303115845
v -0.14871110420227052 0.2857111072540283 0.031200001239776613
v -0.14574999313354492 0.2862555503845215 0.031200001239776613
v -0.14871110420227052 0.2857111072540283 -0.031200001239776613
v -0.1515277717590332 0.28501111030578613 -0.031200001239776613
v -0.1491335247039795 0.2876669597625733 -0.030664100646972656
v -0.1515277717590332 0.28501111030578613 -0.031200001239776613
v -0.15207447509765626 0.2869360733032227 -0.030664100646972656
v -0.1491335247039795 0.2876669597625733 -0.030664100646972656
v -0.1491335247039795 0.2876669597625733 -0.030664100646972656
v -0.15207447509765626 0.2869360733032227 -0.030664100646972656
v -0.14944276313781735 0.2890987491607666 -0.029200000762939455
v -0.15207447509765626 0.2869360733032227 -0.030664100646972656
v -0.15247469406127928 0.28834525108337405 -0.029200000762939455
v -0.14944276313781735 0.2890987491607666 -0.029200000762939455
v -0.14944276313781735 0.2890987491607666 -0.029200000762939455
v -0.15247469406127928 0.28834525108337405 -0.029200000762939455
v -0.1495559452056885 0.28962282180786136 -0.027200000286102297
v -0.15247469406127928 0.28834525108337405 -0.029200000762939455
v -0.15262117843627931 0.28886104583740235 -0.027200000286102297
v -0.1495559452056885 0.28962282180786136 -0.027200000286102297
v -0.1495559452056885 0.28962282180786136 -0.027200000286102297
v -0.15262117843627931 0.28886104583740235 -0.027200000286102297
v -0.1495559452056885 0.28962282180786136 0.027200000286102297
v -0.15262117843627931 0.28886104583740235 -0.027200000286102297
v -0.15262117843627931 0.28886104583740235 0.027200000286102297
v -0.1495559452056885 0.28962282180786136 0.027200000286102297
v -0.1495559452056885 0.28962282180786136 0.027200000286102297
v -0.15262117843627931 0.28886104583740235 0.027200000286102297
v -0.14944276313781735 0.2890987491607666 0.02919999837875366
v -0.15262117843627931 0.28886104583740235 0.027200000286102297
v -0.15247469406127928 0.28834525108337405 0.02919999837875366
v -0.14944276313781735 0.2890987491607666 0.02919999837875366
v -0.14944276313781735 0.2890987491607666 0.02919999837875366
v -0.15247469406127928 0.28834525108337405 0.02919999837875366
v -0.1491335247039795 0.2876669597625733 0.03066410303115845
v -0.15247469406127928 0.28834525108337405 0.02919999837875366
v -0.15207447509765626 0.2869360733032227 0.03066410303115845
v -0.1491335247039795 0.2876669597625733 0.03066410303115845
v -0.1491335247039795 0.2876669597625733 0.03066410303115845
v -0.15207447509765626 0.2869360733032227 0.03066410303115845
v -0.14871110420227052 0.2857111072540283 0.031200001239776613
v -0.15207447509765626 0.2869360733032227 0.03066410303115845
v -0.1515277717590332 0.28501111030578613 0.031200001239776613
v -0.14871110420227052 0.2857111072540283 0.031200001239776613
v -0.1515277717590332 0.28501111030578613 -0.031200001239776613
v -0.15419999580383298 0.28415555000305176 -0.031200001239776613
v -0.15207447509765626 0.2869360733032227 -0.030664100646972656
v -0.15419999580383298 0.28415555000305176 -0.031200001239776613
v -0.15487715225219728 0.28603875160217285 -0.030664100646972656
v -0.15207447509765626 0.2869360733032227 -0.030664100646972656
v -0.15207447509765626 0.2869360733032227 -0.030664100646972656
v -0.15487715225219728 0.28603875160217285 -0.030664100646972656
v -0.15247469406127928 0.28834525108337405 -0.029200000762939455
v -0.15487715225219728 0.28603875160217285 -0.030664100646972656
v -0.15537286262512207 0.28741735458374024 -0.029200000762939455
v -0.15247469406127928 0.28834525108337405 -0.029200000762939455
v -0.15247469406127928 0.28834525108337405 -0.029200000762939455
v -0.15537286262512207 0.28741735458374024 -0.029200000762939455
v -0.15262117843627931 0.28886104583740235 -0.027200000286102297
v -0.15537286262512207 0.28741735458374024 -0.029200000762939455
v -0.15555430870056153 0.28792196273803716 -0.027200000286102297
v -0.15262117843627931 0.28886104583740235 -0.027200000286102297
v -0.15262117843627931 0.28886104583740235 -0.027200000286102297
v -0.15555430870056153 0.28792196273803716 -0.027200000286102297
v -0.15262117843627931 0.28886104583740235 0.027200000286102297
v -0.15555430870056153 0.28792196273803716 -0.027200000286102297
v -0.15555430870056153 0.28792196273803716 0.027200000286102297
v -0.15262117843627931 0.28886104583740235 0.027200000286102297
v -0.15262117843627931 0.28886104583740235 0.027200000286102297
v -0.15555430870056153 0.28792196273803716 0.027200000286102297
v -0.15247469406127928 0.28834525108337405 0.02919999837875366
v -0.15555430870056153 0.28792196273803716 0.027200000286102297
v -0.15537286262512207 0.28741735458374024 0.02919999837875366
v -0.15247469406127928 0.28834525108337405 0.02919999837875366
v -0.15247469406127928 0.28834525108337405 0.02919999837875366
v -0.15537286262512207 0.28741735458374024 0.02919999837875366
v -0.15207447509765626 0.2869360733032227 0.03066410303115845
v -0.15537286262512207 0.28741735458374024 0.02919999837875366
v -0.15487715225219728 0.28603875160217285 0.03066410303115845
v -0.15207447509765626 0.2869360733032227 0.03066410303115845
v -0.15207447509765626 0.2869360733032227 0.03066410303115845
v -0.15487715225219728 0.28603875160217285 0.03066410303115845
v -0.1515277717590332 0.28501111030578613 0.031200001239776613
v -0.15487715225219728 0.28603875160217285 0.03066410303115845
v -0.15419999580383298 0.28415555000305176 0.031200001239776613
v -0.1515277717590332 0.28501111030578613 0.031200001239776613
v -0.15419999580383298 0.28415555000305176 -0.031200001239776613
v -0.1567277763366699 0.28314444541931155 -0.031200001239776613
v -0.15487715225219728 0.28603875160217285 -0.030664100646972656
v -0.1567277763366699 0.28314444541931155 -0.031200001239776613
v -0.15753996353149413 0.2849736309051514 -0.030664100646972656
v -0.15487715225219728 0.28603875160217285 -0.030664100646972656
v -0.15487715225219728 0.28603875160217285 -0.030664100646972656
v -0.15753996353149413 0.2849736309051514 -0.030664100646972656
v -0.15537286262512207 0.28741735458374024 -0.029200000762939455
v -0.15753996353149413 0.2849736309051514 -0.030664100646972656
v -0.15813452224731445 0.28631269454956054 -0.029200000762939455
v -0.15537286262512207 0.28741735458374024 -0.029200000762939455
v -0.15537286262512207 0.28741735458374024 -0.029200000762939455
v -0.15813452224731445 0.28631269454956054 -0.029200000762939455
v -0.15555430870056153 0.28792196273803716 -0.027200000286102297
v -0.15813452224731445 0.28631269454956054 -0.029200000762939455
v -0.1583521411895752 0.2868028259277344 -0.027200000286102297
v -0.15555430870056153 0.28792196273803716 -0.027200000286102297
v -0.15555430870056153 0.28792196273803716 -0.027200000286102297
v -0.1583521411895752 0.2868028259277344 -0.027200000286102297
v -0.15555430870056153 0.28792196273803716 0.027200000286102297
v -0.1583521411895752 0.2868028259277344 -0.027200000286102297
v -0.1583521411895752 0.2868028259277344 0.027200000286102297
v -0.15555430870056153 0.28792196273803716 0.027200000286102297
v -0.15555430870056153 0.28792196273803716 0.027200000286102297
v -0.1583521411895752 0.2868028259277344 0.027200000286102297
v -0.15537286262512207 0.28741735458374024 0.02919999837875366
v -0.1583521411895752 0.2868028259277344 0.027200000286102297
v -0.15813452224731445 0.28631269454956054 0.02919999837875366
v -0.15537286262512207 0.28741735458374024 0.02919999837875366
v -0.15537286262512207 0.28741735458374024 0.02919999837875366
v -0.15813452224731445 0.28631269454956054 0.02919999837875366
v -0.15487715225219728 0.28603875160217285 0.03066410303115845
v -0.15813452224731445 0.28631269454956054 0.02919999837875366
v -0.15753996353149413 0.2849736309051514 0.03066410303115845
v -0.15487715225219728 0.28603875160217285 0.03066410303115845
v -0.15487715225219728 0.28603875160217285 0.03066410303115845
v -0.15753996353149413 0.2849736309051514 0.03066410303115845
v -0.15419999580383298 0.28415555000305176 0.031200001239776613
v -0.15753996353149413 0.2849736309051514 0.03066410303115845
v -0.1567277763366699 0.28314444541931155 0.031200001239776613
v -0.15419999580383298 0.28415555000305176 0.031200001239776613
v -0.1567277763366699 0.28314444541931155 -0.031200001239776613
v -0.1591111038208008 0.2819777774810791 -0.031200001239776613
v -0.15753996353149413 0.2849736309051514 -0.030664100646972656
v -0.1591111038208008 0.2819777774810791 -0.031200001239776613
v -0.16006073455810543 0.28373969078063965 -0.030664100646972656
v -0.15753996353149413 0.2849736309051514 -0.030664100646972656
v -0.15753996353149413 0.2849736309051514 -0.030664100646972656
v -0.16006073455810543 0.28373969078063965 -0.030664100646972656
v -0.15813452224731445 0.28631269454956054 -0.029200000762939455
v -0.16006073455810543 0.28373969078063965 -0.030664100646972656
v -0.1607559059143066 0.28502949714660647 -0.029200000762939455
v -0.15813452224731445 0.28631269454956054 -0.029200000762939455
v -0.15813452224731445 0.28631269454956054 -0.029200000762939455
v -0.1607559059143066 0.28502949714660647 -0.029200000762939455
v -0.1583521411895752 0.2868028259277344 -0.027200000286102297
v -0.1607559059143066 0.28502949714660647 -0.029200000762939455
v -0.16101036529541013 0.2855016040802002 -0.027200000286102297
v -0.1583521411895752 0.2868028259277344 -0.027200000286102297
v -0.1583521411895752 0.2868028259277344 -0.027200000286102297
v -0.16101036529541013 0.2855016040802002 -0.027200000286102297
v -0.1583521411895752 0.2868028259277344 0.027200000286102297
v -0.16101036529541013 0.2855016040802002 -0.027200000286102297
v -0.16101036529541013 0.2855016040802002 0.027200000286102297
v -0.1583521411895752 0.2868028259277344 0.027200000286102297
v -0.1583521411895752 0.2868028259277344 0.027200000286102297
v -0.16101036529541013 0.2855016040802002 0.027200000286102297
v -0.15813452224731445 0.28631269454956054 0.02919999837875366
v -0.16101036529541013 0.2855016040802002 0.027200000286102297
v -0.1607559059143066 0.28502949714660647 0.02919999837875366
v -0.15813452224731445 0.28631269454956054 0.02919999837875366
v -0.15813452224731445 0.28631269454956054 0.02919999837875366
v -0.1607559059143066 0.28502949714660647 0.02919999837875366
v -0.15753996353149413 0.2849736309051514 0.03066410303115845
v -0.1607559059143066 0.28502949714660647 0.02919999837875366
v -0.16006073455810543 0.28373969078063965 0.03066410303115845
v -0.15753996353149413 0.2849736309051514 0.03066410303115845
v -0.15753996353149413 0.2849736309051514 0.03066410303115845
v -0.16006073455810543 0.28373969078063965 0.03066410303115845
v -0.1567277763366699 0.28314444541931155 0.031200001239776613
v -0.16006073455810543 0.28373969078063965 0.03066410303115845
v -0.1591111038208008 0.2819777774810791 0.031200001239776613
v -0.1567277763366699 0.28314444541931155 0.031200001239776613
v -0.1591111038208008 0.2819777774810791 -0.031200001239776613
v -0.1613499973297119 0.2806555557250977 -0.031200001239776613
v -0.16006073455810543 0.28373969078063965 -0.030664100646972656
v -0.1613499973297119 0.2806555557250977 -0.031200001239776613
v -0.1624368045806885 0.28233644485473636 -0.030664100646972656
v -0.16006073455810543 0.28373969078063965 -0.030664100646972656
v -0.16006073455810543 0.28373969078063965 -0.030664100646972656
v -0.1624368045806885 0.28233644485473636 -0.030664100646972656
v -0.1607559059143066 0.28502949714660647 -0.029200000762939455
v -0.1624368045806885 0.28233644485473636 -0.030664100646972656
v -0.1632324073791504 0.283566951751709 -0.029200000762939455
v -0.1607559059143066 0.28502949714660647 -0.029200000762939455
v -0.1607559059143066 0.28502949714660647 -0.029200000762939455
v -0.1632324073791504 0.283566951751709 -0.029200000762939455
v -0.16101036529541013 0.2855016040802002 -0.027200000286102297
v -0.1632324073791504 0.283566951751709 -0.029200000762939455
v -0.16352361183166503 0.2840173435211182 -0.027200000286102297
v -0.16101036529541013 0.2855016040802002 -0.027200000286102297
v -0.16101036529541013 0.2855016040802002 -0.027200000286102297
v -0.16352361183166503 0.2840173435211182 -0.027200000286102297
v -0.16101036529541013 0.2855016040802002 0.027200000286102297
v -0.16352361183166503 0.2840173435211182 -0.027200000286102297
v -0.16352361183166503 0.2840173435211182 0.027200000286102297
v -0.16101036529541013 0.2855016040802002 0.027200000286102297
v -0.16101036529541013 0.2855016040802002 0.027200000286102297
v -0.16352361183166503 0.2840173435211182 0.027200000286102297
v -0.1607559059143066 0.28502949714660647 0.02919999837875366
v -0.16352361183166503 0.2840173435211182 0.027200000286102297
v -0.1632324073791504 0.283566951751709 0.02919999837875366
v -0.1607559059143066 0.28502949714660647 0.02919999837875366
v -0.1607559059143066 0.28502949714660647 0.02919999837875366
v -0.1632324073791504 0.283566951751709 0.02919999837875366
v -0.16006073455810543 0.28373969078063965 0.03066410303115845
v -0.1632324073791504 0.283566951751709 0.02919999837875366
v -0.1624368045806885 0.28233644485473636 0.03066410303115845
v -0.16006073455810543 0.28373969078063965 0.03066410303115845
v -0.16006073455810543 0.28373969078063965 0.03066410303115845
v -0.1624368045806885 0.28233644485473636 0.03066410303115845
v -0.1591111038208008 0.2819777774810791 0.031200001239776613
v -0.1624368045806885 0.28233644485473636 0.03066410303115845
v -0.1613499973297119 0.2806555557250977 0.031200001239776613
v -0.1591111038208008 0.2819777774810791 0.031200001239776613
v -0.1613499973297119 0.2806555557250977 -0.031200001239776613
v -0.16344443778991696 0.279177770614624 -0.031200001239776613
v -0.1624368045806885 0.28233644485473636 -0.030664100646972656
v -0.16344443778991696 0.279177770614624 -0.031200001239776613
v -0.1646651599884033 0.2807641887664795 -0.030664100646972656
v -0.1624368045806885 0.28233644485473636 -0.030664100646972656
v -0.1624368045806885 0.28233644485473636 -0.030664100646972656
v -0.1646651599884033 0.2807641887664795 -0.030664100646972656
v -0.1632324073791504 0.283566951751709 -0.029200000762939455
v -0.1646651599884033 0.2807641887664795 -0.030664100646972656
v -0.1655587909698486 0.2819255256652832 -0.029200000762939455
v -0.1632324073791504 0.283566951751709 -0.029200000762939455
v -0.1632324073791504 0.283566951751709 -0.029200000762939455
v -0.1655587909698486 0.2819255256652832 -0.029200000762939455
v -0.16352361183166503 0.2840173435211182 -0.027200000286102297
v -0.1655587909698486 0.2819255256652832 -0.029200000762939455
v -0.16588588218688965 0.2823505973815918 -0.027200000286102297
v -0.16352361183166503 0.2840173435211182 -0.027200000286102297
v -0.16352361183166503 0.2840173435211182 -0.027200000286102297
v -0.16588588218688965 0.2823505973815918 -0.027200000286102297
v -0.16352361183166503 0.2840173435211182 0.027200000286102297
v -0.16588588218688965 0.2823505973815918 -0.027200000286102297
v -0.16588588218688965 0.2823505973815918 0.027200000286102297
v -0.16352361183166503 0.2840173435211182 0.027200000286102297
v -0.16352361183166503 0.2840173435211182 0.027200000286102297
v -0.16588588218688965 0.2823505973815918 0.027200000286102297
v -0.1632324073791504 0.283566951751709 0.02919999837875366
v -0.16588588218688965 0.2823505973815918 0.027200000286102297
v -0.1655587909698486 0.2819255256652832 0.02919999837875366
v -0.1632324073791504 0.283566951751709 0.02919999837875366
v -0.1632324073791504 0.283566951751709 0.02919999837875366
v -0.1655587909698486 0.2819255256652832 0.02919999837875366
v -0.1624368045806885 0.28233644485473636 0.03066410303115845
v -0.1655587909698486 0.2819255256652832 0.02919999837875366
v -0.1646651599884033 0.2807641887664795 0.03066410303115845
v -0.1624368045806885 0.28233644485473636 0.03066410303115845
v -0.1624368045806885 0.28233644485473636 0.03066410303115845
v -0.1646651599884033 0.2807641887664795 0.03066410303115845
v -0.1613499973297119 0.2806555557250977 0.031200001239776613
v -0.1646651599884033 0.2807641887664795 0.03066410303115845
v -0.16344443778991696 0.279177770614624 0.031200001239776613
v -0.1613499973297119 0.2806555557250977 0.031200001239776613
v -0.16344443778991696 0.279177770614624 -0.031200001239776613
v -0.16539444427490235 0.27754444122314453 -0.031200001239776613
v -0.1646651599884033 0.2807641887664795 -0.030664100646972656
v -0.16539444427490235 0.27754444122314453 -0.031200001239776613
v -0.16674272994995115 0.2790240001678467 -0.030664100646972656
v -0.1646651599884033 0.2807641887664795 -0.030664100646972656
v -0.1646651599884033 0.2807641887664795 -0.030664100646972656
v -0.16674272994995115 0.2790240001678467 -0.030664100646972656
v -0.1655587909698486 0.2819255256652832 -0.029200000762939455
v -0.16674272994995115 0.2790240001678467 -0.030664100646972656
v -0.16772974472045898 0.2801071166992188 -0.029200000762939455
v -0.1655587909698486 0.2819255256652832 -0.029200000762939455
v -0.1655587909698486 0.2819255256652832 -0.029200000762939455
v -0.16772974472045898 0.2801071166992188 -0.029200000762939455
v -0.16588588218688965 0.2823505973815918 -0.027200000286102297
v -0.16772974472045898 0.2801071166992188 -0.029200000762939455
v -0.168091015625 0.280503568649292 -0.027200000286102297
v -0.16588588218688965 0.2823505973815918 -0.027200000286102297
v -0.16588588218688965 0.2823505973815918 -0.027200000286102297
v -0.168091015625 0.280503568649292 -0.027200000286102297
v -0.16588588218688965 0.2823505973815918 0.027200000286102297
v -0.168091015625 0.280503568649292 -0.027200000286102297
v -0.168091015625 0.280503568649292 0.027200000286102297
v -0.16588588218688965 0.2823505973815918 0.027200000286102297
v -0.16588588218688965 0.2823505973815918 0.027200000286102297
v -0.168091015625 0.280503568649292 0.027200000286102297
v -0.1655587909698486 0.2819255256652832 0.02919999837875366
v -0.168091015625 0.280503568649292 0.027200000286102297
v -0.16772974472045898 0.2801071166992188 0.02919999837875366
v -0.1655587909698486 0.2819255256652832 0.02919999837875366
v -0.1655587909698486 0.2819255256652832 0.02919999837875366
v -0.16772974472045898 0.2801071166992188 0.02919999837875366
v -0.1646651599884033 0.2807641887664795 0.03066410303115845
v -0.16772974472045898 0.2801071166992188 0.02919999837875366
v -0.16674272994995115 0.2790240001678467 0.03066410303115845
v -0.1646651599884033 0.2807641887664795 0.03066410303115845
v -0.1646651599884033 0.2807641887664795 0.03066410303115845
v -0.16674272994995115 0.2790240001678467 0.03066410303115845
v -0.16344443778991696 0.279177770614624 0.031200001239776613
v -0.16674272994995115 0.2790240001678467 0.03066410303115845
v -0.16539444427490235 0.27754444122314453 0.031200001239776613
v -0.16344443778991696 0.279177770614624 0.031200001239776613
v -0.16539444427490235 0.27754444122314453 -0.031200001239776613
v -0.16719999771118166 0.2757555484771729 -0.031200001239776613
v -0.16674272994995115 0.2790240001678467 -0.030664100646972656
v -0.16719999771118166 0.2757555484771729 -0.031200001239776613
v -0.16866667251586914 0.2771178150177002 -0.030664100646972656
v -0.16674272994995115 0.2790240001678467 -0.030664100646972656
v -0.16674272994995115 0.2790240001678467 -0.030664100646972656
v -0.16866667251586914 0.2771178150177002 -0.030664100646972656
v -0.16772974472045898 0.2801071166992188 -0.029200000762939455
v -0.16866667251586914 0.2771178150177002 -0.030664100646972656
v -0.16974035720825192 0.2781150627136231 -0.029200000762939455
v -0.16772974472045898 0.2801071166992188 -0.029200000762939455
v -0.16772974472045898 0.2801071166992188 -0.029200000762939455
v -0.16974035720825192 0.2781150627136231 -0.029200000762939455
v -0.168091015625 0.280503568649292 -0.027200000286102297
v -0.16974035720825192 0.2781150627136231 -0.029200000762939455
v -0.17013334732055663 0.27848008155822757 -0.027200000286102297
v -0.168091015625 0.280503568649292 -0.027200000286102297
v -0.168091015625 0.280503568649292 -0.027200000286102297
v -0.17013334732055663 0.27848008155822757 -0.027200000286102297
v -0.168091015625 0.280503568649292 0.027200000286102297
v -0.17013334732055663 0.27848008155822757 -0.027200000286102297
v -0.17013334732055663 0.27848008155822757 0.027200000286102297
v -0.168091015625 0.280503568649292 0.027200000286102297
v -0.168091015625 0.280503568649292 0.027200000286102297
v -0.17013334732055663 0.27848008155822757 0.027200000286102297
v -0.16772974472045898 0.2801071166992188 0.02919999837875366
v -0.17013334732055663 0.27848008155822757 0.027200000286102297
v -0.16974035720825192 0.2781150627136231 0.02919999837875366
v -0.16772974472045898 0.2801071166992188 0.02919999837875366
v -0.16772974472045898 0.2801071166992188 0.02919999837875366
v -0.16974035720825192 0.2781150627136231 0.02919999837875366
v -0.16674272994995115 0.2790240001678467 0.03066410303115845
v -0.16974035720825192 0.2781150627136231 0.02919999837875366
v -0.16866667251586914 0.2771178150177002 0.03066410303115845
v -0.16674272994995115 0.2790240001678467 0.03066410303115845
v -0.16674272994995115 0.2790240001678467 0.03066410303115845
v -0.16866667251586914 0.2771178150177002 0.03066410303115845
v -0.16539444427490235 0.27754444122314453 0.031200001239776613
v -0.16866667251586914 0.2771178150177002 0.03066410303115845
v -0.16719999771118166 0.2757555484771729 0.031200001239776613
v -0.16539444427490235 0.27754444122314453 0.031200001239776613
v -0.16719999771118166 0.2757555484771729 -0.031200001239776613
v -0.16886110763549805 0.2738111114501953 -0.031200001239776613
v -0.16866667251586914 0.2771178150177002 -0.030664100646972656
v -0.16886110763549805 0.2738111114501953 -0.031200001239776613
v -0.17043472747802735 0.27504818916320806 -0.030664100646972656
v -0.16866667251586914 0.2771178150177002 -0.030664100646972656
v -0.16866667251586914 0.2771178150177002 -0.030664100646972656
v -0.17043472747802735 0.27504818916320806 -0.030664100646972656
v -0.16974035720825192 0.2781150627136231 -0.029200000762939455
v -0.17043472747802735 0.27504818916320806 -0.030664100646972656
v -0.17158668975830077 0.2759537982940674 -0.029200000762939455
v -0.16974035720825192 0.2781150627136231 -0.029200000762939455
v -0.16974035720825192 0.2781150627136231 -0.029200000762939455
v -0.17158668975830077 0.2759537982940674 -0.029200000762939455
v -0.17013334732055663 0.27848008155822757 -0.027200000286102297
v -0.17158668975830077 0.2759537982940674 -0.029200000762939455
v -0.17200834732055664 0.27628526687622074 -0.027200000286102297
v -0.17013334732055663 0.27848008155822757 -0.027200000286102297
v -0.17013334732055663 0.27848008155822757 -0.027200000286102297
v -0.17200834732055664 0.27628526687622074 -0.027200000286102297
v -0.17013334732055663 0.27848008155822757 0.027200000286102297
v -0.17200834732055664 0.27628526687622074 -0.027200000286102297
v -0.17200834732055664 0.27628526687622074 0.027200000286102297
v -0.17013334732055663 0.27848008155822757 0.027200000286102297
v -0.17013334732055663 0.27848008155822757 0.027200000286102297
v -0.17200834732055664 0.27628526687622074 0.027200000286102297
v -0.16974035720825192 0.2781150627136231 0.02919999837875366
v -0.17200834732055664 0.27628526687622074 0.027200000286102297
v -0.17158668975830077 0.2759537982940674 0.02919999837875366
v -0.16974035720825192 0.2781150627136231 0.02919999837875366
v -0.16974035720825192 0.2781150627136231 0.02919999837875366
v -0.17158668975830077 0.2759537982940674 0.02919999837875366
v -0.16866667251586914 0.2771178150177002 0.03066410303115845
v -0.17158668975830077 0.2759537982940674 0.02919999837875366
v -0.17043472747802735 0.27504818916320806 0.03066410303115845
v -0.16866667251586914 0.2771178150177002 0.03066410303115845
v -0.16866667251586914 0.2771178150177002 0.03066410303115845
v -0.17043472747802735 0.27504818916320806 0.03066410303115845
v -0.16719999771118166 0.2757555484771729 0.031200001239776613
v -0.17043472747802735 0.27504818916320806 0.03066410303115845
v -0.16886110763549805 0.2738111114501953 0.031200001239776613
v -0.16719999771118166 0.2757555484771729 0.031200001239776613
v -0.16886110763549805 0.2738111114501953 -0.031200001239776613
v -0.17037777404785154 0.2717111110687256 -0.031200001239776613
v -0.17043472747802735 0.27504818916320806 -0.030664100646972656
v -0.17037777404785154 0.2717111110687256 -0.031200001239776613
v -0.17204536895751954 0.2728180694580078 -0.030664100646972656
v -0.17043472747802735 0.27504818916320806 -0.030664100646972656
v -0.17043472747802735 0.27504818916320806 -0.030664100646972656
v -0.17204536895751954 0.2728180694580078 -0.030664100646972656
v -0.17158668975830077 0.2759537982940674 -0.029200000762939455
v -0.17204536895751954 0.2728180694580078 -0.030664100646972656
v -0.17326612930297852 0.27362841606140137 -0.029200000762939455
v -0.17158668975830077 0.2759537982940674 -0.029200000762939455
v -0.17158668975830077 0.2759537982940674 -0.029200000762939455
v -0.17326612930297852 0.27362841606140137 -0.029200000762939455
v -0.17200834732055664 0.27628526687622074 -0.027200000286102297
v -0.17326612930297852 0.27362841606140137 -0.029200000762939455
v -0.1737129638671875 0.27392502784729006 -0.027200000286102297
v -0.17200834732055664 0.27628526687622074 -0.027200000286102297
v -0.17200834732055664 0.27628526687622074 -0.027200000286102297
v -0.1737129638671875 0.27392502784729006 -0.027200000286102297
v -0.17200834732055664 0.27628526687622074 0.027200000286102297
v -0.1737129638671875 0.27392502784729006 -0.027200000286102297
v -0.1737129638671875 0.27392502784729006 0.027200000286102297
v -0.17200834732055664 0.27628526687622074 0.027200000286102297
v -0.17200834732055664 0.27628526687622074 0.027200000286102297
v -0.1737129638671875 0.27392502784729006 0.027200000286102297
v -0.17158668975830077 0.2759537982940674 0.02919999837875366
v -0.1737129638671875 0.27392502784729006 0.027200000286102297
v -0.17326612930297852 0.27362841606140137 0.02919999837875366
v -0.17158668975830077 0.2759537982940674 0.02919999837875366
v -0.17158668975830077 0.2759537982940674 0.02919999837875366
v -0.17326612930297852 0.27362841606140137 0.02919999837875366
v -0.17043472747802735 0.27504818916320806 0.03066410303115845
v -0.17326612930297852 0.27362841606140137 0.02919999837875366
v -0.17204536895751954 0.2728180694580078 0.03066410303115845
v -0.17043472747802735 0.27504818916320806 0.03066410303115845
v -0.17043472747802735 0.27504818916320806 0.03066410303115845
v -0.17204536895751954 0.2728180694580078 0.03066410303115845
v -0.16886110763549805 0.2738111114501953 0.031200001239776613
v -0.17204536895751954 0.2728180694580078 0.03066410303115845
v -0.17037777404785154 0.2717111110687256 0.031200001239776613
v -0.16886110763549805 0.2738111114501953 0.031200001239776613
v -0.17037777404785154 0.2717111110687256 -0.031200001239776613
v -0.17174999694824217 0.26945554733276367 -0.031200001239776613
v -0.17204536895751954 0.2728180694580078 -0.030664100646972656
v -0.17174999694824217 0.26945554733276367 -0.031200001239776613
v -0.17349792938232422 0.2704304599761963 -0.030664100646972656
v -0.17204536895751954 0.2728180694580078 -0.030664100646972656
v -0.17204536895751954 0.2728180694580078 -0.030664100646972656
v -0.17349792938232422 0.2704304599761963 -0.030664100646972656
v -0.17326612930297852 0.27362841606140137 -0.029200000762939455
v -0.17349792938232422 0.2704304599761963 -0.030664100646972656
v -0.17477751235961914 0.2711441421508789 -0.029200000762939455
v -0.17326612930297852 0.27362841606140137 -0.029200000762939455
v -0.17326612930297852 0.27362841606140137 -0.029200000762939455
v -0.17477751235961914 0.2711441421508789 -0.029200000762939455
v -0.1737129638671875 0.27392502784729006 -0.027200000286102297
v -0.17477751235961914 0.2711441421508789 -0.029200000762939455
v -0.17524586181640622 0.27140537261962894 -0.027200000286102297
v -0.1737129638671875 0.27392502784729006 -0.027200000286102297
v -0.1737129638671875 0.27392502784729006 -0.027200000286102297
v -0.17524586181640622 0.27140537261962894 -0.027200000286102297
v -0.1737129638671875 0.27392502784729006 0.027200000286102297
v -0.17524586181640622 0.27140537261962894 -0.027200000286102297
v -0.17524586181640622 0.27140537261962894 0.027200000286102297
v -0.1737129638671875 0.27392502784729006 0.027200000286102297
v -0.1737129638671875 0.27392502784729006 0.027200000286102297
v -0.17524586181640622 0.27140537261962894 0.027200000286102297
v -0.17326612930297852 0.27362841606140137 0.02919999837875366
v -0.17524586181640622 0.27140537261962894 0.027200000286102297
v -0.17477751235961914 0.2711441421508789 0.02919999837875366
v -0.17326612930297852 0.27362841606140137 0.02919999837875366
v -0.17326612930297852 0.27362841606140137 0.02919999837875366
v -0.17477751235961914 0.2711441421508789 0.02919999837875366
v -0.17204536895751954 0.2728180694580078 0.03066410303115845
v -0.17477751235961914 0.2711441421508789 0.02919999837875366
v -0.17349792938232422 0.2704304599761963 0.03066410303115845
v -0.17204536895751954 0.2728180694580078 0.03066410303115845
v -0.17204536895751954 0.2728180694580078 0.03066410303115845
v -0.17349792938232422 0.2704304599761963 0.03066410303115845
v -0.17037777404785154 0.2717111110687256 0.031200001239776613
v -0.17349792938232422 0.2704304599761963 0.03066410303115845
v -0.17174999694824217 0.26945554733276367 0.031200001239776613
v -0.17037777404785154 0.2717111110687256 0.031200001239776613
v -0.17174999694824217 0.26945554733276367 -0.031200001239776613
v -0.1729777763366699 0.2670444393157959 -0.031200001239776613
v -0.17349792938232422 0.2704304599761963 -0.030664100646972656
v -0.1729777763366699 0.2670444393157959 -0.031200001239776613
v -0.17479252319335936 0.26788815498352053 -0.030664100646972656
v -0.17349792938232422 0.2704304599761963 -0.030664100646972656
v -0.17349792938232422 0.2704304599761963 -0.030664100646972656
v -0.17479252319335936 0.26788815498352053 -0.030664100646972656
v -0.17477751235961914 0.2711441421508789 -0.029200000762939455
v -0.17479252319335936 0.26788815498352053 -0.030664100646972656
v -0.17612099151611327 0.26850579261779783 -0.029200000762939455
v -0.17477751235961914 0.2711441421508789 -0.029200000762939455
v -0.17477751235961914 0.2711441421508789 -0.029200000762939455
v -0.17612099151611327 0.26850579261779783 -0.029200000762939455
v -0.17524586181640622 0.27140537261962894 -0.027200000286102297
v -0.17612099151611327 0.26850579261779783 -0.029200000762939455
v -0.1766072509765625 0.268731861114502 -0.027200000286102297
v -0.17524586181640622 0.27140537261962894 -0.027200000286102297
v -0.17524586181640622 0.27140537261962894 -0.027200000286102297
v -0.1766072509765625 0.268731861114502 -0.027200000286102297
v -0.17524586181640622 0.27140537261962894 0.027200000286102297
v -0.1766072509765625 0.268731861114502 -0.027200000286102297
v -0.1766072509765625 0.268731861114502 0.027200000286102297
v -0.17524586181640622 0.27140537261962894 0.027200000286102297
v -0.17524586181640622 0.27140537261962894 0.027200000286102297
v -0.1766072509765625 0.268731861114502 0.027200000286102297
v -0.17477751235961914 0.2711441421508789 0.02919999837875366
v -0.1766072509765625 0.268731861114502 0.027200000286102297
v -0.17612099151611327 0.26850579261779783 0.02919999837875366
v -0.17477751235961914 0.2711441421508789 0.02919999837875366
v -0.17477751235961914 0.2711441421508789 0.02919999837875366
v -0.17612099151611327 0.26850579261779783 0.02919999837875366
v -0.17349792938232422 0.2704304599761963 0.03066410303115845
v -0.17612099151611327 0.26850579261779783 0.02919999837875366
v -0.17479252319335936 0.26788815498352053 0.03066410303115845
v -0.17349792938232422 0.2704304599761963 0.03066410303115845
v -0.17349792938232422 0.2704304599761963 0.03066410303115845
v -0.17479252319335936 0.26788815498352053 0.03066410303115845
v -0.17174999694824217 0.26945554733276367 0.031200001239776613
v -0.17479252319335936 0.26788815498352053 0.03066410303115845
v -0.1729777763366699 0.2670444393157959 0.031200001239776613
v -0.17174999694824217 0.26945554733276367 0.031200001239776613
v -0.1729777763366699 0.2670444393157959 -0.031200001239776613
v -0.17406111221313475 0.26447777748107915 -0.031200001239776613
v -0.17479252319335936 0.26788815498352053 -0.030664100646972656
v -0.17406111221313475 0.26447777748107915 -0.031200001239776613
v -0.17592987518310543 0.2651934909820557 -0.030664100646972656
v -0.17479252319335936 0.26788815498352053 -0.030664100646972656
v -0.17479252319335936 0.26788815498352053 -0.030664100646972656
v -0.17592987518310543 0.2651934909820557 -0.030664100646972656
v -0.17612099151611327 0.26850579261779783 -0.029200000762939455
v -0.17592987518310543 0.2651934909820557 -0.030664100646972656
v -0.1772979019165039 0.2657174396514893 -0.029200000762939455
v -0.17612099151611327 0.26850579261779783 -0.029200000762939455
v -0.17612099151611327 0.26850579261779783 -0.029200000762939455
v -0.1772979019165039 0.2657174396514893 -0.029200000762939455
v -0.1766072509765625 0.268731861114502 -0.027200000286102297
v -0.1772979019165039 0.2657174396514893 -0.029200000762939455
v -0.17779863815307617 0.2659092140197754 -0.027200000286102297
v -0.1766072509765625 0.268731861114502 -0.027200000286102297
v -0.1766072509765625 0.268731861114502 -0.027200000286102297
v -0.17779863815307617 0.2659092140197754 -0.027200000286102297
v -0.1766072509765625 0.268731861114502 0.027200000286102297
v -0.17779863815307617 0.2659092140197754 -0.027200000286102297
v -0.17779863815307617 0.2659092140197754 0.027200000286102297
v -0.1766072509765625 0.268731861114502 0.027200000286102297
v -0.1766072509765625 0.268731861114502 0.027200000286102297
v -0.17779863815307617 0.2659092140197754 0.027200000286102297
v -0.17612099151611327 0.26850579261779783 0.02919999837875366
v -0.17779863815307617 0.2659092140197754 0.027200000286102297
v -0.1772979019165039 0.2657174396514893 0.02919999837875366
v -0.17612099151611327 0.26850579261779783 0.02919999837875366
v -0.17612099151611327 0.26850579261779783 0.02919999837875366
v -0.1772979019165039 0.2657174396514893 0.02919999837875366
v -0.17479252319335936 0.26788815498352053 0.03066410303115845
v -0.1772979019165039 0.2657174396514893 0.02919999837875366
v -0.17592987518310543 0.2651934909820557 0.03066410303115845
v -0.17479252319335936 0.26788815498352053 0.03066410303115845
v -0.17479252319335936 0.26788815498352053 0.03066410303115845
v -0.17592987518310543 0.2651934909820557 0.03066410303115845
v -0.1729777763366699 0.2670444393157959 0.031200001239776613
v -0.17592987518310543 0.2651934909820557 0.03066410303115845
v -0.17406111221313475 0.26447777748107915 0.031200001239776613
v -0.1729777763366699 0.2670444393157959 0.031200001239776613
v -0.17406111221313475 0.26447777748107915 -0.031200001239776613
v -0.1750000045776367 0.26175555229187014 -0.031200001239776613
v -0.17592987518310543 0.2651934909820557 -0.030664100646972656
v -0.1750000045776367 0.26175555229187014 -0.031200001239776613
v -0.17691116790771483 0.2623482894897461 -0.030664100646972656
v -0.17592987518310543 0.2651934909820557 -0.030664100646972656
v -0.17592987518310543 0.2651934909820557 -0.030664100646972656
v -0.17691116790771483 0.2623482894897461 -0.030664100646972656
v -0.1772979019165039 0.2657174396514893 -0.029200000762939455
v -0.17691116790771483 0.2623482894897461 -0.030664100646972656
v -0.17831024627685543 0.26278221130371093 -0.029200000762939455
v -0.1772979019165039 0.2657174396514893 -0.029200000762939455
v -0.1772979019165039 0.2657174396514893 -0.029200000762939455
v -0.17831024627685543 0.26278221130371093 -0.029200000762939455
v -0.17779863815307617 0.2659092140197754 -0.027200000286102297
v -0.17831024627685543 0.26278221130371093 -0.029200000762939455
v -0.1788223503112793 0.26294103622436527 -0.027200000286102297
v -0.17779863815307617 0.2659092140197754 -0.027200000286102297
v -0.17779863815307617 0.2659092140197754 -0.027200000286102297
v -0.1788223503112793 0.26294103622436527 -0.027200000286102297
v -0.17779863815307617 0.2659092140197754 0.027200000286102297
v -0.1788223503112793 0.26294103622436527 -0.027200000286102297
v -0.1788223503112793 0.26294103622436527 0.027200000286102297
v -0.17779863815307617 0.2659092140197754 0.027200000286102297
v -0.17779863815307617 0.2659092140197754 0.027200000286102297
v -0.1788223503112793 0.26294103622436527 0.027200000286102297
v -0.1772979019165039 0.2657174396514893 0.02919999837875366
v -0.1788223503112793 0.26294103622436527 0.027200000286102297
v -0.17831024627685543 0.26278221130371093 0.02919999837875366
v -0.1772979019165039 0.2657174396514893 0.02919999837875366
v -0.1772979019165039 0.2657174396514893 0.02919999837875366
v -0.17831024627685543 0.26278221130371093 0.02919999837875366
v -0.17592987518310543 0.2651934909820557 0.03066410303115845
v -0.17831024627685543 0.26278221130371093 0.02919999837875366
v -0.17691116790771483 0.2623482894897461 0.03066410303115845
v -0.17592987518310543 0.2651934909820557 0.03066410303115845
v -0.17592987518310543 0.2651934909820557 0.03066410303115845
v -0.17691116790771483 0.2623482894897461 0.03066410303115845
v -0.17406111221313475 0.26447777748107915 0.031200001239776613
v -0.17691116790771483 0.2623482894897461 0.03066410303115845
v -0.1750000045776367 0.26175555229187014 0.031200001239776613
v -0.17406111221313475 0.26447777748107915 0.031200001239776613
v -0.1750000045776367 0.26175555229187014 -0.031200001239776613
v -0.17579443435668946 0.2588777732849121 -0.031200001239776613
v -0.17691116790771483 0.2623482894897461 -0.030664100646972656
v -0.17579443435668946 0.2588777732849121 -0.031200001239776613
v -0.1777378318786621 0.2593538188934326 -0.030664100646972656
v -0.17691116790771483 0.2623482894897461 -0.030664100646972656
v -0.17691116790771483 0.2623482894897461 -0.030664100646972656
v -0.1777378318786621 0.2593538188934326 -0.030664100646972656
v -0.17831024627685543 0.26278221130371093 -0.029200000762939455
v -0.1777378318786621 0.2593538188934326 -0.030664100646972656
v -0.17916050415039064 0.25970230102539066 -0.029200000762939455
v -0.17831024627685543 0.26278221130371093 -0.029200000762939455
v -0.17831024627685543 0.26278221130371093 -0.029200000762939455
v -0.17916050415039064 0.25970230102539066 -0.029200000762939455
v -0.1788223503112793 0.26294103622436527 -0.027200000286102297
v -0.17916050415039064 0.25970230102539066 -0.029200000762939455
v -0.17968122940063475 0.25982985496521 -0.027200000286102297
v -0.1788223503112793 0.26294103622436527 -0.027200000286102297
v -0.1788223503112793 0.26294103622436527 -0.027200000286102297
v -0.17968122940063475 0.25982985496521 -0.027200000286102297
v -0.1788223503112793 0.26294103622436527 0.027200000286102297
v -0.17968122940063475 0.25982985496521 -0.027200000286102297
v -0.17968122940063475 0.25982985496521 0.027200000286102297
v -0.1788223503112793 0.26294103622436527 0.027200000286102297
v -0.1788223503112793 0.26294103622436527 0.027200000286102297
v -0.17968122940063475 0.25982985496521 0.027200000286102297
v -0.17831024627685543 0.26278221130371093 0.02919999837875366
v -0.17968122940063475 0.25982985496521 0.027200000286102297
v -0.17916050415039064 0.25970230102539066 0.02919999837875366
v -0.17831024627685543 0.26278221130371093 0.02919999837875366
v -0.17831024627685543 0.26278221130371093 0.02919999837875366
v -0.17916050415039064 0.25970230102539066 0.02919999837875366
v -0.17691116790771483 0.2623482894897461 0.03066410303115845
v -0.17916050415039064 0.25970230102539066 0.02919999837875366
v -0.1777378318786621 0.2593538188934326 0.03066410303115845
v -0.17691116790771483 0.2623482894897461 0.03066410303115845
v -0.17691116790771483 0.2623482894897461 0.03066410303115845
v -0.1777378318786621 0.2593538188934326 0.03066410303115845
v -0.1750000045776367 0.26175555229187014 0.031200001239776613
v -0.1777378318786621 0.2593538188934326 0.03066410303115845
v -0.17579443435668946 0.2588777732849121 0.031200001239776613
v -0.1750000045776367 0.26175555229187014 0.031200001239776613
v -0.17579443435668946 0.2588777732849121 -0.031200001239776613
v -0.17644443969726564 0.2558444404602051 -0.031200001239776613
v -0.1777378318786621 0.2593538188934326 -0.030664100646972656
v -0.17644443969726564 0.2558444404602051 -0.031200001239776613
v -0.1784113357543945 0.2562108135223389 -0.030664100646972656
v -0.1777378318786621 0.2593538188934326 -0.030664100646972656
v -0.1777378318786621 0.2593538188934326 -0.030664100646972656
v -0.1784113357543945 0.2562108135223389 -0.030664100646972656
v -0.17916050415039064 0.25970230102539066 -0.029200000762939455
v -0.1784113357543945 0.2562108135223389 -0.030664100646972656
v -0.1798511932373047 0.25647902488708496 -0.029200000762939455
v -0.17916050415039064 0.25970230102539066 -0.029200000762939455
v -0.17916050415039064 0.25970230102539066 -0.029200000762939455
v -0.1798511932373047 0.25647902488708496 -0.029200000762939455
v -0.17968122940063475 0.25982985496521 -0.027200000286102297
v -0.1798511932373047 0.25647902488708496 -0.029200000762939455
v -0.1803782318115234 0.2565771961212158 -0.027200000286102297
v -0.17968122940063475 0.25982985496521 -0.027200000286102297
v -0.17968122940063475 0.25982985496521 -0.027200000286102297
v -0.1803782318115234 0.2565771961212158 -0.027200000286102297
v -0.17968122940063475 0.25982985496521 0.027200000286102297
v -0.1803782318115234 0.2565771961212158 -0.027200000286102297
v -0.1803782318115234 0.2565771961212158 0.027200000286102297
v -0.17968122940063475 0.25982985496521 0.027200000286102297
v -0.17968122940063475 0.25982985496521 0.027200000286102297
v -0.1803782318115234 0.2565771961212158 0.027200000286102297
v -0.17916050415039064 0.25970230102539066 0.02919999837875366
v -0.1803782318115234 0.2565771961212158 0.027200000286102297
v -0.1798511932373047 0.25647902488708496 0.02919999837875366
v -0.17916050415039064 0.25970230102539066 0.02919999837875366
v -0.17916050415039064 0.25970230102539066 0.02919999837875366
v -0.1798511932373047 0.25647902488708496 0.02919999837875366
v -0.1777378318786621 0.2593538188934326 0.03066410303115845
v -0.1798511932373047 0.25647902488708496 0.02919999837875366
v -0.1784113357543945 0.2562108135223389 0.03066410303115845
v -0.1777378318786621 0.2593538188934326 0.03066410303115845
v -0.1777378318786621 0.2593538188934326 0.03066410303115845
v -0.1784113357543945 0.2562108135223389 0.03066410303115845
v -0.17579443435668946 0.2588777732849121 0.031200001239776613
v -0.1784113357543945 0.2562108135223389 0.03066410303115845
v -0.17644443969726564 0.2558444404602051 0.031200001239776613
v -0.17579443435668946 0.2588777732849121 0.031200001239776613
v -0.17644443969726564 0.2558444404602051 -0.031200001239776613
v -0.17695000152587892 0.25265555381774907 -0.031200001239776613
v -0.1784113357543945 0.2562108135223389 -0.030664100646972656
v -0.17695000152587892 0.25265555381774907 -0.031200001239776613
v -0.17893311004638673 0.25291964530944827 -0.030664100646972656
v -0.1784113357543945 0.2562108135223389 -0.030664100646972656
v -0.1784113357543945 0.2562108135223389 -0.030664100646972656
v -0.17893311004638673 0.25291964530944827 -0.030664100646972656
v -0.1798511932373047 0.25647902488708496 -0.029200000762939455
v -0.17893311004638673 0.25291964530944827 -0.030664100646972656
v -0.18038485031127927 0.2531129741668701 -0.029200000762939455
v -0.1798511932373047 0.25647902488708496 -0.029200000762939455
v -0.1798511932373047 0.25647902488708496 -0.029200000762939455
v -0.18038485031127927 0.2531129741668701 -0.029200000762939455
v -0.1803782318115234 0.2565771961212158 -0.027200000286102297
v -0.18038485031127927 0.2531129741668701 -0.029200000762939455
v -0.18091621856689455 0.2531837368011475 -0.027200000286102297
v -0.1803782318115234 0.2565771961212158 -0.027200000286102297
v -0.1803782318115234 0.2565771961212158 -0.027200000286102297
v -0.18091621856689455 0.2531837368011475 -0.027200000286102297
v -0.1803782318115234 0.2565771961212158 0.027200000286102297
v -0.18091621856689455 0.2531837368011475 -0.027200000286102297
v -0.18091621856689455 0.2531837368011475 0.027200000286102297
v -0.1803782318115234 0.2565771961212158 0.027200000286102297
v -0.1803782318115234 0.2565771961212158 0.027200000286102297
v -0.18091621856689455 0.2531837368011475 0.027200000286102297
v -0.1798511932373047 0.25647902488708496 0.02919999837875366
v -0.18091621856689455 0.2531837368011475 0.027200000286102297
v -0.18038485031127927 0.2531129741668701 0.02919999837875366
v -0.1798511932373047 0.25647902488708496 0.02919999837875366
v -0.1798511932373047 0.25647902488708496 0.02919999837875366
v -0.18038485031127927 0.2531129741668701 0.02919999837875366
v -0.1784113357543945 0.2562108135223389 0.03066410303115845
v -0.18038485031127927 0.2531129741668701 0.02919999837875366
v -0.17893311004638673 0.25291964530944827 0.03066410303115845
v -0.1784113357543945 0.2562108135223389 0.03066410303115845
v -0.1784113357543945 0.2562108135223389 0.03066410303115845
v -0.17893311004638673 0.25291964530944827 0.03066410303115845
v -0.17644443969726564 0.2558444404602051 0.031200001239776613
v -0.17893311004638673 0.25291964530944827 0.03066410303115845
v -0.17695000152587892 0.25265555381774907 0.031200001239776613
v -0.17644443969726564 0.2558444404602051 0.031200001239776613
v -0.17695000152587892 0.25265555381774907 -0.031200001239776613
v -0.17731110076904294 0.2493111038208008 -0.031200001239776613
v -0.17893311004638673 0.25291964530944827 -0.030664100646972656
v -0.17731110076904294 0.2493111038208008 -0.031200001239776613
v -0.17930445175170895 0.2494803333282471 -0.030664100646972656
v -0.17893311004638673 0.25291964530944827 -0.030664100646972656
v -0.17893311004638673 0.25291964530944827 -0.030664100646972656
v -0.17930445175170895 0.2494803333282471 -0.030664100646972656
v -0.18038485031127927 0.2531129741668701 -0.029200000762939455
v -0.17930445175170895 0.2494803333282471 -0.030664100646972656
v -0.18076368789672853 0.24960421562194826 -0.029200000762939455
v -0.18038485031127927 0.2531129741668701 -0.029200000762939455
v -0.18038485031127927 0.2531129741668701 -0.029200000762939455
v -0.18076368789672853 0.24960421562194826 -0.029200000762939455
v -0.18091621856689455 0.2531837368011475 -0.027200000286102297
v -0.18076368789672853 0.24960421562194826 -0.029200000762939455
v -0.1812978218078613 0.24964955329895022 -0.027200000286102297
v -0.18091621856689455 0.2531837368011475 -0.027200000286102297
v -0.18091621856689455 0.2531837368011475 -0.027200000286102297
v -0.1812978218078613 0.24964955329895022 -0.027200000286102297
v -0.18091621856689455 0.2531837368011475 0.027200000286102297
v -0.1812978218078613 0.24964955329895022 -0.027200000286102297
v -0.1812978218078613 0.24964955329895022 0.027200000286102297
v -0.18091621856689455 0.2531837368011475 0.027200000286102297
v -0.18091621856689455 0.2531837368011475 0.027200000286102297
v -0.1812978218078613 0.24964955329895022 0.027200000286102297
v -0.18038485031127927 0.2531129741668701 0.02919999837875366
v -0.1812978218078613 0.24964955329895022 0.027200000286102297
v -0.18076368789672853 0.24960421562194826 0.02919999837875366
v -0.18038485031127927 0.2531129741668701 0.02919999837875366
v -0.18038485031127927 0.2531129741668701 0.02919999837875366
v -0.18076368789672853 0.24960421562194826 0.02919999837875366
v -0.17893311004638673 0.25291964530944827 0.03066410303115845
v -0.18076368789672853 0.24960421562194826 0.02919999837875366
v -0.17930445175170895 0.2494803333282471 0.03066410303115845
v -0.17893311004638673 0.25291964530944827 0.03066410303115845
v -0.17893311004638673 0.25291964530944827 0.03066410303115845
v -0.17930445175170895 0.2494803333282471 0.03066410303115845
v -0.17695000152587892 0.25265555381774907 0.031200001239776613
v -0.17930445175170895 0.2494803333282471 0.03066410303115845
v -0.17731110076904294 0.2493111038208008 0.031200001239776613
v -0.17695000152587892 0.25265555381774907 0.031200001239776613
v -0.17731110076904294 0.2493111038208008 -0.031200001239776613
v -0.17752777557373045 0.24581110954284668 -0.031200001239776613
v -0.17930445175170895 0.2494803333282471 -0.030664100646972656
v -0.17752777557373045 0.24581110954284668 -0.031200001239776613
v -0.1795265625 0.24589268684387208 -0.030664100646972656
v -0.17930445175170895 0.2494803333282471 -0.030664100646972656
v -0.17930445175170895 0.2494803333282471 -0.030664100646972656
v -0.1795265625 0.24589268684387208 -0.030664100646972656
v -0.18076368789672853 0.24960421562194826 -0.029200000762939455
v -0.1795265625 0.24589268684387208 -0.030664100646972656
v -0.1809897659301758 0.2459523963928223 -0.029200000762939455
v -0.18076368789672853 0.24960421562194826 -0.029200000762939455
v -0.18076368789672853 0.24960421562194826 -0.029200000762939455
v -0.1809897659301758 0.2459523963928223 -0.029200000762939455
v -0.1812978218078613 0.24964955329895022 -0.027200000286102297
v -0.1809897659301758 0.2459523963928223 -0.029200000762939455
v -0.18152533035278318 0.2459742546081543 -0.027200000286102297
v -0.1812978218078613 0.24964955329895022 -0.027200000286102297
v -0.1812978218078613 0.24964955329895022 -0.027200000286102297
v -0.18152533035278318 0.2459742546081543 -0.027200000286102297
v -0.1812978218078613 0.24964955329895022 0.027200000286102297
v -0.18152533035278318 0.2459742546081543 -0.027200000286102297
v -0.18152533035278318 0.2459742546081543 0.027200000286102297
v -0.1812978218078613 0.24964955329895022 0.027200000286102297
v -0.1812978218078613 0.24964955329895022 0.027200000286102297
v -0.18152533035278318 0.2459742546081543 0.027200000286102297
v -0.18076368789672853 0.24960421562194826 0.02919999837875366
v -0.18152533035278318 0.2459742546081543 0.027200000286102297
v -0.1809897659301758 0.2459523963928223 0.02919999837875366
v -0.18076368789672853 0.24960421562194826 0.02919999837875366
v -0.18076368789672853 0.24960421562194826 0.02919999837875366
v -0.1809897659301758 0.2459523963928223 0.02919999837875366
v -0.17930445175170895 0.2494803333282471 0.03066410303115845
v -0.1809897659301758 0.2459523963928223 0.02919999837875366
v -0.1795265625 0.24589268684387208 0.03066410303115845
v -0.17930445175170895 0.2494803333282471 0.03066410303115845
v -0.17930445175170895 0.2494803333282471 0.03066410303115845
v -0.1795265625 0.24589268684387208 0.03066410303115845
v -0.17731110076904294 0.2493111038208008 0.031200001239776613
v -0.1795265625 0.24589268684387208 0.03066410303115845
v -0.17752777557373045 0.24581110954284668 0.031200001239776613
v -0.17731110076904294 0.2493111038208008 0.031200001239776613
v -0.17752777557373045 0.24581110954284668 -0.031200001239776613
v -0.17759998779296876 0.2421555519104004 -0.031200001239776613
v -0.1795265625 0.24589268684387208 -0.030664100646972656
v -0.17759998779296876 0.2421555519104004 -0.031200001239776613
v -0.17959999542236327 0.24217530250549318 -0.030664100646972656
v -0.1795265625 0.24589268684387208 -0.030664100646972656
v -0.1795265625 0.24589268684387208 -0.030664100646972656
v -0.17959999542236327 0.24217530250549318 -0.030664100646972656
v -0.1809897659301758 0.2459523963928223 -0.029200000762939455
v -0.17959999542236327 0.24217530250549318 -0.030664100646972656
v -0.1810640953063965 0.24218976974487305 -0.029200000762939455
v -0.1809897659301758 0.2459523963928223 -0.029200000762939455
v -0.1809897659301758 0.2459523963928223 -0.029200000762939455
v -0.1810640953063965 0.24218976974487305 -0.029200000762939455
v -0.18152533035278318 0.2459742546081543 -0.027200000286102297
v -0.1810640953063965 0.24218976974487305 -0.029200000762939455
v -0.18160000305175783 0.2421950626373291 -0.027200000286102297
v -0.18152533035278318 0.2459742546081543 -0.027200000286102297
v -0.18152533035278318 0.2459742546081543 -0.027200000286102297
v -0.18160000305175783 0.2421950626373291 -0.027200000286102297
v -0.18152533035278318 0.2459742546081543 0.027200000286102297
v -0.18160000305175783 0.2421950626373291 -0.027200000286102297
v -0.18160000305175783 0.2421950626373291 0.027200000286102297
v -0.18152533035278318 0.2459742546081543 0.027200000286102297
v -0.18152533035278318 0.2459742546081543 0.027200000286102297
v -0.18160000305175783 0.2421950626373291 0.027200000286102297
v -0.1809897659301758 0.2459523963928223 0.02919999837875366
v -0.18160000305175783 0.2421950626373291 0.027200000286102297
v -0.1810640953063965 0.24218976974487305 0.02919999837875366
v -0.1809897659301758 0.2459523963928223 0.02919999837875366
v -0.1809897659301758 0.2459523963928223 0.02919999837875366
v -0.1810640953063965 0.24218976974487305 0.02919999837875366
v -0.1795265625 0.24589268684387208 0.03066410303115845
v -0.1810640953063965 0.24218976974487305 0.02919999837875366
v -0.17959999542236327 0.24217530250549318 0.03066410303115845
v -0.1795265625 0.24589268684387208 0.03066410303115845
v -0.1795265625 0.24589268684387208 0.03066410303115845
v -0.17959999542236327 0.24217530250549318 0.03066410303115845
v -0.17752777557373045 0.24581110954284668 0.031200001239776613
v -0.17959999542236327 0.24217530250549318 0.03066410303115845
v -0.17759998779296876 0.2421555519104004 0.031200001239776613
v -0.17752777557373045 0.24581110954284668 0.031200001239776613
v -0.17759998779296876 0.2421555519104004 -0.031200001239776613
v -0.17759998779296876 0.18295555114746095 -0.031200001239776613
v -0.17959999542236327 0.24217530250549318 -0.030664100646972656
v -0.17759998779296876 0.18295555114746095 -0.031200001239776613
v -0.17887562255859374 0.18043111205101015 -0.030664100646972656
v -0.17959999542236327 0.24217530250549318 -0.030664100646972656
v -0.17959999542236327 0.24217530250549318 -0.030664100646972656
v -0.17887562255859374 0.18043111205101015 -0.030664100646972656
v -0.1810640953063965 0.24218976974487305 -0.029200000762939455
v -0.17887562255859374 0.18043111205101015 -0.030664100646972656
v -0.1798094413757324 0.17858309388160706 -0.029200000762939455
v -0.1810640953063965 0.24218976974487305 -0.029200000762939455
v -0.1810640953063965 0.24218976974487305 -0.029200000762939455
v -0.1798094413757324 0.17858309388160706 -0.029200000762939455
v -0.18160000305175783 0.2421950626373291 -0.027200000286102297
v -0.1798094413757324 0.17858309388160706 -0.029200000762939455
v -0.18015123825073243 0.17790667295455934 -0.027200000286102297
v -0.18160000305175783 0.2421950626373291 -0.027200000286102297
v -0.18160000305175783 0.2421950626373291 -0.027200000286102297
v -0.18015123825073243 0.17790667295455934 -0.027200000286102297
v -0.18160000305175783 0.2421950626373291 0.027200000286102297
v -0.18015123825073243 0.17790667295455934 -0.027200000286102297
v -0.18015123825073243 0.17790667295455934 0.027200000286102297
v -0.18160000305175783 0.2421950626373291 0.027200000286102297
v -0.18160000305175783 0.2421950626373291 0.027200000286102297
v -0.18015123825073243 0.17790667295455934 0.027200000286102297
v -0.1810640953063965 0.24218976974487305 0.02919999837875366
v -0.18015123825073243 0.17790667295455934 0.027200000286102297
v -0.1798094413757324 0.17858309388160706 0.02919999837875366
v -0.1810640953063965 0.24218976974487305 0.02919999837875366
v -0.1810640953063965 0.24218976974487305 0.02919999837875366
v -0.1798094413757324 0.17858309388160706 0.02919999837875366
v -0.17959999542236327 0.24217530250549318 0.03066410303115845
v -0.1798094413757324 0.17858309388160706 0.02919999837875366
v -0.17887562255859374 0.18043111205101015 0.03066410303115845
v -0.17959999542236327 0.24217530250549318 0.03066410303115845
v -0.17959999542236327 0.24217530250549318 0.03066410303115845
v -0.17887562255859374 0.18043111205101015 0.03066410303115845
v -0.17759998779296876 0.2421555519104004 0.031200001239776613
v -0.17887562255859374 0.18043111205101015 0.03066410303115845
v -0.17759998779296876 0.18295555114746095 0.031200001239776613
v -0.17759998779296876 0.2421555519104004 0.031200001239776613
v -0.17759998779296876 0.18295555114746095 -0.031200001239776613
v -0.10159999351501464 0.23895555019378661 -0.031200001239776613
v -0.17887562255859374 0.18043111205101015 -0.030664100646972656
v -0.10159999351501464 0.23895555019378661 -0.031200001239776613
v -0.10094273071289062 0.23695555210113528 -0.030664100646972656
v -0.17887562255859374 0.18043111205101015 -0.030664100646972656
v -0.17887562255859374 0.18043111205101015 -0.030664100646972656
v -0.10094273071289062 0.23695555210113528 -0.030664100646972656
v -0.1798094413757324 0.17858309388160706 -0.029200000762939455
v -0.10094273071289062 0.23695555210113528 -0.030664100646972656
v -0.10046158294677733 0.23549145221710205 -0.029200000762939455
v -0.1798094413757324 0.17858309388160706 -0.029200000762939455
v -0.1798094413757324 0.17858309388160706 -0.029200000762939455
v -0.10046158294677733 0.23549145221710205 -0.029200000762939455
v -0.18015123825073243 0.17790667295455934 -0.027200000286102297
v -0.10046158294677733 0.23549145221710205 -0.029200000762939455
v -0.10028546791076659 0.2349555540084839 -0.027200000286102297
v -0.18015123825073243 0.17790667295455934 -0.027200000286102297
v -0.18015123825073243 0.17790667295455934 -0.027200000286102297
v -0.10028546791076659 0.2349555540084839 -0.027200000286102297
v -0.18015123825073243 0.17790667295455934 0.027200000286102297
v -0.10028546791076659 0.2349555540084839 -0.027200000286102297
v -0.10028546791076659 0.2349555540084839 0.027200000286102297
v -0.18015123825073243 0.17790667295455934 0.027200000286102297
v -0.18015123825073243 0.17790667295455934 0.027200000286102297
v -0.10028546791076659 0.2349555540084839 0.027200000286102297
v -0.1798094413757324 0.17858309388160706 0.02919999837875366
v -0.10028546791076659 0.2349555540084839 0.027200000286102297
v -0.10046158294677733 0.23549145221710205 0.02919999837875366
v -0.1798094413757324 0.17858309388160706 0.02919999837875366
v -0.1798094413757324 0.17858309388160706 0.02919999837875366
v -0.10046158294677733 0.23549145221710205 0.02919999837875366
v -0.17887562255859374 0.18043111205101015 0.03066410303115845
v -0.10046158294677733 0.23549145221710205 0.02919999837875366
v -0.10094273071289062 0.23695555210113528 0.03066410303115845
v -0.17887562255859374 0.18043111205101015 0.03066410303115845
v -0.17887562255859374 0.18043111205101015 0.03066410303115845
v -0.10094273071289062 0.23695555210113528 0.03066410303115845
v -0.17759998779296876 0.18295555114746095 0.031200001239776613
v -0.10094273071289062 0.23695555210113528 0.03066410303115845
v -0.10159999351501464 0.23895555019378661 0.031200001239776613
v -0.17759998779296876 0.18295555114746095 0.031200001239776613
v -0.10159999351501464 0.23895555019378661 -0.031200001239776613
v -0.0031999970555305355 0.23895555019378661 -0.031200001239776613
v -0.10094273071289062 0.23695555210113528 -0.030664100646972656
v -0.0031999970555305355 0.23895555019378661 -0.031200001239776613
v -0.001711935806274401 0.23695555210113528 -0.030664100646972656
v -0.10094273071289062 0.23695555210113528 -0.030664100646972656
v -0.10094273071289062 0.23695555210113528 -0.030664100646972656
v -0.001711935806274401 0.23695555210113528 -0.030664100646972656
v -0.10046158294677733 0.23549145221710205 -0.029200000762939455
v -0.001711935806274401 0.23695555210113528 -0.030664100646972656
v -0.0006225989341735712 0.23549145221710205 -0.029200000762939455
v -0.10046158294677733 0.23549145221710205 -0.029200000762939455
v -0.10046158294677733 0.23549145221710205 -0.029200000762939455
v -0.0006225989341735712 0.23549145221710205 -0.029200000762939455
v -0.10028546791076659 0.2349555540084839 -0.027200000286102297
v -0.0006225989341735712 0.23549145221710205 -0.029200000762939455
v -0.00022387425899504307 0.2349555540084839 -0.027200000286102297
v -0.10028546791076659 0.2349555540084839 -0.027200000286102297
v -0.10028546791076659 0.2349555540084839 -0.027200000286102297
v -0.00022387425899504307 0.2349555540084839 -0.027200000286102297
v -0.10028546791076659 0.2349555540084839 0.027200000286102297
v -0.00022387425899504307 0.2349555540084839 -0.027200000286102297
v -0.00022387425899504307 0.2349555540084839 0.027200000286102297
v -0.10028546791076659 0.2349555540084839 0.027200000286102297
v -0.10028546791076659 0.2349555540084839 0.027200000286102297
v -0.00022387425899504307 0.2349555540084839 0.027200000286102297
v -0.10046158294677733 0.23549145221710205 0.02919999837875366
v -0.00022387425899504307 0.2349555540084839 0.027200000286102297
v -0.0006225989341735712 0.23549145221710205 0.02919999837875366
v -0.10046158294677733 0.23549145221710205 0.02919999837875366
v -0.10046158294677733 0.23549145221710205 0.02919999837875366
v -0.0006225989341735712 0.23549145221710205 0.02919999837875366
v -0.10094273071289062 0.23695555210113528 0.03066410303115845
v -0.0006225989341735712 0.23549145221710205 0.02919999837875366
v -0.001711935806274401 0.23695555210113528 0.03066410303115845
v -0.10094273071289062 0.23695555210113528 0.03066410303115845
v -0.10094273071289062 0.23695555210113528 0.03066410303115845
v -0.001711935806274401 0.23695555210113528 0.03066410303115845
v -0.10159999351501464 0.23895555019378661 0.031200001239776613
v -0.001711935806274401 0.23695555210113528 0.03066410303115845
v -0.0031999970555305355 0.23895555019378661 0.031200001239776613
v -0.10159999351501464 0.23895555019378661 0.031200001239776613
v -0.0031999970555305355 0.23895555019378661 -0.031200001239776613
v 0.011200002622604382 0.2869555473327637 -0.031200001239776613
v -0.001711935806274401 0.23695555210113528 -0.030664100646972656
v 0.011200002622604382 0.2869555473327637 -0.031200001239776613
v 0.013469231319427503 0.28864392280578616 -0.030664100646972656
v -0.001711935806274401 0.23695555210113528 -0.030664100646972656
v -0.001711935806274401 0.23695555210113528 -0.030664100646972656
v 0.013469231319427503 0.28864392280578616 -0.030664100646972656
v -0.0006225989341735712 0.23549145221710205 -0.029200000762939455
v 0.013469231319427503 0.28864392280578616 -0.030664100646972656
v 0.015130419921875013 0.28987990379333495 -0.029200000762939455
v -0.0006225989341735712 0.23549145221710205 -0.029200000762939455
v -0.0006225989341735712 0.23549145221710205 -0.029200000762939455
v 0.015130419921875013 0.28987990379333495 -0.029200000762939455
v -0.00022387425899504307 0.2349555540084839 -0.027200000286102297
v 0.015130419921875013 0.28987990379333495 -0.029200000762939455
v 0.01573845643997194 0.2903322982788086 -0.027200000286102297
v -0.00022387425899504307 0.2349555540084839 -0.027200000286102297
v -0.00022387425899504307 0.2349555540084839 -0.027200000286102297
v 0.01573845643997194 0.2903322982788086 -0.027200000286102297
v -0.00022387425899504307 0.2349555540084839 0.027200000286102297
v 0.01573845643997194 0.2903322982788086 -0.027200000286102297
v 0.01573845643997194 0.2903322982788086 0.027200000286102297
v -0.00022387425899504307 0.2349555540084839 0.027200000286102297
v -0.00022387425899504307 0.2349555540084839 0.027200000286102297
v 0.01573845643997194 0.2903322982788086 0.027200000286102297
v -0.0006225989341735712 0.23549145221710205 0.02919999837875366
v 0.01573845643997194 0.2903322982788086 0.027200000286102297
v 0.015130419921875013 0.28987990379333495 0.02919999837875366
v -0.0006225989341735712 0.23549145221710205 0.02919999837875366
v -0.0006225989341735712 0.23549145221710205 0.02919999837875366
v 0.015130419921875013 0.28987990379333495 0.02919999837875366
v -0.001711935806274401 0.23695555210113528 0.03066410303115845
v 0.015130419921875013 0.28987990379333495 0.02919999837875366
v 0.013469231319427503 0.28864392280578616 0.03066410303115845
v -0.001711935806274401 0.23695555210113528 0.03066410303115845
v -0.001711935806274401 0.23695555210113528 0.03066410303115845
v 0.013469231319427503 0.28864392280578616 0.03066410303115845
v -0.0031999970555305355 0.23895555019378661 0.031200001239776613
v 0.013469231319427503 0.28864392280578616 0.03066410303115845
v 0.011200002622604382 0.2869555473327637 0.031200001239776613
v -0.0031999970555305355 0.23895555019378661 0.031200001239776613
v 0.011200002622604382 0.2869555473327637 -0.031200001239776613
v -0.13599999885559083 0.2869555473327637 -0.031200001239776613
v 0.013469231319427503 0.28864392280578616 -0.030664100646972656
v -0.13599999885559083 0.2869555473327637 -0.031200001239776613
v -0.13602290611267087 0.2889555549621582 -0.030664100646972656
v 0.013469231319427503 0.28864392280578616 -0.030664100646972656
v 0.013469231319427503 0.28864392280578616 -0.030664100646972656
v -0.13602290611267087 0.2889555549621582 -0.030664100646972656
v 0.015130419921875013 0.28987990379333495 -0.029200000762939455
v -0.13602290611267087 0.2889555549621582 -0.030664100646972656
v -0.13603968124389648 0.2904196548461914 -0.029200000762939455
v 0.015130419921875013 0.28987990379333495 -0.029200000762939455
v 0.015130419921875013 0.28987990379333495 -0.029200000762939455
v -0.13603968124389648 0.2904196548461914 -0.029200000762939455
v 0.01573845643997194 0.2903322982788086 -0.027200000286102297
v -0.13603968124389648 0.2904196548461914 -0.029200000762939455
v -0.13604581336975097 0.2909555530548096 -0.027200000286102297
v 0.01573845643997194 0.2903322982788086 -0.027200000286102297
v 0.01573845643997194 0.2903322982788086 -0.027200000286102297
v -0.13604581336975097 0.2909555530548096 -0.027200000286102297
v 0.01573845643997194 0.2903322982788086 0.027200000286102297
v -0.13604581336975097 0.2909555530548096 -0.027200000286102297
v -0.13604581336975097 0.2909555530548096 0.027200000286102297
v 0.01573845643997194 0.2903322982788086 0.027200000286102297
v 0.01573845643997194 0.2903322982788086 0.027200000286102297
v -0.13604581336975097 0.2909555530548096 0.027200000286102297
v 0.015130419921875013 0.28987990379333495 0.02919999837875366
v -0.13604581336975097 0.2909555530548096 0.027200000286102297
v -0.13603968124389648 0.2904196548461914 0.02919999837875366
v 0.015130419921875013 0.28987990379333495 0.02919999837875366
v 0.015130419921875013 0.28987990379333495 0.02919999837875366
v -0.13603968124389648 0.2904196548461914 0.02919999837875366
v 0.013469231319427503 0.28864392280578616 0.03066410303115845
v -0.13603968124389648 0.2904196548461914 0.02919999837875366
v -0.13602290611267087 0.2889555549621582 0.03066410303115845
v 0.013469231319427503 0.28864392280578616 0.03066410303115845
v 0.013469231319427503 0.28864392280578616 0.03066410303115845
v -0.13602290611267087 0.2889555549621582 0.03066410303115845
v 0.011200002622604382 0.2869555473327637 0.031200001239776613
v -0.13602290611267087 0.2889555549621582 0.03066410303115845
v -0.13599999885559083 0.2869555473327637 0.031200001239776613
v 0.011200002622604382 0.2869555473327637 0.031200001239776613
vt -0.800000011920929 0.7799999713897705
vt 0.11999999731779099 0.7799999713897705
vt 0.029999999329447746 0.47999998927116394
vt -0.8415277600288391 0.7780555486679077
vt -0.8212152719497681 0.7795138955116272
vt -0.800000011920929 0.7799999713897705
vt -0.879444420337677 0.7722222208976746
vt -0.8609374761581421 0.7756249904632568
vt -0.8415277600288391 0.7780555486679077
vt -0.9137499928474426 0.762499988079071
vt -0.8970485925674438 0.7678472399711609
vt -0.879444420337677 0.7722222208976746
vt -0.9444444179534912 0.7488889098167419
vt -0.9295486211776733 0.7561805844306946
vt -0.9137499928474426 0.762499988079071
vt -0.9715277552604675 0.7313888669013977
vt -0.9584375023841858 0.7406250238418579
vt -0.9444444179534912 0.7488889098167419
vt -0.9950000047683716 0.7099999785423279
vt -0.983715295791626 0.7211805582046509
vt -0.9715277552604675 0.7313888669013977
vt -1.0148611068725586 0.6847222447395325
vt -1.0053819417953491 0.6978472471237183
vt -0.9950000047683716 0.7099999785423279
vt -1.0311111211776733 0.6555555462837219
vt -1.0234375 0.6706249713897705
vt -1.0148611068725586 0.6847222447395325
vt -1.0437500476837158 0.6225000023841858
vt -1.0378819704055786 0.6395139098167419
vt -1.0311111211776733 0.6555555462837219
vt -1.0527777671813965 0.5855555534362793
vt -1.0487152338027954 0.6045138835906982
vt -1.0437500476837158 0.6225000023841858
vt -1.0581943988800049 0.5447221994400024
vt -1.0559375286102295 0.565625011920929
vt -1.0527777671813965 0.5855555534362793
vt -1.059999942779541 0.5
vt -1.0595486164093018 0.5228472352027893
vt -1.0581943988800049 0.5447221994400024
vt -0.5849999785423279 0.47999998927116394
vt -1.059999942779541 0.12999999523162842
vt -1.059999942779541 0.5
vt -0.800000011920929 0.7799999713897705
vt 0.029999999329447746 0.47999998927116394
vt -0.5849999785423279 0.47999998927116394
vt -0.879444420337677 0.7722222208976746
vt -0.8415277600288391 0.7780555486679077
vt -0.800000011920929 0.7799999713897705
vt -0.9444444179534912 0.7488889098167419
vt -0.9137499928474426 0.762499988079071
vt -0.879444420337677 0.7722222208976746
vt -0.9950000047683716 0.7099999785423279
vt -0.9715277552604675 0.7313888669013977
vt -0.9444444179534912 0.7488889098167419
vt -1.0311111211776733 0.6555555462837219
vt -1.0148611068725586 0.6847222447395325
vt -0.9950000047683716 0.7099999785423279
vt -1.0527777671813965 0.5855555534362793
vt -1.0437500476837158 0.6225000023841858
vt -1.0311111211776733 0.6555555462837219
vt -1.059999942779541 0.5
vt -1.0581943988800049 0.5447221994400024
vt -1.0527777671813965 0.5855555534362793
vt -0.800000011920929 0.7799999713897705
vt -0.5849999785423279 0.47999998927116394
vt -1.059999942779541 0.5
vt -0.9444444179534912 0.7488889098167419
vt -0.879444420337677 0.7722222208976746
vt -0.800000011920929 0.7799999713897705
vt -1.0311111211776733 0.6555555462837219
vt -0.9950000047683716 0.7099999785423279
vt -0.9444444179534912 0.7488889098167419
vt -1.059999942779541 0.5
vt -1.0527777671813965 0.5855555534362793
vt -1.0311111211776733 0.6555555462837219
vt -0.9444444179534912 0.7488889098167419
vt -0.800000011920929 0.7799999713897705
vt -1.059999942779541 0.5
vt -1.059999942779541 0.5
vt -1.0311111211776733 0.6555555462837219
vt -0.9444444179534912 0.7488889098167419
vt 0.029999999329447746 0.47999998927116394
vt 0.11999999731779099 0.7799999713897705
vt -0.800000011920929 0.7799999713897705
vt -0.800000011920929 0.7799999713897705
vt -0.8212152719497681 0.7795138955116272
vt -0.8415277600288391 0.7780555486679077
vt -0.8415277600288391 0.7780555486679077
vt -0.8609374761581421 0.7756249904632568
vt -0.879444420337677 0.7722222208976746
vt -0.879444420337677 0.7722222208976746
vt -0.8970485925674438 0.7678472399711609
vt -0.9137499928474426 0.762499988079071
vt -0.9137499928474426 0.762499988079071
vt -0.9295486211776733 0.7561805844306946
vt -0.9444444179534912 0.7488889098167419
vt -0.9444444179534912 0.7488889098167419
vt -0.9584375023841858 0.7406250238418579
vt -0.9715277552604675 0.7313888669013977
vt -0.9715277552604675 0.7313888669013977
vt -0.983715295791626 0.7211805582046509
vt -0.9950000047683716 0.7099999785423279
vt -0.9950000047683716 0.7099999785423279
vt -1.0053819417953491 0.6978472471237183
vt -1.0148611068725586 0.6847222447395325
vt -1.0148611068725586 0.6847222447395325
vt -1.0234375 0.6706249713897705
vt -1.0311111211776733 0.6555555462837219
vt -1.0311111211776733 0.6555555462837219
vt -1.0378819704055786 0.6395139098167419
vt -1.0437500476837158 0.6225000023841858
vt -1.0437500476837158 0.6225000023841858
vt -1.0487152338027954 0.6045138835906982
vt -1.0527777671813965 0.5855555534362793
vt -1.0527777671813965 0.5855555534362793
vt -1.0559375286102295 0.565625011920929
vt -1.0581943988800049 0.5447221994400024
vt -1.0581943988800049 0.5447221994400024
vt -1.0595486164093018 0.5228472352027893
vt -1.059999942779541 0.5
vt -1.059999942779541 0.5
vt -1.059999942779541 0.12999999523162842
vt -0.5849999785423279 0.47999998927116394
vt -0.5849999785423279 0.47999998927116394
vt 0.029999999329447746 0.47999998927116394
vt -0.800000011920929 0.7799999713897705
vt -0.800000011920929 0.7799999713897705
vt -0.8415277600288391 0.7780555486679077
vt -0.879444420337677 0.7722222208976746
vt -0.879444420337677 0.7722222208976746
vt -0.9137499928474426 0.762499988079071
vt -0.9444444179534912 0.7488889098167419
vt -0.9444444179534912 0.7488889098167419
vt -0.9715277552604675 0.7313888669013977
vt -0.9950000047683716 0.7099999785423279
vt -0.9950000047683716 0.7099999785423279
vt -1.0148611068725586 0.6847222447395325
vt -1.0311111211776733 0.6555555462837219
vt -1.0311111211776733 0.6555555462837219
vt -1.0437500476837158 0.6225000023841858
vt -1.0527777671813965 0.5855555534362793
vt -1.0527777671813965 0.5855555534362793
vt -1.0581943988800049 0.5447221994400024
vt -1.059999942779541 0.5
vt -1.059999942779541 0.5
vt -0.5849999785423279 0.47999998927116394
vt -0.800000011920929 0.7799999713897705
vt -0.800000011920929 0.7799999713897705
vt -0.879444420337677 0.7722222208976746
vt -0.9444444179534912 0.7488889098167419
vt -0.9444444179534912 0.7488889098167419
vt -0.9950000047683716 0.7099999785423279
vt -1.0311111211776733 0.6555555462837219
vt -1.0311111211776733 0.6555555462837219
vt -1.0527777671813965 0.5855555534362793
vt -1.059999942779541 0.5
vt -1.059999942779541 0.5
vt -0.800000011920929 0.7799999713897705
vt -0.9444444179534912 0.7488889098167419
vt -0.9444444179534912 0.7488889098167419
vt -1.0311111211776733 0.6555555462837219
vt -1.059999942779541 0.5
vt -0.800000011920929 1.024999976158142
vt -0.8212152719497681 1.024999976158142
vt -0.8001431822776794 1.0216506719589233
vt -0.8212152719497681 1.024999976158142
vt -0.8218063712120056 1.0216506719589233
vt -0.8001431822776794 1.0216506719589233
vt -0.8001431822776794 1.0216506719589233
vt -0.8218063712120056 1.0216506719589233
vt -0.8002480268478394 1.0125000476837158
vt -0.8218063712120056 1.0216506719589233
vt -0.822239100933075 1.0125000476837158
vt -0.8002480268478394 1.0125000476837158
vt -0.8002480268478394 1.0125000476837158
vt -0.822239100933075 1.0125000476837158
vt -0.8002863526344299 1
vt -0.822239100933075 1.0125000476837158
vt -0.8223974704742432 1
vt -0.8002863526344299 1
vt -0.8002863526344299 1
vt -0.8223974704742432 1
vt -0.8002863526344299 0.6600000262260437
vt -0.8223974704742432 1
vt -0.8223974704742432 0.6600000262260437
vt -0.8002863526344299 0.6600000262260437
vt -0.8002863526344299 0.6600000262260437
vt -0.8223974704742432 0.6600000262260437
vt -0.8002480268478394 0.6474999785423279
vt -0.8223974704742432 0.6600000262260437
vt -0.822239100933075 0.6474999785423279
vt -0.8002480268478394 0.6474999785423279
vt -0.8002480268478394 0.6474999785423279
vt -0.822239100933075 0.6474999785423279
vt -0.8001431822776794 0.6383493542671204
vt -0.822239100933075 0.6474999785423279
vt -0.8218063712120056 0.6383493542671204
vt -0.8001431822776794 0.6383493542671204
vt -0.8001431822776794 0.6383493542671204
vt -0.8218063712120056 0.6383493542671204
vt -0.800000011920929 0.6349999904632568
vt -0.8218063712120056 0.6383493542671204
vt -0.8212152719497681 0.6349999904632568
vt -0.800000011920929 0.6349999904632568
vt -0.8212152719497681 1.024999976158142
vt -0.8415277600288391 1.024999976158142
vt -0.8218063712120056 1.0216506719589233
vt -0.8415277600288391 1.024999976158142
vt -0.8427527546882629 1.0216506719589233
vt -0.8218063712120056 1.0216506719589233
vt -0.8218063712120056 1.0216506719589233
vt -0.8427527546882629 1.0216506719589233
vt -0.822239100933075 1.0125000476837158
vt -0.8427527546882629 1.0216506719589233
vt -0.8436495661735535 1.0125000476837158
vt -0.822239100933075 1.0125000476837158
vt -0.822239100933075 1.0125000476837158
vt -0.8436495661735535 1.0125000476837158
vt -0.8223974704742432 1
vt -0.8436495661735535 1.0125000476837158
vt -0.8439778089523315 1
vt -0.8223974704742432 1
vt -0.8223974704742432 1
vt -0.8439778089523315 1
vt -0.8223974704742432 0.6600000262260437
vt -0.8439778089523315 1
vt -0.8439778089523315 0.6600000262260437
vt -0.8223974704742432 0.6600000262260437
vt -0.8223974704742432 0.6600000262260437
vt -0.8439778089523315 0.6600000262260437
vt -0.822239100933075 0.6474999785423279
vt -0.8439778089523315 0.6600000262260437
vt -0.8436495661735535 0.6474999785423279
vt -0.822239100933075 0.6474999785423279
vt -0.822239100933075 0.6474999785423279
vt -0.8436495661735535 0.6474999785423279
vt -0.8218063712120056 0.6383493542671204
vt -0.8436495661735535 0.6474999785423279
vt -0.8427527546882629 0.6383493542671204
vt -0.8218063712120056 0.6383493542671204
vt -0.8218063712120056 0.6383493542671204
vt -0.8427527546882629 0.6383493542671204
vt -0.8212152719497681 0.6349999904632568
vt -0.8427527546882629 0.6383493542671204
vt -0.8415277600288391 0.6349999904632568
vt -0.8212152719497681 0.6349999904632568
vt -0.8415277600288391 1.024999976158142
vt -0.8609374761581421 1.024999976158142
vt -0.8427527546882629 1.0216506719589233
vt -0.8609374761581421 1.024999976158142
vt -0.8628458380699158 1.0216506719589233
vt -0.8427527546882629 1.0216506719589233
vt -0.8427527546882629 1.0216506719589233
vt -0.8628458380699158 1.0216506719589233
vt -0.8436495661735535 1.0125000476837158
vt -0.8628458380699158 1.0216506719589233
vt -0.8642428517341614 1.0125000476837158
vt -0.8436495661735535 1.0125000476837158
vt -0.8436495661735535 1.0125000476837158
vt -0.8642428517341614 1.0125000476837158
vt -0.8439778089523315 1
vt -0.8642428517341614 1.0125000476837158
vt -0.8647541999816895 1
vt -0.8439778089523315 1
vt -0.8439778089523315 1
vt -0.8647541999816895 1
vt -0.8439778089523315 0.6600000262260437
vt -0.8647541999816895 1
vt -0.8647541999816895 0.6600000262260437
vt -0.8439778089523315 0.6600000262260437
vt -0.8439778089523315 0.6600000262260437
vt -0.8647541999816895 0.6600000262260437
vt -0.8436495661735535 0.6474999785423279
vt -0.8647541999816895 0.6600000262260437
vt -0.8642428517341614 0.6474999785423279
vt -0.8436495661735535 0.6474999785423279
vt -0.8436495661735535 0.6474999785423279
vt -0.8642428517341614 0.6474999785423279
vt -0.8427527546882629 0.6383493542671204
vt -0.8642428517341614 0.6474999785423279
vt -0.8628458380699158 0.6383493542671204
vt -0.8427527546882629 0.6383493542671204
vt -0.8427527546882629 0.6383493542671204
vt -0.8628458380699158 0.6383493542671204
vt -0.8415277600288391 0.6349999904632568
vt -0.8628458380699158 0.6383493542671204
vt -0.8609374761581421 0.6349999904632568
vt -0.8415277600288391 0.6349999904632568
vt -0.8609374761581421 1.024999976158142
vt -0.879444420337677 1.024999976158142
vt -0.8628458380699158 1.0216506719589233
vt -0.879444420337677 1.024999976158142
vt -0.8820845484733582 1.0216506719589233
vt -0.8628458380699158 1.0216506719589233
vt -0.8628458380699158 1.0216506719589233
vt -0.8820845484733582 1.0216506719589233
vt -0.8642428517341614 1.0125000476837158
vt -0.8820845484733582 1.0216506719589233
vt -0.884017288684845 1.0125000476837158
vt -0.8642428517341614 1.0125000476837158
vt -0.8642428517341614 1.0125000476837158
vt -0.884017288684845 1.0125000476837158
vt -0.8647541999816895 1
vt -0.884017288684845 1.0125000476837158
vt -0.8847246766090393 1
vt -0.8647541999816895 1
vt -0.8647541999816895 1
vt -0.8847246766090393 1
vt -0.8647541999816895 0.6600000262260437
vt -0.8847246766090393 1
vt -0.8847246766090393 0.6600000262260437
vt -0.8647541999816895 0.6600000262260437
vt -0.8647541999816895 0.6600000262260437
vt -0.8847246766090393 0.6600000262260437
vt -0.8642428517341614 0.6474999785423279
vt -0.8847246766090393 0.6600000262260437
vt -0.884017288684845 0.6474999785423279
vt -0.8642428517341614 0.6474999785423279
vt -0.8642428517341614 0.6474999785423279
vt -0.884017288684845 0.6474999785423279
vt -0.8628458380699158 0.6383493542671204
vt -0.884017288684845 0.6474999785423279
vt -0.8820845484733582 0.6383493542671204
vt -0.8628458380699158 0.6383493542671204
vt -0.8628458380699158 0.6383493542671204
vt -0.8820845484733582 0.6383493542671204
vt -0.8609374761581421 0.6349999904632568
vt -0.8820845484733582 0.6383493542671204
vt -0.879444420337677 0.6349999904632568
vt -0.8609374761581421 0.6349999904632568
vt -0.879444420337677 1.024999976158142
vt -0.8970485925674438 1.024999976158142
vt -0.8820845484733582 1.0216506719589233
vt -0.8970485925674438 1.024999976158142
vt -0.9004654884338379 1.0216506719589233
vt -0.8820845484733582 1.0216506719589233
vt -0.8820845484733582 1.0216506719589233
vt -0.9004654884338379 1.0216506719589233
vt -0.884017288684845 1.0125000476837158
vt -0.9004654884338379 1.0216506719589233
vt -0.9029668569564819 1.0125000476837158
vt -0.884017288684845 1.0125000476837158
vt -0.884017288684845 1.0125000476837158
vt -0.9029668569564819 1.0125000476837158
vt -0.8847246766090393 1
vt -0.9029668569564819 1.0125000476837158
vt -0.9038823843002319 1
vt -0.8847246766090393 1
vt -0.8847246766090393 1
vt -0.9038823843002319 1
vt -0.8847246766090393 0.6600000262260437
vt -0.9038823843002319 1
vt -0.9038823843002319 0.6600000262260437
vt -0.8847246766090393 0.6600000262260437
vt -0.8847246766090393 0.6600000262260437
vt -0.9038823843002319 0.6600000262260437
vt -0.884017288684845 0.6474999785423279
vt -0.9038823843002319 0.6600000262260437
vt -0.9029668569564819 0.6474999785423279
vt -0.884017288684845 0.6474999785423279
vt -0.884017288684845 0.6474999785423279
vt -0.9029668569564819 0.6474999785423279
vt -0.8820845484733582 0.6383493542671204
vt -0.9029668569564819 0.6474999785423279
vt -0.9004654884338379 0.6383493542671204
vt -0.8820845484733582 0.6383493542671204
vt -0.8820845484733582 0.6383493542671204
vt -0.9004654884338379 0.6383493542671204
vt -0.879444420337677 0.6349999904632568
vt -0.9004654884338379 0.6383493542671204
vt -0.8970485925674438 0.6349999904632568
vt -0.879444420337677 0.6349999904632568
vt -0.8970485925674438 1.024999976158142
vt -0.9137499928474426 1.024999976158142
vt -0.9004654884338379 1.0216506719589233
vt -0.9137499928474426 1.024999976158142
vt -0.9179822206497192 1.0216506719589233
vt -0.9004654884338379 1.0216506719589233
vt -0.9004654884338379 1.0216506719589233
vt -0.9179822206497192 1.0216506719589233
vt -0.9029668569564819 1.0125000476837158
vt -0.9179822206497192 1.0216506719589233
vt -0.9210804104804993 1.0125000476837158
vt -0.9029668569564819 1.0125000476837158
vt -0.9029668569564819 1.0125000476837158
vt -0.9210804104804993 1.0125000476837158
vt -0.9038823843002319 1
vt -0.9210804104804993 1.0125000476837158
vt -0.9222144484519958 1
vt -0.9038823843002319 1
vt -0.9038823843002319 1
vt -0.9222144484519958 1
vt -0.9038823843002319 0.6600000262260437
vt -0.9222144484519958 1
vt -0.9222144484519958 0.6600000262260437
vt -0.9038823843002319 0.6600000262260437
vt -0.9038823843002319 0.6600000262260437
vt -0.9222144484519958 0.6600000262260437
vt -0.9029668569564819 0.6474999785423279
vt -0.9222144484519958 0.6600000262260437
vt -0.9210804104804993 0.6474999785423279
vt -0.9029668569564819 0.6474999785423279
vt -0.9029668569564819 0.6474999785423279
vt -0.9210804104804993 0.6474999785423279
vt -0.9004654884338379 0.6383493542671204
vt -0.9210804104804993 0.6474999785423279
vt -0.9179822206497192 0.6383493542671204
vt -0.9004654884338379 0.6383493542671204
vt -0.9004654884338379 0.6383493542671204
vt -0.9179822206497192 0.6383493542671204
vt -0.8970485925674438 0.6349999904632568
vt -0.9179822206497192 0.6383493542671204
vt -0.9137499928474426 0.6349999904632568
vt -0.8970485925674438 0.6349999904632568
vt -0.9137499928474426 1.024999976158142
vt -0.9295486211776733 1.024999976158142
vt -0.9179822206497192 1.0216506719589233
vt -0.9295486211776733 1.024999976158142
vt -0.9346247911453247 1.0216506719589233
vt -0.9179822206497192 1.0216506719589233
vt -0.9179822206497192 1.0216506719589233
vt -0.9346247911453247 1.0216506719589233
vt -0.9210804104804993 1.0125000476837158
vt -0.9346247911453247 1.0216506719589233
vt -0.9383407831192017 1.0125000476837158
vt -0.9210804104804993 1.0125000476837158
vt -0.9210804104804993 1.0125000476837158
vt -0.9383407831192017 1.0125000476837158
vt -0.9222144484519958 1
vt -0.9383407831192017 1.0125000476837158
vt -0.9397009015083313 1
vt -0.9222144484519958 1
vt -0.9222144484519958 1
vt -0.9397009015083313 1
vt -0.9222144484519958 0.6600000262260437
vt -0.9397009015083313 1
vt -0.9397009015083313 0.6600000262260437
vt -0.9222144484519958 0.6600000262260437
vt -0.9222144484519958 0.6600000262260437
vt -0.9397009015083313 0.6600000262260437
vt -0.9210804104804993 0.6474999785423279
vt -0.9397009015083313 0.6600000262260437
vt -0.9383407831192017 0.6474999785423279
vt -0.9210804104804993 0.6474999785423279
vt -0.9210804104804993 0.6474999785423279
vt -0.9383407831192017 0.6474999785423279
vt -0.9179822206497192 0.6383493542671204
vt -0.9383407831192017 0.6474999785423279
vt -0.9346247911453247 0.6383493542671204
vt -0.9179822206497192 0.6383493542671204
vt -0.9179822206497192 0.6383493542671204
vt -0.9346247911453247 0.6383493542671204
vt -0.9137499928474426 0.6349999904632568
vt -0.9346247911453247 0.6383493542671204
vt -0.9295486211776733 0.6349999904632568
vt -0.9137499928474426 0.6349999904632568
vt -0.9295486211776733 1.024999976158142
vt -0.9444444179534912 1.024999976158142
vt -0.9346247911453247 1.0216506719589233
vt -0.9444444179534912 1.024999976158142
vt -0.9503796100616455 1.0216506719589233
vt -0.9346247911453247 1.0216506719589233
vt -0.9346247911453247 1.0216506719589233
vt -0.9503796100616455 1.0216506719589233
vt -0.9383407831192017 1.0125000476837158
vt -0.9503796100616455 1.0216506719589233
vt -0.9547244310379028 1.0125000476837158
vt -0.9383407831192017 1.0125000476837158
vt -0.9383407831192017 1.0125000476837158
vt -0.9547244310379028 1.0125000476837158
vt -0.9397009015083313 1
vt -0.9547244310379028 1.0125000476837158
vt -0.9563148021697998 1
vt -0.9397009015083313 1
vt -0.9397009015083313 1
vt -0.9563148021697998 1
vt -0.9397009015083313 0.6600000262260437
vt -0.9563148021697998 1
vt -0.9563148021697998 0.6600000262260437
vt -0.9397009015083313 0.6600000262260437
vt -0.9397009015083313 0.6600000262260437
vt -0.9563148021697998 0.6600000262260437
vt -0.9383407831192017 0.6474999785423279
vt -0.9563148021697998 0.6600000262260437
vt -0.9547244310379028 0.6474999785423279
vt -0.9383407831192017 0.6474999785423279
vt -0.9383407831192017 0.6474999785423279
vt -0.9547244310379028 0.6474999785423279
vt -0.9346247911453247 0.6383493542671204
vt -0.9547244310379028 0.6474999785423279
vt -0.9503796100616455 0.6383493542671204
vt -0.9346247911453247 0.6383493542671204
vt -0.9346247911453247 0.6383493542671204
vt -0.9503796100616455 0.6383493542671204
vt -0.9295486211776733 0.6349999904632568
vt -0.9503796100616455 0.6383493542671204
vt -0.9444444179534912 0.6349999904632568
vt -0.9295486211776733 0.6349999904632568
vt -0.9444444179534912 1.024999976158142
vt -0.9584375023841858 1.024999976158142
vt -0.9503796100616455 1.0216506719589233
vt -0.9584375023841858 1.024999976158142
vt -0.9652300477027893 1.0216506719589233
vt -0.9503796100616455 1.0216506719589233
vt -0.9503796100616455 1.0216506719589233
vt -0.9652300477027893 1.0216506719589233
vt -0.9547244310379028 1.0125000476837158
vt -0.9652300477027893 1.0216506719589233
vt -0.9702025651931763 1.0125000476837158
vt -0.9547244310379028 1.0125000476837158
vt -0.9547244310379028 1.0125000476837158
vt -0.9702025651931763 1.0125000476837158
vt -0.9563148021697998 1
vt -0.9702025651931763 1.0125000476837158
vt -0.9720225930213928 1
vt -0.9563148021697998 1
vt -0.9563148021697998 1
vt -0.9720225930213928 1
vt -0.9563148021697998 0.6600000262260437
vt -0.9720225930213928 1
vt -0.9720225930213928 0.6600000262260437
vt -0.9563148021697998 0.6600000262260437
vt -0.9563148021697998 0.6600000262260437
vt -0.9720225930213928 0.6600000262260437
vt -0.9547244310379028 0.6474999785423279
vt -0.9720225930213928 0.6600000262260437
vt -0.9702025651931763 0.6474999785423279
vt -0.9547244310379028 0.6474999785423279
vt -0.9547244310379028 0.6474999785423279
vt -0.9702025651931763 0.6474999785423279
vt -0.9503796100616455 0.6383493542671204
vt -0.9702025651931763 0.6474999785423279
vt -0.9652300477027893 0.6383493542671204
vt -0.9503796100616455 0.6383493542671204
vt -0.9503796100616455 0.6383493542671204
vt -0.9652300477027893 0.6383493542671204
vt -0.9444444179534912 0.6349999904632568
vt -0.9652300477027893 0.6383493542671204
vt -0.9584375023841858 0.6349999904632568
vt -0.9444444179534912 0.6349999904632568
vt -0.9584375023841858 1.024999976158142
vt -0.9715277552604675 1.024999976158142
vt -0.9652300477027893 1.0216506719589233
vt -0.9715277552604675 1.024999976158142
vt -0.9791572690010071 1.0216506719589233
vt -0.9652300477027893 1.0216506719589233
vt -0.9652300477027893 1.0216506719589233
vt -0.9791572690010071 1.0216506719589233
vt -0.9702025651931763 1.0125000476837158
vt -0.9791572690010071 1.0216506719589233
vt -0.9847424626350403 1.0125000476837158
vt -0.9702025651931763 1.0125000476837158
vt -0.9702025651931763 1.0125000476837158
vt -0.9847424626350403 1.0125000476837158
vt -0.9720225930213928 1
vt -0.9847424626350403 1.0125000476837158
vt -0.9867867827415466 1
vt -0.9720225930213928 1
vt -0.9720225930213928 1
vt -0.9867867827415466 1
vt -0.9720225930213928 0.6600000262260437
vt -0.9867867827415466 1
vt -0.9867867827415466 0.6600000262260437
vt -0.9720225930213928 0.6600000262260437
vt -0.9720225930213928 0.6600000262260437
vt -0.9867867827415466 0.6600000262260437
vt -0.9702025651931763 0.6474999785423279
vt -0.9867867827415466 0.6600000262260437
vt -0.9847424626350403 0.6474999785423279
vt -0.9702025651931763 0.6474999785423279
vt -0.9702025651931763 0.6474999785423279
vt -0.9847424626350403 0.6474999785423279
vt -0.9652300477027893 0.6383493542671204
vt -0.9847424626350403 0.6474999785423279
vt -0.9791572690010071 0.6383493542671204
vt -0.9652300477027893 0.6383493542671204
vt -0.9652300477027893 0.6383493542671204
vt -0.9791572690010071 0.6383493542671204
vt -0.9584375023841858 0.6349999904632568
vt -0.9791572690010071 0.6383493542671204
vt -0.9715277552604675 0.6349999904632568
vt -0.9584375023841858 0.6349999904632568
vt -0.9715277552604675 1.024999976158142
vt -0.983715295791626 1.024999976158142
vt -0.9791572690010071 1.0216506719589233
vt -0.983715295791626 1.024999976158142
vt -0.9921420812606812 1.0216506719589233
vt -0.9791572690010071 1.0216506719589233
vt -0.9791572690010071 1.0216506719589233
vt -0.9921420812606812 1.0216506719589233
vt -0.9847424626350403 1.0125000476837158
vt -0.9921420812606812 1.0216506719589233
vt -0.998310923576355 1.0125000476837158
vt -0.9847424626350403 1.0125000476837158
vt -0.9847424626350403 1.0125000476837158
vt -0.998310923576355 1.0125000476837158
vt -0.9867867827415466 1
vt -0.998310923576355 1.0125000476837158
vt -1.0005688667297363 1
vt -0.9867867827415466 1
vt -0.9867867827415466 1
vt -1.0005688667297363 1
vt -0.9867867827415466 0.6600000262260437
vt -1.0005688667297363 1
vt -1.0005688667297363 0.6600000262260437
vt -0.9867867827415466 0.6600000262260437
vt -0.9867867827415466 0.6600000262260437
vt -1.0005688667297363 0.6600000262260437
vt -0.9847424626350403 0.6474999785423279
vt -1.0005688667297363 0.6600000262260437
vt -0.998310923576355 0.6474999785423279
vt -0.9847424626350403 0.6474999785423279
vt -0.9847424626350403 0.6474999785423279
vt -0.998310923576355 0.6474999785423279
vt -0.9791572690010071 0.6383493542671204
vt -0.998310923576355 0.6474999785423279
vt -0.9921420812606812 0.6383493542671204
vt -0.9791572690010071 0.6383493542671204
vt -0.9791572690010071 0.6383493542671204
vt -0.9921420812606812 0.6383493542671204
vt -0.9715277552604675 0.6349999904632568
vt -0.9921420812606812 0.6383493542671204
vt -0.983715295791626 0.6349999904632568
vt -0.9715277552604675 0.6349999904632568
vt -0.983715295791626 1.024999976158142
vt -0.9950000047683716 1.024999976158142
vt -0.9921420812606812 1.0216506719589233
vt -0.9950000047683716 1.024999976158142
vt -1.0041667222976685 1.0216506719589233
vt -0.9921420812606812 1.0216506719589233
vt -0.9921420812606812 1.0216506719589233
vt -1.0041667222976685 1.0216506719589233
vt -0.998310923576355 1.0125000476837158
vt -1.0041667222976685 1.0216506719589233
vt -1.010877251625061 1.0125000476837158
vt -0.998310923576355 1.0125000476837158
vt -0.998310923576355 1.0125000476837158
vt -1.010877251625061 1.0125000476837158
vt -1.0005688667297363 1
vt -1.010877251625061 1.0125000476837158
vt -1.0133334398269653 1
vt -1.0005688667297363 1
vt -1.0005688667297363 1
vt -1.0133334398269653 1
vt -1.0005688667297363 0.6600000262260437
vt -1.0133334398269653 1
vt -1.0133334398269653 0.6600000262260437
vt -1.0005688667297363 0.6600000262260437
vt -1.0005688667297363 0.6600000262260437
vt -1.0133334398269653 0.6600000262260437
vt -0.998310923576355 0.6474999785423279
vt -1.0133334398269653 0.6600000262260437
vt -1.010877251625061 0.6474999785423279
vt -0.998310923576355 0.6474999785423279
vt -0.998310923576355 0.6474999785423279
vt -1.010877251625061 0.6474999785423279
vt -0.9921420812606812 0.6383493542671204
vt -1.010877251625061 0.6474999785423279
vt -1.0041667222976685 0.6383493542671204
vt -0.9921420812606812 0.6383493542671204
vt -0.9921420812606812 0.6383493542671204
vt -1.0041667222976685 0.6383493542671204
vt -0.983715295791626 0.6349999904632568
vt -1.0041667222976685 0.6383493542671204
vt -0.9950000047683716 0.6349999904632568
vt -0.983715295791626 0.6349999904632568
vt 0.7099999785423279 1.024999976158142
vt 0.6978472471237183 1.024999976158142
vt 0.7185141444206238 1.0216506719589233
vt 0.6978472471237183 1.024999976158142
vt 0.7055789828300476 1.0216506719589233
vt 0.7185141444206238 1.0216506719589233
vt 0.7185141444206238 1.0216506719589233
vt 0.7055789828300476 1.0216506719589233
vt 0.7247469425201416 1.0125000476837158
vt 0.7055789828300476 1.0216506719589233
vt 0.7112390398979187 1.0125000476837158
vt 0.7247469425201416 1.0125000476837158
vt 0.7247469425201416 1.0125000476837158
vt 0.7112390398979187 1.0125000476837158
vt 0.7270283102989197 1
vt 0.7112390398979187 1.0125000476837158
vt 0.713310718536377 1
vt 0.7270283102989197 1
vt 0.7270283102989197 1
vt 0.713310718536377 1
vt 0.7270283102989197 0.6600000262260437
vt 0.713310718536377 1
vt 0.713310718536377 0.6600000262260437
vt 0.7270283102989197 0.6600000262260437
vt 0.7270283102989197 0.6600000262260437
vt 0.713310718536377 0.6600000262260437
vt 0.7247469425201416 0.6474999785423279
vt 0.713310718536377 0.6600000262260437
vt 0.7112390398979187 0.6474999785423279
vt 0.7247469425201416 0.6474999785423279
vt 0.7247469425201416 0.6474999785423279
vt 0.7112390398979187 0.6474999785423279
vt 0.7185141444206238 0.6383493542671204
vt 0.7112390398979187 0.6474999785423279
vt 0.7055789828300476 0.6383493542671204
vt 0.7185141444206238 0.6383493542671204
vt 0.7185141444206238 0.6383493542671204
vt 0.7055789828300476 0.6383493542671204
vt 0.7099999785423279 0.6349999904632568
vt 0.7055789828300476 0.6383493542671204
vt 0.6978472471237183 0.6349999904632568
vt 0.7099999785423279 0.6349999904632568
vt 0.6978472471237183 1.024999976158142
vt 0.6847222447395325 1.024999976158142
vt 0.7055789828300476 1.0216506719589233
vt 0.6847222447395325 1.024999976158142
vt 0.6916407346725464 1.0216506719589233
vt 0.7055789828300476 1.0216506719589233
vt 0.7055789828300476 1.0216506719589233
vt 0.6916407346725464 1.0216506719589233
vt 0.7112390398979187 1.0125000476837158
vt 0.6916407346725464 1.0216506719589233
vt 0.6967054009437561 1.0125000476837158
vt 0.7112390398979187 1.0125000476837158
vt 0.7112390398979187 1.0125000476837158
vt 0.6967054009437561 1.0125000476837158
vt 0.713310718536377 1
vt 0.6967054009437561 1.0125000476837158
vt 0.6985592246055603 1
vt 0.713310718536377 1
vt 0.713310718536377 1
vt 0.6985592246055603 1
vt 0.713310718536377 0.6600000262260437
vt 0.6985592246055603 1
vt 0.6985592246055603 0.6600000262260437
vt 0.713310718536377 0.6600000262260437
vt 0.713310718536377 0.6600000262260437
vt 0.6985592246055603 0.6600000262260437
vt 0.7112390398979187 0.6474999785423279
vt 0.6985592246055603 0.6600000262260437
vt 0.6967054009437561 0.6474999785423279
vt 0.7112390398979187 0.6474999785423279
vt 0.7112390398979187 0.6474999785423279
vt 0.6967054009437561 0.6474999785423279
vt 0.7055789828300476 0.6383493542671204
vt 0.6967054009437561 0.6474999785423279
vt 0.6916407346725464 0.6383493542671204
vt 0.7055789828300476 0.6383493542671204
vt 0.7055789828300476 0.6383493542671204
vt 0.6916407346725464 0.6383493542671204
vt 0.6978472471237183 0.6349999904632568
vt 0.6916407346725464 0.6383493542671204
vt 0.6847222447395325 0.6349999904632568
vt 0.6978472471237183 0.6349999904632568
vt 0.6847222447395325 1.024999976158142
vt 0.6706249713897705 1.024999976158142
vt 0.6916407346725464 1.0216506719589233
vt 0.6706249713897705 1.024999976158142
vt 0.6767181754112244 1.0216506719589233
vt 0.6916407346725464 1.0216506719589233
vt 0.6916407346725464 1.0216506719589233
vt 0.6767181754112244 1.0216506719589233
vt 0.6967054009437561 1.0125000476837158
vt 0.6767181754112244 1.0216506719589233
vt 0.6811786890029907 1.0125000476837158
vt 0.6967054009437561 1.0125000476837158
vt 0.6967054009437561 1.0125000476837158
vt 0.6811786890029907 1.0125000476837158
vt 0.6985592246055603 1
vt 0.6811786890029907 1.0125000476837158
vt 0.6828113794326782 1
vt 0.6985592246055603 1
vt 0.6985592246055603 1
vt 0.6828113794326782 1
vt 0.6985592246055603 0.6600000262260437
vt 0.6828113794326782 1
vt 0.6828113794326782 0.6600000262260437
vt 0.6985592246055603 0.6600000262260437
vt 0.6985592246055603 0.6600000262260437
vt 0.6828113794326782 0.6600000262260437
vt 0.6967054009437561 0.6474999785423279
vt 0.6828113794326782 0.6600000262260437
vt 0.6811786890029907 0.6474999785423279
vt 0.6967054009437561 0.6474999785423279
vt 0.6967054009437561 0.6474999785423279
vt 0.6811786890029907 0.6474999785423279
vt 0.6916407346725464 0.6383493542671204
vt 0.6811786890029907 0.6474999785423279
vt 0.6767181754112244 0.6383493542671204
vt 0.6916407346725464 0.6383493542671204
vt 0.6916407346725464 0.6383493542671204
vt 0.6767181754112244 0.6383493542671204
vt 0.6847222447395325 0.6349999904632568
vt 0.6767181754112244 0.6383493542671204
vt 0.6706249713897705 0.6349999904632568
vt 0.6847222447395325 0.6349999904632568
vt 0.6706249713897705 1.024999976158142
vt 0.6555555462837219 1.024999976158142
vt 0.6767181754112244 1.0216506719589233
vt 0.6555555462837219 1.024999976158142
vt 0.6608287692070007 1.0216506719589233
vt 0.6767181754112244 1.0216506719589233
vt 0.6767181754112244 1.0216506719589233
vt 0.6608287692070007 1.0216506719589233
vt 0.6811786890029907 1.0125000476837158
vt 0.6608287692070007 1.0216506719589233
vt 0.6646890044212341 1.0125000476837158
vt 0.6811786890029907 1.0125000476837158
vt 0.6811786890029907 1.0125000476837158
vt 0.6646890044212341 1.0125000476837158
vt 0.6828113794326782 1
vt 0.6646890044212341 1.0125000476837158
vt 0.6661019325256348 1
vt 0.6828113794326782 1
vt 0.6828113794326782 1
vt 0.6661019325256348 1
vt 0.6828113794326782 0.6600000262260437
vt 0.6661019325256348 1
vt 0.6661019325256348 0.6600000262260437
vt 0.6828113794326782 0.6600000262260437
vt 0.6828113794326782 0.6600000262260437
vt 0.6661019325256348 0.6600000262260437
vt 0.6811786890029907 0.6474999785423279
vt 0.6661019325256348 0.6600000262260437
vt 0.6646890044212341 0.6474999785423279
vt 0.6811786890029907 0.6474999785423279
vt 0.6811786890029907 0.6474999785423279
vt 0.6646890044212341 0.6474999785423279
vt 0.6767181754112244 0.6383493542671204
vt 0.6646890044212341 0.6474999785423279
vt 0.6608287692070007 0.6383493542671204
vt 0.6767181754112244 0.6383493542671204
vt 0.6767181754112244 0.6383493542671204
vt 0.6608287692070007 0.6383493542671204
vt 0.6706249713897705 0.6349999904632568
vt 0.6608287692070007 0.6383493542671204
vt 0.6555555462837219 0.6349999904632568
vt 0.6706249713897705 0.6349999904632568
vt 0.6555555462837219 1.024999976158142
vt 0.6395139098167419 1.024999976158142
vt 0.6608287692070007 1.0216506719589233
vt 0.6395139098167419 1.024999976158142
vt 0.6439871191978455 1.0216506719589233
vt 0.6608287692070007 1.0216506719589233
vt 0.6608287692070007 1.0216506719589233
vt 0.6439871191978455 1.0216506719589233
vt 0.6646890044212341 1.0125000476837158
vt 0.6439871191978455 1.0216506719589233
vt 0.6472617983818054 1.0125000476837158
vt 0.6646890044212341 1.0125000476837158
vt 0.6646890044212341 1.0125000476837158
vt 0.6472617983818054 1.0125000476837158
vt 0.6661019325256348 1
vt 0.6472617983818054 1.0125000476837158
vt 0.6484603881835938 1
vt 0.6661019325256348 1
vt 0.6661019325256348 1
vt 0.6484603881835938 1
vt 0.6661019325256348 0.6600000262260437
vt 0.6484603881835938 1
vt 0.6484603881835938 0.6600000262260437
vt 0.6661019325256348 0.6600000262260437
vt 0.6661019325256348 0.6600000262260437
vt 0.6484603881835938 0.6600000262260437
vt 0.6646890044212341 0.6474999785423279
vt 0.6484603881835938 0.6600000262260437
vt 0.6472617983818054 0.6474999785423279
vt 0.6646890044212341 0.6474999785423279
vt 0.6646890044212341 0.6474999785423279
vt 0.6472617983818054 0.6474999785423279
vt 0.6608287692070007 0.6383493542671204
vt 0.6472617983818054 0.6474999785423279
vt 0.6439871191978455 0.6383493542671204
vt 0.6608287692070007 0.6383493542671204
vt 0.6608287692070007 0.6383493542671204
vt 0.6439871191978455 0.6383493542671204
vt 0.6555555462837219 0.6349999904632568
vt 0.6439871191978455 0.6383493542671204
vt 0.6395139098167419 0.6349999904632568
vt 0.6555555462837219 0.6349999904632568
vt 0.6395139098167419 1.024999976158142
vt 0.6225000023841858 1.024999976158142
vt 0.6439871191978455 1.0216506719589233
vt 0.6225000023841858 1.024999976158142
vt 0.6262046098709106 1.0216506719589233
vt 0.6439871191978455 1.0216506719589233
vt 0.6439871191978455 1.0216506719589233
vt 0.6262046098709106 1.0216506719589233
vt 0.6472617983818054 1.0125000476837158
vt 0.6262046098709106 1.0216506719589233
vt 0.6289166212081909 1.0125000476837158
vt 0.6472617983818054 1.0125000476837158
vt 0.6472617983818054 1.0125000476837158
vt 0.6289166212081909 1.0125000476837158
vt 0.6484603881835938 1
vt 0.6289166212081909 1.0125000476837158
vt 0.6299092769622803 1
vt 0.6484603881835938 1
vt 0.6484603881835938 1
vt 0.6299092769622803 1
vt 0.6484603881835938 0.6600000262260437
vt 0.6299092769622803 1
vt 0.6299092769622803 0.6600000262260437
vt 0.6484603881835938 0.6600000262260437
vt 0.6484603881835938 0.6600000262260437
vt 0.6299092769622803 0.6600000262260437
vt 0.6472617983818054 0.6474999785423279
vt 0.6299092769622803 0.6600000262260437
vt 0.6289166212081909 0.6474999785423279
vt 0.6472617983818054 0.6474999785423279
vt 0.6472617983818054 0.6474999785423279
vt 0.6289166212081909 0.6474999785423279
vt 0.6439871191978455 0.6383493542671204
vt 0.6289166212081909 0.6474999785423279
vt 0.6262046098709106 0.6383493542671204
vt 0.6439871191978455 0.6383493542671204
vt 0.6439871191978455 0.6383493542671204
vt 0.6262046098709106 0.6383493542671204
vt 0.6395139098167419 0.6349999904632568
vt 0.6262046098709106 0.6383493542671204
vt 0.6225000023841858 0.6349999904632568
vt 0.6395139098167419 0.6349999904632568
vt 0.6225000023841858 1.024999976158142
vt 0.6045138835906982 1.024999976158142
vt 0.6262046098709106 1.0216506719589233
vt 0.6045138835906982 1.024999976158142
vt 0.6074891686439514 1.0216506719589233
vt 0.6262046098709106 1.0216506719589233
vt 0.6262046098709106 1.0216506719589233
vt 0.6074891686439514 1.0216506719589233
vt 0.6289166212081909 1.0125000476837158
vt 0.6074891686439514 1.0216506719589233
vt 0.609667181968689 1.0125000476837158
vt 0.6289166212081909 1.0125000476837158
vt 0.6289166212081909 1.0125000476837158
vt 0.609667181968689 1.0125000476837158
vt 0.6299092769622803 1
vt 0.609667181968689 1.0125000476837158
vt 0.6104643940925598 1
vt 0.6299092769622803 1
vt 0.6299092769622803 1
vt 0.6104643940925598 1
vt 0.6299092769622803 0.6600000262260437
vt 0.6104643940925598 1
vt 0.6104643940925598 0.6600000262260437
vt 0.6299092769622803 0.6600000262260437
vt 0.6299092769622803 0.6600000262260437
vt 0.6104643940925598 0.6600000262260437
vt 0.6289166212081909 0.6474999785423279
vt 0.6104643940925598 0.6600000262260437
vt 0.609667181968689 0.6474999785423279
vt 0.6289166212081909 0.6474999785423279
vt 0.6289166212081909 0.6474999785423279
vt 0.609667181968689 0.6474999785423279
vt 0.6262046098709106 0.6383493542671204
vt 0.609667181968689 0.6474999785423279
vt 0.6074891686439514 0.6383493542671204
vt 0.6262046098709106 0.6383493542671204
vt 0.6262046098709106 0.6383493542671204
vt 0.6074891686439514 0.6383493542671204
vt 0.6225000023841858 0.6349999904632568
vt 0.6074891686439514 0.6383493542671204
vt 0.6045138835906982 0.6349999904632568
vt 0.6225000023841858 0.6349999904632568
vt 0.6045138835906982 1.024999976158142
vt 0.5855555534362793 1.024999976158142
vt 0.6074891686439514 1.0216506719589233
vt 0.5855555534362793 1.024999976158142
vt 0.5878453850746155 1.0216506719589233
vt 0.6074891686439514 1.0216506719589233
vt 0.6074891686439514 1.0216506719589233
vt 0.5878453850746155 1.0216506719589233
vt 0.609667181968689 1.0125000476837158
vt 0.5878453850746155 1.0216506719589233
vt 0.5895217061042786 1.0125000476837158
vt 0.609667181968689 1.0125000476837158
vt 0.609667181968689 1.0125000476837158
vt 0.5895217061042786 1.0125000476837158
vt 0.6104643940925598 1
vt 0.5895217061042786 1.0125000476837158
vt 0.5901352763175964 1
vt 0.6104643940925598 1
vt 0.6104643940925598 1
vt 0.5901352763175964 1
vt 0.6104643940925598 0.6600000262260437
vt 0.5901352763175964 1
vt 0.5901352763175964 0.6600000262260437
vt 0.6104643940925598 0.6600000262260437
vt 0.6104643940925598 0.6600000262260437
vt 0.5901352763175964 0.6600000262260437
vt 0.609667181968689 0.6474999785423279
vt 0.5901352763175964 0.6600000262260437
vt 0.5895217061042786 0.6474999785423279
vt 0.609667181968689 0.6474999785423279
vt 0.609667181968689 0.6474999785423279
vt 0.5895217061042786 0.6474999785423279
vt 0.6074891686439514 0.6383493542671204
vt 0.5895217061042786 0.6474999785423279
vt 0.5878453850746155 0.6383493542671204
vt 0.6074891686439514 0.6383493542671204
vt 0.6074891686439514 0.6383493542671204
vt 0.5878453850746155 0.6383493542671204
vt 0.6045138835906982 0.6349999904632568
vt 0.5878453850746155 0.6383493542671204
vt 0.5855555534362793 0.6349999904632568
vt 0.6045138835906982 0.6349999904632568
vt 0.5855555534362793 1.024999976158142
vt 0.565625011920929 1.024999976158142
vt 0.5878453850746155 1.0216506719589233
vt 0.565625011920929 1.024999976158142
vt 0.5672755837440491 1.0216506719589233
vt 0.5878453850746155 1.0216506719589233
vt 0.5878453850746155 1.0216506719589233
vt 0.5672755837440491 1.0216506719589233
vt 0.5895217061042786 1.0125000476837158
vt 0.5672755837440491 1.0216506719589233
vt 0.5684838891029358 1.0125000476837158
vt 0.5895217061042786 1.0125000476837158
vt 0.5895217061042786 1.0125000476837158
vt 0.5684838891029358 1.0125000476837158
vt 0.5901352763175964 1
vt 0.5684838891029358 1.0125000476837158
vt 0.5689261555671692 1
vt 0.5901352763175964 1
vt 0.5901352763175964 1
vt 0.5689261555671692 1
vt 0.5901352763175964 0.6600000262260437
vt 0.5689261555671692 1
vt 0.5689261555671692 0.6600000262260437
vt 0.5901352763175964 0.6600000262260437
vt 0.5901352763175964 0.6600000262260437
vt 0.5689261555671692 0.6600000262260437
vt 0.5895217061042786 0.6474999785423279
vt 0.5689261555671692 0.6600000262260437
vt 0.5684838891029358 0.6474999785423279
vt 0.5895217061042786 0.6474999785423279
vt 0.5895217061042786 0.6474999785423279
vt 0.5684838891029358 0.6474999785423279
vt 0.5878453850746155 0.6383493542671204
vt 0.5684838891029358 0.6474999785423279
vt 0.5672755837440491 0.6383493542671204
vt 0.5878453850746155 0.6383493542671204
vt 0.5878453850746155 0.6383493542671204
vt 0.5672755837440491 0.6383493542671204
vt 0.5855555534362793 0.6349999904632568
vt 0.5672755837440491 0.6383493542671204
vt 0.565625011920929 0.6349999904632568
vt 0.5855555534362793 0.6349999904632568
vt 0.565625011920929 1.024999976158142
vt 0.5447221994400024 1.024999976158142
vt 0.5672755837440491 1.0216506719589233
vt 0.5447221994400024 1.024999976158142
vt 0.5457798838615417 1.0216506719589233
vt 0.5672755837440491 1.0216506719589233
vt 0.5672755837440491 1.0216506719589233
vt 0.5457798838615417 1.0216506719589233
vt 0.5684838891029358 1.0125000476837158
vt 0.5457798838615417 1.0216506719589233
vt 0.5465541481971741 1.0125000476837158
vt 0.5684838891029358 1.0125000476837158
vt 0.5684838891029358 1.0125000476837158
vt 0.5465541481971741 1.0125000476837158
vt 0.5689261555671692 1
vt 0.5465541481971741 1.0125000476837158
vt 0.5468375086784363 1
vt 0.5689261555671692 1
vt 0.5689261555671692 1
vt 0.5468375086784363 1
vt 0.5689261555671692 0.6600000262260437
vt 0.5468375086784363 1
vt 0.5468375086784363 0.6600000262260437
vt 0.5689261555671692 0.6600000262260437
vt 0.5689261555671692 0.6600000262260437
vt 0.5468375086784363 0.6600000262260437
vt 0.5684838891029358 0.6474999785423279
vt 0.5468375086784363 0.6600000262260437
vt 0.5465541481971741 0.6474999785423279
vt 0.5684838891029358 0.6474999785423279
vt 0.5684838891029358 0.6474999785423279
vt 0.5465541481971741 0.6474999785423279
vt 0.5672755837440491 0.6383493542671204
vt 0.5465541481971741 0.6474999785423279
vt 0.5457798838615417 0.6383493542671204
vt 0.5672755837440491 0.6383493542671204
vt 0.5672755837440491 0.6383493542671204
vt 0.5457798838615417 0.6383493542671204
vt 0.565625011920929 0.6349999904632568
vt 0.5457798838615417 0.6383493542671204
vt 0.5447221994400024 0.6349999904632568
vt 0.565625011920929 0.6349999904632568
vt 0.5447221994400024 1.024999976158142
vt 0.5228472352027893 1.024999976158142
vt 0.5457798838615417 1.0216506719589233
vt 0.5228472352027893 1.024999976158142
vt 0.523357093334198 1.0216506719589233
vt 0.5457798838615417 1.0216506719589233
vt 0.5457798838615417 1.0216506719589233
vt 0.523357093334198 1.0216506719589233
vt 0.5465541481971741 1.0125000476837158
vt 0.523357093334198 1.0216506719589233
vt 0.5237302780151367 1.0125000476837158
vt 0.5465541481971741 1.0125000476837158
vt 0.5465541481971741 1.0125000476837158
vt 0.5237302780151367 1.0125000476837158
vt 0.5468375086784363 1
vt 0.5237302780151367 1.0125000476837158
vt 0.5238668918609619 1
vt 0.5468375086784363 1
vt 0.5468375086784363 1
vt 0.5238668918609619 1
vt 0.5468375086784363 0.6600000262260437
vt 0.5238668918609619 1
vt 0.5238668918609619 0.6600000262260437
vt 0.5468375086784363 0.6600000262260437
vt 0.5468375086784363 0.6600000262260437
vt 0.5238668918609619 0.6600000262260437
vt 0.5465541481971741 0.6474999785423279
vt 0.5238668918609619 0.6600000262260437
vt 0.5237302780151367 0.6474999785423279
vt 0.5465541481971741 0.6474999785423279
vt 0.5465541481971741 0.6474999785423279
vt 0.5237302780151367 0.6474999785423279
vt 0.5457798838615417 0.6383493542671204
vt 0.5237302780151367 0.6474999785423279
vt 0.523357093334198 0.6383493542671204
vt 0.5457798838615417 0.6383493542671204
vt 0.5457798838615417 0.6383493542671204
vt 0.523357093334198 0.6383493542671204
vt 0.5447221994400024 0.6349999904632568
vt 0.523357093334198 0.6383493542671204
vt 0.5228472352027893 0.6349999904632568
vt 0.5447221994400024 0.6349999904632568
vt 0.5228472352027893 1.024999976158142
vt 0.5 1.024999976158142
vt 0.523357093334198 1.0216506719589233
vt 0.5 1.024999976158142
vt 0.5001234412193298 1.0216506719589233
vt 0.523357093334198 1.0216506719589233
vt 0.523357093334198 1.0216506719589233
vt 0.5001234412193298 1.0216506719589233
vt 0.5237302780151367 1.0125000476837158
vt 0.5001234412193298 1.0216506719589233
vt 0.5002138614654541 1.0125000476837158
vt 0.5237302780151367 1.0125000476837158
vt 0.5237302780151367 1.0125000476837158
vt 0.5002138614654541 1.0125000476837158
vt 0.5238668918609619 1
vt 0.5002138614654541 1.0125000476837158
vt 0.5002469420433044 1
vt 0.5238668918609619 1
vt 0.5238668918609619 1
vt 0.5002469420433044 1
vt 0.5238668918609619 0.6600000262260437
vt 0.5002469420433044 1
vt 0.5002469420433044 0.6600000262260437
vt 0.5238668918609619 0.6600000262260437
vt 0.5238668918609619 0.6600000262260437
vt 0.5002469420433044 0.6600000262260437
vt 0.5237302780151367 0.6474999785423279
vt 0.5002469420433044 0.6600000262260437
vt 0.5002138614654541 0.6474999785423279
vt 0.5237302780151367 0.6474999785423279
vt 0.5237302780151367 0.6474999785423279
vt 0.5002138614654541 0.6474999785423279
vt 0.523357093334198 0.6383493542671204
vt 0.5002138614654541 0.6474999785423279
vt 0.5001234412193298 0.6383493542671204
vt 0.523357093334198 0.6383493542671204
vt 0.523357093334198 0.6383493542671204
vt 0.5001234412193298 0.6383493542671204
vt 0.5228472352027893 0.6349999904632568
vt 0.5001234412193298 0.6383493542671204
vt 0.5 0.6349999904632568
vt 0.5228472352027893 0.6349999904632568
vt 0.5 1.024999976158142
vt 0.12999999523162842 1.024999976158142
vt 0.5001234412193298 1.0216506719589233
vt 0.12999999523162842 1.024999976158142
vt 0.11422225087881088 1.0216506719589233
vt 0.5001234412193298 1.0216506719589233
vt 0.5001234412193298 1.0216506719589233
vt 0.11422225087881088 1.0216506719589233
vt 0.5002138614654541 1.0125000476837158
vt 0.11422225087881088 1.0216506719589233
vt 0.10267213732004166 1.0125000476837158
vt 0.5002138614654541 1.0125000476837158
vt 0.5002138614654541 1.0125000476837158
vt 0.10267213732004166 1.0125000476837158
vt 0.5002469420433044 1
vt 0.10267213732004166 1.0125000476837158
vt 0.09844450652599335 1
vt 0.5002469420433044 1
vt 0.5002469420433044 1
vt 0.09844450652599335 1
vt 0.5002469420433044 0.6600000262260437
vt 0.09844450652599335 1
vt 0.09844450652599335 0.6600000262260437
vt 0.5002469420433044 0.6600000262260437
vt 0.5002469420433044 0.6600000262260437
vt 0.09844450652599335 0.6600000262260437
vt 0.5002138614654541 0.6474999785423279
vt 0.09844450652599335 0.6600000262260437
vt 0.10267213732004166 0.6474999785423279
vt 0.5002138614654541 0.6474999785423279
vt 0.5002138614654541 0.6474999785423279
vt 0.10267213732004166 0.6474999785423279
vt 0.5001234412193298 0.6383493542671204
vt 0.10267213732004166 0.6474999785423279
vt 0.11422225087881088 0.6383493542671204
vt 0.5001234412193298 0.6383493542671204
vt 0.5001234412193298 0.6383493542671204
vt 0.11422225087881088 0.6383493542671204
vt 0.5 0.6349999904632568
vt 0.11422225087881088 0.6383493542671204
vt 0.12999999523162842 0.6349999904632568
vt 0.5 0.6349999904632568
vt -1.059999942779541 1.024999976158142
vt -0.5849999785423279 1.024999976158142
vt -1.0679726600646973 1.0216506719589233
vt -0.5849999785423279 1.024999976158142
vt -0.5808920860290527 1.0216506719589233
vt -1.0679726600646973 1.0216506719589233
vt -1.0679726600646973 1.0216506719589233
vt -0.5808920860290527 1.0216506719589233
vt -1.073809027671814 1.0125000476837158
vt -0.5808920860290527 1.0216506719589233
vt -0.5778849124908447 1.0125000476837158
vt -1.073809027671814 1.0125000476837158
vt -1.073809027671814 1.0125000476837158
vt -0.5778849124908447 1.0125000476837158
vt -1.075945258140564 1
vt -0.5778849124908447 1.0125000476837158
vt -0.5767841935157776 1
vt -1.075945258140564 1
vt -1.075945258140564 1
vt -0.5767841935157776 1
vt -1.075945258140564 0.6600000262260437
vt -0.5767841935157776 1
vt -0.5767841935157776 0.6600000262260437
vt -1.075945258140564 0.6600000262260437
vt -1.075945258140564 0.6600000262260437
vt -0.5767841935157776 0.6600000262260437
vt -1.073809027671814 0.6474999785423279
vt -0.5767841935157776 0.6600000262260437
vt -0.5778849124908447 0.6474999785423279
vt -1.073809027671814 0.6474999785423279
vt -1.073809027671814 0.6474999785423279
vt -0.5778849124908447 0.6474999785423279
vt -1.0679726600646973 0.6383493542671204
vt -0.5778849124908447 0.6474999785423279
vt -0.5808920860290527 0.6383493542671204
vt -1.0679726600646973 0.6383493542671204
vt -1.0679726600646973 0.6383493542671204
vt -0.5808920860290527 0.6383493542671204
vt -1.059999942779541 0.6349999904632568
vt -0.5808920860290527 0.6383493542671204
vt -0.5849999785423279 0.6349999904632568
vt -1.059999942779541 0.6349999904632568
vt -0.5849999785423279 1.024999976158142
vt 0.029999999329447746 1.024999976158142
vt -0.5808920860290527 1.0216506719589233
vt 0.029999999329447746 1.024999976158142
vt 0.039300382137298584 1.0216506719589233
vt -0.5808920860290527 1.0216506719589233
vt -0.5808920860290527 1.0216506719589233
vt 0.039300382137298584 1.0216506719589233
vt -0.5778849124908447 1.0125000476837158
vt 0.039300382137298584 1.0216506719589233
vt 0.04610873758792877 1.0125000476837158
vt -0.5778849124908447 1.0125000476837158
vt -0.5778849124908447 1.0125000476837158
vt 0.04610873758792877 1.0125000476837158
vt -0.5767841935157776 1
vt 0.04610873758792877 1.0125000476837158
vt 0.04860076680779457 1
vt -0.5767841935157776 1
vt -0.5767841935157776 1
vt 0.04860076680779457 1
vt -0.5767841935157776 0.6600000262260437
vt 0.04860076680779457 1
vt 0.04860076680779457 0.6600000262260437
vt -0.5767841935157776 0.6600000262260437
vt -0.5767841935157776 0.6600000262260437
vt 0.04860076680779457 0.6600000262260437
vt -0.5778849124908447 0.6474999785423279
vt 0.04860076680779457 0.6600000262260437
vt 0.04610873758792877 0.6474999785423279
vt -0.5778849124908447 0.6474999785423279
vt -0.5778849124908447 0.6474999785423279
vt 0.04610873758792877 0.6474999785423279
vt -0.5808920860290527 0.6383493542671204
vt 0.04610873758792877 0.6474999785423279
vt 0.039300382137298584 0.6383493542671204
vt -0.5808920860290527 0.6383493542671204
vt -0.5808920860290527 0.6383493542671204
vt 0.039300382137298584 0.6383493542671204
vt -0.5849999785423279 0.6349999904632568
vt 0.039300382137298584 0.6383493542671204
vt 0.029999999329447746 0.6349999904632568
vt -0.5849999785423279 0.6349999904632568
vt 0.47999998927116394 1.024999976158142
vt 0.7799999713897705 1.024999976158142
vt 0.4675000011920929 1.0216506719589233
vt 0.7799999713897705 1.024999976158142
vt 0.7905523180961609 1.0216506719589233
vt 0.4675000011920929 1.0216506719589233
vt 0.4675000011920929 1.0216506719589233
vt 0.7905523180961609 1.0216506719589233
vt 0.4583493769168854 1.0125000476837158
vt 0.7905523180961609 1.0216506719589233
vt 0.7982771992683411 1.0125000476837158
vt 0.4583493769168854 1.0125000476837158
vt 0.4583493769168854 1.0125000476837158
vt 0.7982771992683411 1.0125000476837158
vt 0.45500001311302185 1
vt 0.7982771992683411 1.0125000476837158
vt 0.8011046648025513 1
vt 0.45500001311302185 1
vt 0.45500001311302185 1
vt 0.8011046648025513 1
vt 0.45500001311302185 0.6600000262260437
vt 0.8011046648025513 1
vt 0.8011046648025513 0.6600000262260437
vt 0.45500001311302185 0.6600000262260437
vt 0.45500001311302185 0.6600000262260437
vt 0.8011046648025513 0.6600000262260437
vt 0.4583493769168854 0.6474999785423279
vt 0.8011046648025513 0.6600000262260437
vt 0.7982771992683411 0.6474999785423279
vt 0.4583493769168854 0.6474999785423279
vt 0.4583493769168854 0.6474999785423279
vt 0.7982771992683411 0.6474999785423279
vt 0.4675000011920929 0.6383493542671204
vt 0.7982771992683411 0.6474999785423279
vt 0.7905523180961609 0.6383493542671204
vt 0.4675000011920929 0.6383493542671204
vt 0.4675000011920929 0.6383493542671204
vt 0.7905523180961609 0.6383493542671204
vt 0.47999998927116394 0.6349999904632568
vt 0.7905523180961609 0.6383493542671204
vt 0.7799999713897705 0.6349999904632568
vt 0.47999998927116394 0.6349999904632568
vt 0.11999999731779099 1.024999976158142
vt -0.800000011920929 1.024999976158142
vt 0.13418267667293549 1.0216506719589233
vt -0.800000011920929 1.024999976158142
vt -0.8001431822776794 1.0216506719589233
vt 0.13418267667293549 1.0216506719589233
vt 0.13418267667293549 1.0216506719589233
vt -0.8001431822776794 1.0216506719589233
vt 0.14456510543823242 1.0125000476837158
vt -0.8001431822776794 1.0216506719589233
vt -0.8002480268478394 1.0125000476837158
vt 0.14456510543823242 1.0125000476837158
vt 0.14456510543823242 1.0125000476837158
vt -0.8002480268478394 1.0125000476837158
vt 0.1483653336763382 1
vt -0.8002480268478394 1.0125000476837158
vt -0.8002863526344299 1
vt 0.1483653336763382 1
vt 0.1483653336763382 1
vt -0.8002863526344299 1
vt 0.1483653336763382 0.6600000262260437
vt -0.8002863526344299 1
vt -0.8002863526344299 0.6600000262260437
vt 0.1483653336763382 0.6600000262260437
vt 0.1483653336763382 0.6600000262260437
vt -0.8002863526344299 0.6600000262260437
vt 0.14456510543823242 0.6474999785423279
vt -0.8002863526344299 0.6600000262260437
vt -0.8002480268478394 0.6474999785423279
vt 0.14456510543823242 0.6474999785423279
vt 0.14456510543823242 0.6474999785423279
vt -0.8002480268478394 0.6474999785423279
vt 0.13418267667293549 0.6383493542671204
vt -0.8002480268478394 0.6474999785423279
vt -0.8001431822776794 0.6383493542671204
vt 0.13418267667293549 0.6383493542671204
vt 0.13418267667293549 0.6383493542671204
vt -0.8001431822776794 0.6383493542671204
vt 0.11999999731779099 0.6349999904632568
vt -0.8001431822776794 0.6383493542671204
vt -0.800000011920929 0.6349999904632568
vt 0.11999999731779099 0.6349999904632568
vn 0 0 -1
vn 0 0 -1
vn 0 0 -1
vn 0 0 -1
vn 0 0 -1
vn 0 0 -1
vn 0 0 -1
vn 0 0 -1
vn 0 0 -1
vn 0 0 -1
vn 0 0 -1
vn 0 0 -1
vn 0 0 -1
vn 0 0 -1
vn 0 0 -1
vn 0 0 -1
vn 0 0 -1
vn 0 0 -1
vn 0 0 -1
vn 0 0 -1
vn 0 0 -1
vn 0 0 -1
vn 0 0 -1
vn 0 0 -1
vn 0 0 -1
vn 0 0 -1
vn 0 0 -1
vn 0 0 -1
vn 0 0 -1
vn 0 0 -1
vn 0 0 -1
vn 0 0 -1
vn 0 0 -1
vn 0 0 -1
vn 0 0 -1
vn 0 0 -1
vn 0 0 -1
vn 0 0 -1
vn 0 0 -1
vn 0 0 -1
vn 0 0 -1
vn 0 0 -1
vn 0 0 -1
vn 0 0 -1
vn 0 0 -1
vn 0 0 -1
vn 0 0 -1
vn 0 0 -1
vn 0 0 -1
vn 0 0 -1
vn 0 0 -1
vn 0 0 -1
vn 0 0 -1
vn 0 0 -1
vn 0 0 -1
vn 0 0 -1
vn 0 0 -1
vn 0 0 -1
vn 0 0 -1
vn 0 0 -1
vn 0 0 -1
vn 0 0 -1
vn 0 0 -1
vn 0 0 -1
vn 0 0 -1
vn 0 0 -1
vn 0 0 -1
vn 0 0 -1
vn 0 0 -1
vn 0 0 -1
vn 0 0 -1
vn 0 0 -1
vn 0 0 -1
vn 0 0 -1
vn 0 0 -1
vn 0 0 -1
vn 0 0 -1
vn 0 0 -1
vn 0 0 -1
vn 0 0 -1
vn 0 0 -1
vn 0 0 1
vn 0 0 1
vn 0 0 1
vn 0 0 1
vn 0 0 1
vn 0 0 1
vn 0 0 1
vn 0 0 1
vn 0 0 1
vn 0 0 1
vn 0 0 1
vn 0 0 1
vn 0 0 1
vn 0 0 1
vn 0 0 1
vn 0 0 1
vn 0 0 1
vn 0 0 1
vn 0 0 1
vn 0 0 1
vn 0 0 1
vn 0 0 1
vn 0 0 1
vn 0 0 1
vn 0 0 1
vn 0 0 1
vn 0 0 1
vn 0 0 1
vn 0 0 1
vn 0 0 1
vn 0 0 1
vn 0 0 1
vn 0 0 1
vn 0 0 1
vn 0 0 1
vn 0 0 1
vn 0 0 1
vn 0 0 1
vn 0 0 1
vn 0 0 1
vn 0 0 1
vn 0 0 1
vn 0 0 1
vn 0 0 1
vn 0 0 1
vn 0 0 1
vn 0 0 1
vn 0 0 1
vn 0 0 1
vn 0 0 1
vn 0 0 1
vn 0 0 1
vn 0 0 1
vn 0 0 1
vn 0 0 1
vn 0 0 1
vn 0 0 1
vn 0 0 1
vn 0 0 1
vn 0 0 1
vn 0 0 1
vn 0 0 1
vn 0 0 1
vn 0 0 1
vn 0 0 1
vn 0 0 1
vn 0 0 1
vn 0 0 1
vn 0 0 1
vn 0 0 1
vn 0 0 1
vn 0 0 1
vn 0 0 1
vn 0 0 1
vn 0 0 1
vn 0 0 1
vn 0 0 1
vn 0 0 1
vn 0 0 1
vn 0 0 1
vn 0 0 1
vn -0.005928386996265888 0.25875026258947337 -0.9659260612684085
vn -0.005928386996265888 0.25875026258947337 -0.9659260612684085
vn -0.005928386996265888 0.25875026258947337 -0.9659260612684085
vn -0.005928990420161708 0.2587511832695733 -0.965925810934356
vn -0.005928990420161708 0.2587511832695733 -0.965925810934356
vn -0.005928990420161708 0.2587511832695733 -0.965925810934356
vn -0.016198309308401233 0.7069215848720017 -0.7071064188773898
vn -0.016198309308401233 0.7069215848720017 -0.7071064188773898
vn -0.016198309308401233 0.7069215848720017 -0.7071064188773898
vn -0.016198213655540764 0.7069214965528414 -0.7071065093646507
vn -0.016198213655540764 0.7069214965528414 -0.7071065093646507
vn -0.016198213655540764 0.7069214965528414 -0.7071065093646507
vn -0.022127161190530435 0.9656723907067886 -0.2588188991636504
vn -0.022127161190530435 0.9656723907067886 -0.2588188991636504
vn -0.022127161190530435 0.9656723907067886 -0.2588188991636504
vn -0.022126771051322863 0.9656722345598548 -0.2588195151124031
vn -0.022126771051322863 0.9656722345598548 -0.2588195151124031
vn -0.022126771051322863 0.9656722345598548 -0.2588195151124031
vn -0.022907323504784968 0.9997375928361637 0
vn -0.022907323504784968 0.9997375928361637 0
vn -0.022907323504784968 0.9997375928361637 0
vn -0.022907323504784968 0.9997375928361637 0
vn -0.022907323504784968 0.9997375928361637 0
vn -0.022907323504784968 0.9997375928361637 0
vn -0.022126775890626525 0.9656723427830578 0.258819110910625
vn -0.022126775890626525 0.9656723427830578 0.258819110910625
vn -0.022126775890626525 0.9656723427830578 0.258819110910625
vn -0.022127157611888777 0.9656721586882399 0.2588197651463542
vn -0.022127157611888777 0.9656721586882399 0.2588197651463542
vn -0.022127157611888777 0.9656721586882399 0.2588197651463542
vn -0.01619823110014087 0.7069223607290313 0.7071056450138974
vn -0.01619823110014087 0.7069223607290313 0.7071056450138974
vn -0.01619823110014087 0.7069223607290313 0.7071056450138974
vn -0.01619832420760879 0.7069222404378344 0.7071057631410015
vn -0.01619832420760879 0.7069222404378344 0.7071057631410015
vn -0.01619832420760879 0.7069222404378344 0.7071057631410015
vn -0.0059289665657250535 0.25875013557488274 0.9659260917355128
vn -0.0059289665657250535 0.25875013557488274 0.9659260917355128
vn -0.0059289665657250535 0.25875013557488274 0.9659260917355128
vn -0.005928405411687618 0.2587510580415771 0.9659258480709785
vn -0.005928405411687618 0.2587510580415771 0.9659258480709785
vn -0.005928405411687618 0.2587510580415771 0.9659258480709785
vn -0.018534360346632566 0.2581546291727035 -0.9659258071525187
vn -0.018534360346632566 0.2581546291727035 -0.9659258071525187
vn -0.018534360346632566 0.2581546291727035 -0.9659258071525187
vn -0.018533914978019164 0.25815403039030277 -0.9659259757294189
vn -0.018533914978019164 0.25815403039030277 -0.9659259757294189
vn -0.018533914978019164 0.25815403039030277 -0.9659259757294189
vn -0.050635727140912565 0.7052916627554322 -0.7071065645180992
vn -0.050635727140912565 0.7052916627554322 -0.7071065645180992
vn -0.050635727140912565 0.7052916627554322 -0.7071065645180992
vn -0.050635751569480726 0.7052916916829964 -0.7071065339154566
vn -0.050635751569480726 0.7052916916829964 -0.7071065339154566
vn -0.050635751569480726 0.7052916916829964 -0.7071065339154566
vn -0.06916969388681452 0.9634459184692272 -0.2588194653278453
vn -0.06916969388681452 0.9634459184692272 -0.2588194653278453
vn -0.06916969388681452 0.9634459184692272 -0.2588194653278453
vn -0.06917075178540043 0.9634462749288184 -0.25881785568856375
vn -0.06917075178540043 0.9634462749288184 -0.25881785568856375
vn -0.06917075178540043 0.9634462749288184 -0.25881785568856375
vn -0.07161080105187916 0.9974326509457709 0
vn -0.07161080105187916 0.9974326509457709 0
vn -0.07161080105187916 0.9974326509457709 0
vn -0.07161080105187916 0.9974326509457709 0
vn -0.07161080105187916 0.9974326509457709 0
vn -0.07161080105187916 0.9974326509457709 0
vn -0.06917071287512563 0.9634457750069215 0.25881972703343037
vn -0.06917071287512563 0.9634457750069215 0.25881972703343037
vn -0.06917071287512563 0.9634457750069215 0.25881972703343037
vn -0.06916971340278524 0.9634462962030516 0.25881805400782765
vn -0.06916971340278524 0.9634462962030516 0.25881805400782765
vn -0.06916971340278524 0.9634462962030516 0.25881805400782765
vn -0.05063580737126495 0.7052924058582785 0.7071058175764794
vn -0.05063580737126495 0.7052924058582785 0.7071058175764794
vn -0.05063580737126495 0.7052924058582785 0.7071058175764794
vn -0.05063578136656678 0.7052924664704447 0.707105758981946
vn -0.05063578136656678 0.7052924664704447 0.707105758981946
vn -0.05063578136656678 0.7052924664704447 0.707105758981946
vn -0.01853395020877091 0.258154505005743 0.9659258482072518
vn -0.01853395020877091 0.258154505005743 0.9659258482072518
vn -0.01853395020877091 0.258154505005743 0.9659258482072518
vn -0.01853430671210213 0.2581538894377977 0.9659260058839076
vn -0.01853430671210213 0.2581538894377977 0.9659260058839076
vn -0.01853430671210213 0.2581538894377977 0.9659260058839076
vn -0.032159067187212426 0.25681277707741784 -0.9659259764223307
vn -0.032159067187212426 0.25681277707741784 -0.9659259764223307
vn -0.032159067187212426 0.25681277707741784 -0.9659259764223307
vn -0.032159347044460274 0.2568131383825095 -0.9659258710438395
vn -0.032159347044460274 0.2568131383825095 -0.9659258710438395
vn -0.032159347044460274 0.2568131383825095 -0.9659258710438395
vn -0.08786105297129533 0.7016271894965951 -0.7071065848440987
vn -0.08786105297129533 0.7016271894965951 -0.7071065848440987
vn -0.08786105297129533 0.7016271894965951 -0.7071065848440987
vn -0.0878613044215902 0.701627353381855 -0.7071063909849141
vn -0.0878613044215902 0.701627353381855 -0.7071063909849141
vn -0.0878613044215902 0.701627353381855 -0.7071063909849141
vn -0.12002075261766022 0.9584405857133301 -0.2588178173901072
vn -0.12002075261766022 0.9584405857133301 -0.2588178173901072
vn -0.12002075261766022 0.9584405857133301 -0.2588178173901072
vn -0.12001878998587982 0.9584400241770235 -0.2588208069415435
vn -0.12001878998587982 0.9584400241770235 -0.2588208069415435
vn -0.12001878998587982 0.9584400241770235 -0.2588208069415435
vn -0.12425264617776222 0.9922506134630624 0
vn -0.12425264617776222 0.9922506134630624 0
vn -0.12425264617776222 0.9922506134630624 0
vn -0.12425264617776222 0.9922506134630624 0
vn -0.12425264617776222 0.9922506134630624 0
vn -0.12425264617776222 0.9922506134630624 0
vn -0.12001888648975685 0.9584407366084339 0.25881812396978987
vn -0.12001888648975685 0.9584407366084339 0.25881812396978987
vn -0.12001888648975685 0.9584407366084339 0.25881812396978987
vn -0.12002066736264011 0.9584397247995428 0.2588210449944196
vn -0.12002066736264011 0.9584397247995428 0.2588210449944196
vn -0.12002066736264011 0.9584397247995428 0.2588210449944196
vn -0.08786137489177565 0.7016278574896002 0.7071058820266453
vn -0.08786137489177565 0.7016278574896002 0.7071058820266453
vn -0.08786137489177565 0.7016278574896002 0.7071058820266453
vn -0.08786118281551296 0.7016281685999788 0.7071055971927381
vn -0.08786118281551296 0.7016281685999788 0.7071055971927381
vn -0.08786118281551296 0.7016281685999788 0.7071055971927381
vn -0.03215928822883278 0.25681260824151725 0.9659260139517952
vn -0.03215928822883278 0.25681260824151725 0.9659260139517952
vn -0.03215928822883278 0.25681260824151725 0.9659260139517952
vn -0.03215909684116166 0.2568130143111329 0.9659259123611866
vn -0.03215909684116166 0.2568130143111329 0.9659259123611866
vn -0.03215909684116166 0.2568130143111329 0.9659259123611866
vn -0.04680304986246921 0.2545519179633427 -0.9659258747878923
vn -0.04680304986246921 0.2545519179633427 -0.9659258747878923
vn -0.04680304986246921 0.2545519179633427 -0.9659258747878923
vn -0.046803723290588996 0.254552539192321 -0.9659256784436782
vn -0.046803723290588996 0.254552539192321 -0.9659256784436782
vn -0.046803723290588996 0.254552539192321 -0.9659256784436782
vn -0.12786993401750232 0.6954494128147871 -0.7071063528140072
vn -0.12786993401750232 0.6954494128147871 -0.7071063528140072
vn -0.12786993401750232 0.6954494128147871 -0.7071063528140072
vn -0.1278685037391451 0.695448341199064 -0.7071076654053347
vn -0.1278685037391451 0.695448341199064 -0.7071076654053347
vn -0.1278685037391451 0.695448341199064 -0.7071076654053347
vn -0.1746717549310993 0.9500008262974506 -0.2588208029959165
vn -0.1746717549310993 0.9500008262974506 -0.2588208029959165
vn -0.1746717549310993 0.9500008262974506 -0.2588208029959165
vn -0.17467252902369032 0.950001000935542 -0.2588196395676659
vn -0.17467252902369032 0.950001000935542 -0.2588196395676659
vn -0.17467252902369032 0.950001000935542 -0.2588196395676659
vn -0.18083433384053033 0.9835135706763032 0
vn -0.18083433384053033 0.9835135706763032 0
vn -0.18083433384053033 0.9835135706763032 0
vn -0.18083433384053033 0.9835135706763032 0
vn -0.18083433384053033 0.9835135706763032 0
vn -0.18083433384053033 0.9835135706763032 0
vn -0.17467248170417543 0.950000629079723 0.2588210364005118
vn -0.17467248170417543 0.950000629079723 0.2588210364005118
vn -0.17467248170417543 0.950000629079723 0.2588210364005118
vn -0.17467178602832747 0.9500010717587352 0.25881988104264503
vn -0.17467178602832747 0.9500010717587352 0.25881988104264503
vn -0.17467178602832747 0.9500010717587352 0.25881988104264503
vn -0.12786885854044625 0.695450352383913 0.7071056232166838
vn -0.12786885854044625 0.695450352383913 0.7071056232166838
vn -0.12786885854044625 0.695450352383913 0.7071056232166838
vn -0.1278698305263898 0.6954488212118637 0.7071069533784698
vn -0.1278698305263898 0.6954488212118637 0.7071069533784698
vn -0.1278698305263898 0.6954488212118637 0.7071069533784698
vn -0.04680355925510573 0.25455167425758474 0.9659259143297246
vn -0.04680355925510573 0.25455167425758474 0.9659259143297246
vn -0.04680355925510573 0.25455167425758474 0.9659259143297246
vn -0.04680316943824772 0.2545525458053688 0.9659257035375651
vn -0.04680316943824772 0.2545525458053688 0.9659257035375651
vn -0.04680316943824772 0.2545525458053688 0.9659257035375651
vn -0.062422930024360467 0.2511791539799339 -0.965925675408361
vn -0.062422930024360467 0.2511791539799339 -0.965925675408361
vn -0.062422930024360467 0.2511791539799339 -0.965925675408361
vn -0.06242323729015274 0.2511794294114771 -0.9659255839280488
vn -0.06242323729015274 0.2511794294114771 -0.9659255839280488
vn -0.06242323729015274 0.2511794294114771 -0.9659255839280488
vn -0.17054263215171417 0.686231631583015 -0.7071077417435606
vn -0.17054263215171417 0.686231631583015 -0.7071077417435606
vn -0.17054263215171417 0.686231631583015 -0.7071077417435606
vn -0.17054292235580654 0.6862318385388907 -0.7071074709051485
vn -0.17054292235580654 0.6862318385388907 -0.7071074709051485
vn -0.17054292235580654 0.6862318385388907 -0.7071074709051485
vn -0.2329661762783491 0.9374109174660015 -0.2588194979629521
vn -0.2329661762783491 0.9374109174660015 -0.2588194979629521
vn -0.2329661762783491 0.9374109174660015 -0.2588194979629521
vn -0.23296665482808082 0.9374109836070132 -0.25881882765970826
vn -0.23296665482808082 0.9374109836070132 -0.25881882765970826
vn -0.23296665482808082 0.9374109836070132 -0.25881882765970826
vn -0.24118481886885026 0.970479202841153 0
vn -0.24118481886885026 0.970479202841153 0
vn -0.24118481886885026 0.970479202841153 0
vn -0.24118481886885026 0.970479202841153 0
vn -0.24118481886885026 0.970479202841153 0
vn -0.24118481886885026 0.970479202841153 0
vn -0.2329665966164837 0.9374107507937778 0.25881972327699165
vn -0.2329665966164837 0.9374107507937778 0.25881972327699165
vn -0.2329665966164837 0.9374107507937778 0.25881972327699165
vn -0.23296620538415036 0.9374110338726245 0.25881905015428697
vn -0.23296620538415036 0.9374110338726245 0.25881905015428697
vn -0.23296620538415036 0.9374110338726245 0.25881905015428697
vn -0.170543046983349 0.6862323371780539 0.707106956928569
vn -0.170543046983349 0.6862323371780539 0.707106956928569
vn -0.170543046983349 0.6862323371780539 0.707106956928569
vn -0.1705428817110673 0.686232629730882 0.7071067128731866
vn -0.1705428817110673 0.686232629730882 0.7071067128731866
vn -0.1705428817110673 0.686232629730882 0.7071067128731866
vn -0.06242312949908053 0.2511789833517979 0.9659257068873871
vn -0.06242312949908053 0.2511789833517979 0.9659257068873871
vn -0.06242312949908053 0.2511789833517979 0.9659257068873871
vn -0.062422982298148924 0.2511793630779406 0.9659256176563314
vn -0.062422982298148924 0.2511793630779406 0.9659256176563314
vn -0.062422982298148924 0.2511793630779406 0.9659256176563314
vn -0.07891957539487562 0.24649435524293825 -0.9659255838069829
vn -0.07891957539487562 0.24649435524293825 -0.9659255838069829
vn -0.07891957539487562 0.24649435524293825 -0.9659255838069829
vn -0.07891894139495952 0.24649389111882383 -0.9659257540464486
vn -0.07891894139495952 0.24649389111882383 -0.9659257540464486
vn -0.07891894139495952 0.24649389111882383 -0.9659257540464486
vn -0.21561010125517033 0.6734324080021615 -0.70710754209607
vn -0.21561010125517033 0.6734324080021615 -0.70710754209607
vn -0.21561010125517033 0.6734324080021615 -0.70710754209607
vn -0.21561057583088528 0.6734326393574092 -0.7071071770516744
vn -0.21561057583088528 0.6734326393574092 -0.7071071770516744
vn -0.21561057583088528 0.6734326393574092 -0.7071071770516744
vn -0.29452973361379636 0.9199266953919663 -0.25881868387464385
vn -0.29452973361379636 0.9199266953919663 -0.25881868387464385
vn -0.29452973361379636 0.9199266953919663 -0.25881868387464385
vn -0.29452749745071005 0.9199265730938694 -0.25882166323782074
vn -0.29452749745071005 0.9199265730938694 -0.25882166323782074
vn -0.29452749745071005 0.9199265730938694 -0.25882166323782074
vn -0.30491751833346314 0.9523787623699733 0
vn -0.30491751833346314 0.9523787623699733 0
vn -0.30491751833346314 0.9523787623699733 0
vn -0.30491751833346314 0.9523787623699733 0
vn -0.30491751833346314 0.9523787623699733 0
vn -0.30491751833346314 0.9523787623699733 0
vn -0.2945277009119482 0.9199272722484305 0.25881894669649674
vn -0.2945277009119482 0.9199272722484305 0.25881894669649674
vn -0.2945277009119482 0.9199272722484305 0.25881894669649674
vn -0.29452944217943844 0.9199258815064375 0.25882190831549207
vn -0.29452944217943844 0.9199258815064375 0.25882190831549207
vn -0.29452944217943844 0.9199258815064375 0.25882190831549207
vn -0.21561068697381353 0.6734330183329201 0.7071067822342627
vn -0.21561068697381353 0.6734330183329201 0.7071067822342627
vn -0.21561068697381353 0.6734330183329201 0.7071067822342627
vn -0.21561045913464066 0.6734334816716154 0.707106410432967
vn -0.21561045913464066 0.6734334816716154 0.707106410432967
vn -0.21561045913464066 0.6734334816716154 0.707106410432967
vn -0.07891908957973297 0.24649435047228963 0.9659256247171156
vn -0.07891908957973297 0.24649435047228963 0.9659256247171156
vn -0.07891908957973297 0.24649435047228963 0.9659256247171156
vn -0.07891933478025003 0.24649360332583167 0.9659257953472878
vn -0.07891933478025003 0.24649360332583167 0.9659257953472878
vn -0.07891933478025003 0.24649360332583167 0.9659257953472878
vn -0.09612243738078807 0.24030791511894803 -0.9659257647268555
vn -0.09612243738078807 0.24030791511894803 -0.9659257647268555
vn -0.09612243738078807 0.24030791511894803 -0.9659257647268555
vn -0.09612293648581971 0.24030819803132747 -0.9659256446747231
vn -0.09612293648581971 0.24030819803132747 -0.9659256446747231
vn -0.09612293648581971 0.24030819803132747 -0.9659256446747231
vn -0.26261192556977214 0.6565321683078987 -0.7071071266261324
vn -0.26261192556977214 0.6565321683078987 -0.7071071266261324
vn -0.26261192556977214 0.6565321683078987 -0.7071071266261324
vn -0.2626119533167764 0.6565321631695855 -0.7071071210919969
vn -0.2626119533167764 0.6565321631695855 -0.7071071210919969
vn -0.2626119533167764 0.6565321631695855 -0.7071071210919969
vn -0.3587345184782871 0.8968393807360864 -0.258821696179174
vn -0.3587345184782871 0.8968393807360864 -0.258821696179174
vn -0.3587345184782871 0.8968393807360864 -0.258821696179174
vn -0.3587369342947809 0.896839325702374 -0.258818538452123
vn -0.3587369342947809 0.896839325702374 -0.258818538452123
vn -0.3587369342947809 0.896839325702374 -0.258818538452123
vn -0.37139173998845953 0.9284762654308103 0
vn -0.37139173998845953 0.9284762654308103 0
vn -0.37139173998845953 0.9284762654308103 0
vn -0.37139173998845953 0.9284762654308103 0
vn -0.37139173998845953 0.9284762654308103 0
vn -0.37139173998845953 0.9284762654308103 0
vn -0.3587366276475139 0.8968384696773135 0.25882192969480583
vn -0.3587366276475139 0.8968384696773135 0.25882192969480583
vn -0.3587366276475139 0.8968384696773135 0.25882192969480583
vn -0.35873479600513625 0.8968401192567742 0.25881875246327923
vn -0.35873479600513625 0.8968401192567742 0.25881875246327923
vn -0.35873479600513625 0.8968401192567742 0.25881875246327923
vn -0.2626122505630383 0.6565328168782673 0.7071064037442337
vn -0.2626122505630383 0.6565328168782673 0.7071064037442337
vn -0.2626122505630383 0.6565328168782673 0.7071064037442337
vn -0.2626122236076616 0.6565328836003002 0.7071063518052388
vn -0.2626122236076616 0.6565328836003002 0.7071063518052388
vn -0.2626122236076616 0.6565328836003002 0.7071063518052388
vn -0.09612272524177305 0.24030766992118738 0.9659257970823351
vn -0.09612272524177305 0.24030766992118738 0.9659257970823351
vn -0.09612272524177305 0.24030766992118738 0.9659257970823351
vn -0.09612256821379739 0.24030823475082877 0.9659256721875263
vn -0.09612256821379739 0.24030823475082877 0.9659256721875263
vn -0.09612256821379739 0.24030823475082877 0.9659256721875263
vn -0.11379316653893493 0.2324623656372526 -0.9659256512855295
vn -0.11379316653893493 0.2324623656372526 -0.9659256512855295
vn -0.11379316653893493 0.2324623656372526 -0.9659256512855295
vn -0.11379218955888803 0.23246188685125319 -0.9659258816063215
vn -0.11379218955888803 0.23246188685125319 -0.9659258816063215
vn -0.11379218955888803 0.23246188685125319 -0.9659258816063215
vn -0.31088614954899235 0.6350979309269835 -0.7071070782780116
vn -0.31088614954899235 0.6350979309269835 -0.7071070782780116
vn -0.31088614954899235 0.6350979309269835 -0.7071070782780116
vn -0.31088801620717854 0.6350985047305433 -0.7071057422110169
vn -0.31088801620717854 0.6350985047305433 -0.7071057422110169
vn -0.31088801620717854 0.6350985047305433 -0.7071057422110169
vn -0.4246803503675213 0.8675596080313793 -0.25881832725709103
vn -0.4246803503675213 0.8675596080313793 -0.25881832725709103
vn -0.4246803503675213 0.8675596080313793 -0.25881832725709103
vn -0.42467745508833615 0.8675598969558199 -0.2588221094375471
vn -0.42467745508833615 0.8675598969558199 -0.2588221094375471
vn -0.42467745508833615 0.8675598969558199 -0.2588221094375471
vn -0.43965884262541216 0.8981648524081105 0
vn -0.43965884262541216 0.8981648524081105 0
vn -0.43965884262541216 0.8981648524081105 0
vn -0.43965884262541216 0.8981648524081105 0
vn -0.43965884262541216 0.8981648524081105 0
vn -0.43965884262541216 0.8981648524081105 0
vn -0.4246779005910774 0.8675607282909814 0.2588185918298313
vn -0.4246779005910774 0.8675607282909814 0.2588185918298313
vn -0.4246779005910774 0.8675607282909814 0.2588185918298313
vn -0.42467991505845093 0.8675586187064332 0.25882235771689516
vn -0.42467991505845093 0.8675586187064332 0.25882235771689516
vn -0.42467991505845093 0.8675586187064332 0.25882235771689516
vn -0.31088776190119816 0.6350979967148784 0.707106310301932
vn -0.31088776190119816 0.6350979967148784 0.707106310301932
vn -0.31088776190119816 0.6350979967148784 0.707106310301932
vn -0.3108870943911457 0.6350998798373584 0.7071049124221979
vn -0.3108870943911457 0.6350998798373584 0.7071049124221979
vn -0.3108870943911457 0.6350998798373584 0.7071049124221979
vn -0.11379249417631924 0.23246251095056983 0.9659256955230504
vn -0.11379249417631924 0.23246251095056983 0.9659256955230504
vn -0.11379249417631924 0.23246251095056983 0.9659256955230504
vn -0.11379271697403871 0.23246143659672483 0.9659259278324882
vn -0.11379271697403871 0.23246143659672483 0.9659259278324882
vn -0.11379271697403871 0.23246143659672483 0.9659259278324882
vn -0.13161257255387207 0.2228571086107694 -0.9659258977206272
vn -0.13161257255387207 0.2228571086107694 -0.9659258977206272
vn -0.13161257255387207 0.2228571086107694 -0.9659258977206272
vn -0.13161401464486275 0.22285765432925198 -0.9659255753193025
vn -0.13161401464486275 0.22285765432925198 -0.9659255753193025
vn -0.13161401464486275 0.22285765432925198 -0.9659255753193025
vn -0.35957541049567804 0.608857197310945 -0.707105676295648
vn -0.35957541049567804 0.608857197310945 -0.707105676295648
vn -0.35957541049567804 0.608857197310945 -0.707105676295648
vn -0.35957178878426904 0.6088563272381817 -0.7071082671645929
vn -0.35957178878426904 0.6088563272381817 -0.7071082671645929
vn -0.35957178878426904 0.6088563272381817 -0.7071082671645929
vn -0.4911847734836507 0.8317142169967654 -0.25882229336607065
vn -0.4911847734836507 0.8317142169967654 -0.25882229336607065
vn -0.4911847734836507 0.8317142169967654 -0.25882229336607065
vn -0.4911891318186698 0.8317133947163496 -0.2588166645187801
vn -0.4911891318186698 0.8317133947163496 -0.2588166645187801
vn -0.4911891318186698 0.8317133947163496 -0.2588166645187801
vn -0.5085160663403985 0.8610525014618374 0
vn -0.5085160663403985 0.8610525014618374 0
vn -0.5085160663403985 0.8610525014618374 0
vn -0.5085160663403985 0.8610525014618374 0
vn -0.5085160663403985 0.8610525014618374 0
vn -0.5085160663403985 0.8610525014618374 0
vn -0.4911883181918857 0.8317120682356017 0.25882247124831415
vn -0.4911883181918857 0.8317120682356017 0.25882247124831415
vn -0.4911883181918857 0.8317120682356017 0.25882247124831415
vn -0.49118551698288915 0.8317154660547822 0.25881686852198893
vn -0.49118551698288915 0.8317154660547822 0.25881686852198893
vn -0.49118551698288915 0.8317154660547822 0.25881686852198893
vn -0.3595734771459787 0.6088592303053153 0.7071049089103888
vn -0.3595734771459787 0.6088592303053153 0.7071049089103888
vn -0.3595734771459787 0.6088592303053153 0.7071049089103888
vn -0.35957447570051976 0.6088555603483464 0.7071075611656243
vn -0.35957447570051976 0.6088555603483464 0.7071075611656243
vn -0.35957447570051976 0.6088555603483464 0.7071075611656243
vn -0.1316133430231306 0.2228565349312499 0.9659259250981478
vn -0.1316133430231306 0.2228565349312499 0.9659259250981478
vn -0.1316133430231306 0.2228565349312499 0.9659259250981478
vn -0.13161313846751854 0.2228580766266535 0.9659255972718594
vn -0.13161313846751854 0.2228580766266535 0.9659255972718594
vn -0.13161313846751854 0.2228580766266535 0.9659255972718594
vn -0.1492137612058354 0.21147821859866622 -0.965925575044549
vn -0.1492137612058354 0.21147821859866622 -0.965925575044549
vn -0.1492137612058354 0.21147821859866622 -0.965925575044549
vn -0.14921186721493296 0.21147769487052456 -0.9659259822856421
vn -0.14921186721493296 0.21147769487052456 -0.9659259822856421
vn -0.14921186721493296 0.21147769487052456 -0.9659259822856421
vn -0.4076544593438863 0.5777678420223904 -0.7071083103046054
vn -0.4076544593438863 0.5777678420223904 -0.7071083103046054
vn -0.4076544593438863 0.5777678420223904 -0.7071083103046054
vn -0.40765567660488794 0.5777680142682958 -0.7071074678012398
vn -0.40765567660488794 0.5777680142682958 -0.7071074678012398
vn -0.40765567660488794 0.5777680142682958 -0.7071074678012398
vn -0.5568689210371391 0.7892471101088037 -0.25881654500405205
vn -0.5568689210371391 0.7892471101088037 -0.25881654500405205
vn -0.5568689210371391 0.7892471101088037 -0.25881654500405205
vn -0.5568687414100343 0.789247168560952 -0.25881675324237563
vn -0.5568687414100343 0.789247168560952 -0.25881675324237563
vn -0.5568687414100343 0.789247168560952 -0.25881675324237563
vn -0.5765126288889707 0.8170882380327892 0
vn -0.5765126288889707 0.8170882380327892 0
vn -0.5765126288889707 0.8170882380327892 0
vn -0.5765126288889707 0.8170882380327892 0
vn -0.5765126288889707 0.8170882380327892 0
vn -0.5765126288889707 0.8170882380327892 0
vn -0.5568688044324565 0.789247113800302 0.2588167846331838
vn -0.5568688044324565 0.789247113800302 0.2588167846331838
vn -0.5568688044324565 0.789247113800302 0.2588167846331838
vn -0.5568688678796099 0.7892470000369728 0.2588169950353347
vn -0.5568688678796099 0.7892470000369728 0.2588169950353347
vn -0.5568688678796099 0.7892470000369728 0.2588169950353347
vn -0.4076556237628168 0.577767964248207 0.7071075391360435
vn -0.4076556237628168 0.577767964248207 0.7071075391360435
vn -0.4076556237628168 0.577767964248207 0.7071075391360435
vn -0.4076553878733858 0.5777692195302934 0.7071066494533585
vn -0.4076553878733858 0.5777692195302934 0.7071066494533585
vn -0.4076553878733858 0.5777692195302934 0.7071066494533585
vn -0.14921265614174228 0.21147879637338632 0.9659256192541897
vn -0.14921265614174228 0.21147879637338632 0.9659256192541897
vn -0.14921265614174228 0.21147879637338632 0.9659256192541897
vn -0.14921278966900486 0.2114768136924376 0.965926032711453
vn -0.14921278966900486 0.2114768136924376 0.965926032711453
vn -0.14921278966900486 0.2114768136924376 0.965926032711453
vn -0.16619084764041386 0.1984126566478777 -0.9659259908722264
vn -0.16619084764041386 0.1984126566478777 -0.9659259908722264
vn -0.16619084764041386 0.1984126566478777 -0.9659259908722264
vn -0.16619219119231057 0.19841291288949886 -0.9659257070734802
vn -0.16619219119231057 0.19841291288949886 -0.9659257070734802
vn -0.16619219119231057 0.19841291288949886 -0.9659257070734802
vn -0.4540443181006433 0.5420727203735344 -0.7071074338651504
vn -0.4540443181006433 0.5420727203735344 -0.7071074338651504
vn -0.4540443181006433 0.5420727203735344 -0.7071074338651504
vn -0.45404466387727055 0.5420727658292686 -0.7071071769900115
vn -0.45404466387727055 0.5420727658292686 -0.7071071769900115
vn -0.45404466387727055 0.5420727658292686 -0.7071071769900115
vn -0.6202372742858894 0.7404860060237476 -0.2588169207555969
vn -0.6202372742858894 0.7404860060237476 -0.2588169207555969
vn -0.6202372742858894 0.7404860060237476 -0.2588169207555969
vn -0.6202348432934315 0.7404869153725867 -0.25882014474681814
vn -0.6202348432934315 0.7404869153725867 -0.25882014474681814
vn -0.6202348432934315 0.7404869153725867 -0.25882014474681814
vn -0.6421145618793113 0.7666086938083472 0
vn -0.6421145618793113 0.7666086938083472 0
vn -0.6421145618793113 0.7666086938083472 0
vn -0.6421145618793113 0.7666086938083472 0
vn -0.6421145618793113 0.7666086938083472 0
vn -0.6421145618793113 0.7666086938083472 0
vn -0.6202353780326132 0.7404875093863067 0.2588171638041144
vn -0.6202353780326132 0.7404875093863067 0.2588171638041144
vn -0.6202353780326132 0.7404875093863067 0.2588171638041144
vn -0.6202366396162782 0.7404853158172845 0.2588204163826413
vn -0.6202366396162782 0.7404853158172845 0.2588204163826413
vn -0.6202366396162782 0.7404853158172845 0.2588204163826413
vn -0.45404498919057146 0.5420731204578298 0.7071066962404224
vn -0.45404498919057146 0.5420731204578298 0.7071066962404224
vn -0.45404498919057146 0.5420731204578298 0.7071066962404224
vn -0.4540449495352294 0.5420735019026901 0.7071064292852283
vn -0.4540449495352294 0.5420735019026901 0.7071064292852283
vn -0.4540449495352294 0.5420735019026901 0.7071064292852283
vn -0.1661914478613377 0.1984120357829166 0.9659260151348191
vn -0.1661914478613377 0.1984120357829166 0.9659260151348191
vn -0.1661914478613377 0.1984120357829166 0.9659260151348191
vn -0.16619146990857409 0.19841339743110317 0.9659257316426945
vn -0.16619146990857409 0.19841339743110317 0.9659257316426945
vn -0.16619146990857409 0.19841339743110317 0.9659257316426945
vn -0.1821627791798672 0.1838593211093963 -0.9659257072480568
vn -0.1821627791798672 0.1838593211093963 -0.9659257072480568
vn -0.1821627791798672 0.1838593211093963 -0.9659257072480568
vn -0.18216231309407227 0.1838592722174627 -0.9659258044528484
vn -0.18216231309407227 0.1838592722174627 -0.9659258044528484
vn -0.18216231309407227 0.1838592722174627 -0.9659258044528484
vn -0.49767625452503483 0.5023124230161913 -0.7071071880313026
vn -0.49767625452503483 0.5023124230161913 -0.7071071880313026
vn -0.49767625452503483 0.5023124230161913 -0.7071071880313026
vn -0.49767596739016573 0.5023124340059852 -0.7071073823156178
vn -0.49767596739016573 0.5023124340059852 -0.7071073823156178
vn -0.49767596739016573 0.5023124340059852 -0.7071073823156178
vn -0.6798384154344854 0.6861719453508238 -0.25881999596822897
vn -0.6798384154344854 0.6861719453508238 -0.25881999596822897
vn -0.6798384154344854 0.6861719453508238 -0.25881999596822897
vn -0.679839922818979 0.686171247524292 -0.25881788657749527
vn -0.679839922818979 0.686171247524292 -0.25881788657749527
vn -0.679839922818979 0.686171247524292 -0.25881788657749527
vn -0.7038218845910869 0.7103764880474654 0
vn -0.7038218845910869 0.7103764880474654 0
vn -0.7038218845910869 0.7103764880474654 0
vn -0.7038218845910869 0.7103764880474654 0
vn -0.7038218845910869 0.7103764880474654 0
vn -0.7038218845910869 0.7103764880474654 0
vn -0.679839478790431 0.6861708032461935 0.2588202307595538
vn -0.679839478790431 0.6861708032461935 0.2588202307595538
vn -0.679839478790431 0.6861708032461935 0.2588202307595538
vn -0.6798387713092275 0.6861723012092334 0.25881811775450464
vn -0.6798387713092275 0.6861723012092334 0.25881811775450464
vn -0.6798387713092275 0.6861723012092334 0.25881811775450464
vn -0.4976766398709898 0.5023131361682759 0.7071064102096035
vn -0.4976766398709898 0.5023131361682759 0.7071064102096035
vn -0.4976766398709898 0.5023131361682759 0.7071064102096035
vn -0.49767663047167093 0.5023128286581726 0.7071066352734849
vn -0.49767663047167093 0.5023128286581726 0.7071066352734849
vn -0.49767663047167093 0.5023128286581726 0.7071066352734849
vn -0.18216244825133768 0.18385942228564103 0.9659257503989988
vn -0.18216244825133768 0.18385942228564103 0.9659257503989988
vn -0.18216244825133768 0.18385942228564103 0.9659257503989988
vn -0.18216239952700994 0.1838589562913532 0.9659258482875466
vn -0.18216239952700994 0.1838589562913532 0.9659258482875466
vn -0.18216239952700994 0.1838589562913532 0.9659258482875466
vn -0.19678742960667256 0.16811321485317626 -0.9659258017780292
vn -0.19678742960667256 0.16811321485317626 -0.9659258017780292
vn -0.19678742960667256 0.16811321485317626 -0.9659258017780292
vn -0.19678771309451307 0.1681132151656583 -0.9659257439688088
vn -0.19678771309451307 0.1681132151656583 -0.9659257439688088
vn -0.19678771309451307 0.1681132151656583 -0.9659257439688088
vn -0.5376328795045336 0.45929291580348064 -0.707107420671287
vn -0.5376328795045336 0.45929291580348064 -0.707107420671287
vn -0.5376328795045336 0.45929291580348064 -0.707107420671287
vn -0.5376349733054026 0.4592927435148335 -0.7071059406012061
vn -0.5376349733054026 0.4592927435148335 -0.7071059406012061
vn -0.5376349733054026 0.4592927435148335 -0.7071059406012061
vn -0.7344224361815308 0.6274050396292852 -0.25881769931934845
vn -0.7344224361815308 0.6274050396292852 -0.25881769931934845
vn -0.7344224361815308 0.6274050396292852 -0.25881769931934845
vn -0.7344210624553289 0.6274058120810923 -0.25881972488365557
vn -0.7344210624553289 0.6274058120810923 -0.25881972488365557
vn -0.7344210624553289 0.6274058120810923 -0.25881972488365557
vn -0.7603287817687919 0.6495384081130113 0
vn -0.7603287817687919 0.6495384081130113 0
vn -0.7603287817687919 0.6495384081130113 0
vn -0.7603287817687919 0.6495384081130113 0
vn -0.7603287817687919 0.6495384081130113 0
vn -0.7603287817687919 0.6495384081130113 0
vn -0.7344214240929179 0.6274061135297653 0.25881796795973366
vn -0.7344214240929179 0.6274061135297653 0.25881796795973366
vn -0.7344214240929179 0.6274061135297653 0.25881796795973366
vn -0.7344220000497875 0.627404606251472 0.25881998743780443
vn -0.7344220000497875 0.627404606251472 0.25881998743780443
vn -0.7344220000497875 0.627404606251472 0.25881998743780443
vn -0.5376344954300563 0.4592922955930904 0.7071065948868658
vn -0.5376344954300563 0.4592922955930904 0.7071065948868658
vn -0.5376344954300563 0.4592922955930904 0.7071065948868658
vn -0.537634608871318 0.459294376828118 0.7071051567891835
vn -0.537634608871318 0.459294376828118 0.7071051567891835
vn -0.537634608871318 0.459294376828118 0.7071051567891835
vn -0.19678746515644904 0.16811301114689864 0.9659258299892504
vn -0.19678746515644904 0.16811301114689864 0.9659258299892504
vn -0.19678746515644904 0.16811301114689864 0.9659258299892504
vn -0.19678751058511873 0.16811327998732228 0.9659257739441556
vn -0.19678751058511873 0.16811327998732228 0.9659257739441556
vn -0.19678751058511873 0.16811327998732228 0.9659257739441556
vn -0.20981948047042293 0.1515362260513203 -0.9659257517062297
vn -0.20981948047042293 0.1515362260513203 -0.9659257517062297
vn -0.20981948047042293 0.1515362260513203 -0.9659257517062297
vn -0.20981946622527362 0.15153622652510648 -0.9659257547262486
vn -0.20981946622527362 0.15153622652510648 -0.9659257547262486
vn -0.20981946622527362 0.15153622652510648 -0.9659257547262486
vn -0.5732376038980912 0.41400483680754574 -0.707105822757197
vn -0.5732376038980912 0.41400483680754574 -0.707105822757197
vn -0.5732376038980912 0.41400483680754574 -0.707105822757197
vn -0.5732383698702971 0.4140047111790229 -0.7071052753515691
vn -0.5732383698702971 0.4140047111790229 -0.7071052753515691
vn -0.5732383698702971 0.4140047111790229 -0.7071052753515691
vn -0.783056267094417 0.5655396041987812 -0.25882008934169526
vn -0.783056267094417 0.5655396041987812 -0.25882008934169526
vn -0.783056267094417 0.5655396041987812 -0.25882008934169526
vn -0.7830556293799037 0.5655400343854966 -0.2588210787468711
vn -0.7830556293799037 0.5655400343854966 -0.2588210787468711
vn -0.7830556293799037 0.5655400343854966 -0.2588210787468711
vn -0.8106793006992195 0.5854904537375692 0
vn -0.8106793006992195 0.5854904537375692 0
vn -0.8106793006992195 0.5854904537375692 0
vn -0.8106793006992195 0.5854904537375692 0
vn -0.8106793006992195 0.5854904537375692 0
vn -0.8106793006992195 0.5854904537375692 0
vn -0.7830557967593078 0.5655401453365162 0.25882032990937487
vn -0.7830557967593078 0.5655401453365162 0.25882032990937487
vn -0.7830557967593078 0.5655401453365162 0.25882032990937487
vn -0.7830560064133213 0.5655394093063922 0.25882130387855923
vn -0.7830560064133213 0.5655394093063922 0.25882130387855923
vn -0.7830560064133213 0.5655394093063922 0.25882130387855923
vn -0.5732385512021589 0.4140048620091346 0.7071050400389232
vn -0.5732385512021589 0.4140048620091346 0.7071050400389232
vn -0.5732385512021589 0.4140048620091346 0.7071050400389232
vn -0.5732386547728493 0.41400556597033106 0.7071045439111532
vn -0.5732386547728493 0.41400556597033106 0.7071045439111532
vn -0.5732386547728493 0.41400556597033106 0.7071045439111532
vn -0.20981935679808428 0.15153614832220222 0.965925790764751
vn -0.20981935679808428 0.15153614832220222 0.965925790764751
vn -0.20981935679808428 0.15153614832220222 0.965925790764751
vn -0.20981935679808428 0.15153614832220222 0.965925790764751
vn -0.20981935679808428 0.15153614832220222 0.965925790764751
vn -0.20981935679808428 0.15153614832220222 0.965925790764751
vn -0.22111481443711167 0.13452017316750695 -0.9659257537965461
vn -0.22111481443711167 0.13452017316750695 -0.9659257537965461
vn -0.22111481443711167 0.13452017316750695 -0.9659257537965461
vn -0.2211142344713153 0.1345202334897236 -0.9659258781583783
vn -0.2211142344713153 0.1345202334897236 -0.9659258781583783
vn -0.2211142344713153 0.1345202334897236 -0.9659258781583783
vn -0.6040970067348446 0.36751714228925353 -0.7071053362671941
vn -0.6040970067348446 0.36751714228925353 -0.7071053362671941
vn -0.6040970067348446 0.36751714228925353 -0.7071053362671941
vn -0.6040929535709981 0.3675181853413224 -0.7071082568385757
vn -0.6040929535709981 0.3675181853413224 -0.7071082568385757
vn -0.6040929535709981 0.3675181853413224 -0.7071082568385757
vn -0.8252075660604351 0.5020399537601296 -0.2588210921566088
vn -0.8252075660604351 0.5020399537601296 -0.2588210921566088
vn -0.8252075660604351 0.5020399537601296 -0.2588210921566088
vn -0.8252099881396372 0.5020380098604 -0.25881714033268444
vn -0.8252099881396372 0.5020380098604 -0.25881714033268444
vn -0.8252099881396372 0.5020380098604 -0.25881714033268444
vn -0.854319791085077 0.5197477220347873 0
vn -0.854319791085077 0.5197477220347873 0
vn -0.854319791085077 0.5197477220347873 0
vn -0.854319791085077 0.5197477220347873 0
vn -0.854319791085077 0.5197477220347873 0
vn -0.854319791085077 0.5197477220347873 0
vn -0.8252090150045535 0.5020374615791315 0.25882130655414864
vn -0.8252090150045535 0.5020374615791315 0.25882130655414864
vn -0.8252090150045535 0.5020374615791315 0.25882130655414864
vn -0.8252084120515835 0.5020404972141963 0.2588173406791481
vn -0.8252084120515835 0.5020404972141963 0.2588173406791481
vn -0.8252084120515835 0.5020404972141963 0.2588173406791481
vn -0.6040960581876553 0.3675200660360786 0.7071046270128443
vn -0.6040960581876553 0.3675200660360786 0.7071046270128443
vn -0.6040960581876553 0.3675200660360786 0.7071046270128443
vn -0.6040951048214701 0.3675160131076749 0.7071075480011342
vn -0.6040951048214701 0.3675160131076749 0.7071075480011342
vn -0.6040951048214701 0.3675160131076749 0.7071075480011342
vn -0.22111451160597712 0.13452039375991567 0.9659257923981156
vn -0.22111451160597712 0.13452039375991567 0.9659257923981156
vn -0.22111451160597712 0.13452039375991567 0.9659257923981156
vn -0.22111428995527835 0.13451984355262075 0.9659259197620447
vn -0.22111428995527835 0.13451984355262075 0.9659259197620447
vn -0.22111428995527835 0.13451984355262075 0.9659259197620447
vn -0.23063799686074843 0.11744499924709673 -0.9659258701142189
vn -0.23063799686074843 0.11744499924709673 -0.9659258701142189
vn -0.23063799686074843 0.11744499924709673 -0.9659258701142189
vn -0.23063713449287815 0.11744515667654153 -0.9659260568833086
vn -0.23063713449287815 0.11744515667654153 -0.9659260568833086
vn -0.23063713449287815 0.11744515667654153 -0.9659260568833086
vn -0.630113001672312 0.32086643374674817 -0.707108433564579
vn -0.630113001672312 0.32086643374674817 -0.707108433564579
vn -0.630113001672312 0.32086643374674817 -0.707108433564579
vn -0.6301193935038655 0.32086435478170344 -0.7071036810545125
vn -0.6301193935038655 0.32086435478170344 -0.7071036810545125
vn -0.6301193935038655 0.32086435478170344 -0.7071036810545125
vn -0.8607558517304339 0.43830719128073253 -0.2588168653380428
vn -0.8607558517304339 0.43830719128073253 -0.2588168653380428
vn -0.8607558517304339 0.43830719128073253 -0.2588168653380428
vn -0.8607547132989022 0.43830823133559793 -0.25881889010886505
vn -0.8607547132989022 0.43830823133559793 -0.25881889010886505
vn -0.8607547132989022 0.43830823133559793 -0.25881889010886505
vn -0.8911188200807486 0.4537700392245994 0
vn -0.8911188200807486 0.4537700392245994 0
vn -0.8911188200807486 0.4537700392245994 0
vn -0.8911188200807486 0.4537700392245994 0
vn -0.8911188200807486 0.4537700392245994 0
vn -0.8911188200807486 0.4537700392245994 0
vn -0.8607551410579767 0.4383084453121255 0.25881710513474576
vn -0.8607551410579767 0.4383084453121255 0.25881710513474576
vn -0.8607551410579767 0.4383084453121255 0.25881710513474576
vn -0.8607553139465987 0.43830689257413 0.2588191597133072
vn -0.8607553139465987 0.43830689257413 0.2588191597133072
vn -0.8607553139465987 0.43830689257413 0.2588191597133072
vn -0.6301159177965481 0.32086255715170786 0.7071075940459705
vn -0.6301159177965481 0.32086255715170786 0.7071075940459705
vn -0.6301159177965481 0.32086255715170786 0.7071075940459705
vn -0.6301179627930471 0.3208690038425728 0.7071028463657993
vn -0.6301179627930471 0.3208690038425728 0.7071028463657993
vn -0.6301179627930471 0.3208690038425728 0.7071028463657993
vn -0.23063760606452424 0.117445392413814 0.9659259156216851
vn -0.23063760606452424 0.117445392413814 0.9659259156216851
vn -0.23063760606452424 0.117445392413814 0.9659259156216851
vn -0.23063723470635755 0.11744461069908582 0.9659260993392531
vn -0.23063723470635755 0.11744461069908582 0.9659260993392531
vn -0.23063723470635755 0.11744461069908582 0.9659260993392531
vn -0.23844828095078793 0.10064418030718751 -0.9659260666748302
vn -0.23844828095078793 0.10064418030718751 -0.9659260666748302
vn -0.23844828095078793 0.10064418030718751 -0.9659260666748302
vn -0.23844973545861364 0.10064382022874427 -0.9659257451323479
vn -0.23844973545861364 0.10064382022874427 -0.9659257451323479
vn -0.23844973545861364 0.10064382022874427 -0.9659257451323479
vn -0.651458991594798 0.2749649638917735 -0.7071035644813881
vn -0.651458991594798 0.2749649638917735 -0.7071035644813881
vn -0.651458991594798 0.2749649638917735 -0.7071035644813881
vn -0.6514548083685853 0.2749666282207584 -0.7071067713000327
vn -0.6514548083685853 0.2749666282207584 -0.7071067713000327
vn -0.6514548083685853 0.2749666282207584 -0.7071067713000327
vn -0.8899038232687568 0.37561135634324083 -0.25881903778053206
vn -0.8899038232687568 0.37561135634324083 -0.25881903778053206
vn -0.8899038232687568 0.37561135634324083 -0.25881903778053206
vn -0.8899034085603232 0.37561180444343006 -0.2588198133749981
vn -0.8899034085603232 0.37561180444343006 -0.2588198133749981
vn -0.8899034085603232 0.37561180444343006 -0.2588198133749981
vn -0.921296006795524 0.38886201648222435 0
vn -0.921296006795524 0.38886201648222435 0
vn -0.921296006795524 0.38886201648222435 0
vn -0.921296006795524 0.38886201648222435 0
vn -0.921296006795524 0.38886201648222435 0
vn -0.921296006795524 0.38886201648222435 0
vn -0.8899035538225815 0.3756118452422295 0.2588192547081214
vn -0.8899035538225815 0.3756118452422295 0.2588192547081214
vn -0.8899035538225815 0.3756118452422295 0.2588192547081214
vn -0.8899035869885958 0.375611238036537 0.2588200218790857
vn -0.8899035869885958 0.375611238036537 0.2588200218790857
vn -0.8899035869885958 0.375611238036537 0.2588200218790857
vn -0.6514584410831901 0.27496814680174125 0.7071028339540693
vn -0.6514584410831901 0.27496814680174125 0.7071028339540693
vn -0.6514584410831901 0.27496814680174125 0.7071028339540693
vn -0.6514567329682596 0.2749640128976218 0.7071060151643161
vn -0.6514567329682596 0.2749640128976218 0.7071060151643161
vn -0.6514567329682596 0.2749640128976218 0.7071060151643161
vn -0.23844852687999546 0.10064331292045885 0.9659260963413064
vn -0.23844852687999546 0.10064331292045885 0.9659260963413064
vn -0.23844852687999546 0.10064331292045885 0.9659260963413064
vn -0.23844928101310878 0.10064460570128368 0.9659257754753026
vn -0.23844928101310878 0.10064460570128368 0.9659257754753026
vn -0.23844928101310878 0.10064460570128368 0.9659257754753026
vn -0.2446754269754805 0.08438827073281052 -0.9659257503540799
vn -0.2446754269754805 0.08438827073281052 -0.9659257503540799
vn -0.2446754269754805 0.08438827073281052 -0.9659257503540799
vn -0.24467726054626593 0.08438769728917649 -0.9659253359953889
vn -0.24467726054626593 0.08438769728917649 -0.9659253359953889
vn -0.24467726054626593 0.08438769728917649 -0.9659253359953889
vn -0.6684661568094948 0.23054990381007118 -0.7071065966694915
vn -0.6684661568094948 0.23054990381007118 -0.7071065966694915
vn -0.6684661568094948 0.23054990381007118 -0.7071065966694915
vn -0.668465593348237 0.23055016271211312 -0.7071070449253124
vn -0.668465593348237 0.23055016271211312 -0.7071070449253124
vn -0.668465593348237 0.23055016271211312 -0.7071070449253124
vn -0.9131411095445041 0.3149374350029137 -0.2588198719063463
vn -0.9131411095445041 0.3149374350029137 -0.2588198719063463
vn -0.9131411095445041 0.3149374350029137 -0.2588198719063463
vn -0.9131403589306127 0.31493830763274955 -0.25882145830184045
vn -0.9131403589306127 0.31493830763274955 -0.25882145830184045
vn -0.9131403589306127 0.31493830763274955 -0.25882145830184045
vn -0.9453530959227519 0.3260483461532482 0
vn -0.9453530959227519 0.3260483461532482 0
vn -0.9453530959227519 0.3260483461532482 0
vn -0.9453530959227519 0.3260483461532482 0
vn -0.9453530959227519 0.3260483461532482 0
vn -0.9453530959227519 0.3260483461532482 0
vn -0.9131407010329371 0.3149384214873436 0.25882011279677725
vn -0.9131407010329371 0.3149384214873436 0.25882011279677725
vn -0.9131407010329371 0.3149384214873436 0.25882011279677725
vn -0.9131406520783598 0.31493726286993745 0.2588216953385089
vn -0.9131406520783598 0.31493726286993745 0.2588216953385089
vn -0.9131406520783598 0.31493726286993745 0.2588216953385089
vn -0.6684667258496908 0.2305505352456972 0.7071058528464581
vn -0.6684667258496908 0.2305505352456972 0.7071058528464581
vn -0.6684667258496908 0.2305505352456972 0.7071058528464581
vn -0.6684664464551157 0.2305500052288153 0.7071062897844024
vn -0.6684664464551157 0.2305500052288153 0.7071062897844024
vn -0.6684664464551157 0.2305500052288153 0.7071062897844024
vn -0.2446757020607054 0.08438716296376846 0.9659257774529197
vn -0.2446757020607054 0.08438716296376846 0.9659257774529197
vn -0.2446757020607054 0.08438716296376846 0.9659257774529197
vn -0.24467680457368146 0.08438874987781496 0.965925359537512
vn -0.24467680457368146 0.08438874987781496 0.965925359537512
vn -0.24467680457368146 0.08438874987781496 0.965925359537512
vn -0.2494890205905126 0.06887308406265548 -0.9659253215940068
vn -0.2494890205905126 0.06887308406265548 -0.9659253215940068
vn -0.2494890205905126 0.06887308406265548 -0.9659253215940068
vn -0.24948631697553758 0.0688740624066172 -0.9659259501481422
vn -0.24948631697553758 0.0688740624066172 -0.9659259501481422
vn -0.24948631697553758 0.0688740624066172 -0.9659259501481422
vn -0.6816103490568438 0.18816772192102402 -0.707106951235568
vn -0.6816103490568438 0.18816772192102402 -0.707106951235568
vn -0.6816103490568438 0.18816772192102402 -0.707106951235568
vn -0.6816083596851179 0.18816874391218738 -0.707108596908475
vn -0.6816083596851179 0.18816874391218738 -0.707108596908475
vn -0.6816083596851179 0.18816874391218738 -0.707108596908475
vn -0.931096090390184 0.25704378260247424 -0.25882149115853187
vn -0.931096090390184 0.25704378260247424 -0.25882149115853187
vn -0.931096090390184 0.25704378260247424 -0.25882149115853187
vn -0.931098275129758 0.25704091588368433 -0.2588164786331542
vn -0.931098275129758 0.25704091588368433 -0.2588164786331542
vn -0.931098275129758 0.25704091588368433 -0.2588164786331542
vn -0.963943178044847 0.2661081537660968 0
vn -0.963943178044847 0.2661081537660968 0
vn -0.963943178044847 0.2661081537660968 0
vn -0.963943178044847 0.2661081537660968 0
vn -0.963943178044847 0.2661081537660968 0
vn -0.963943178044847 0.2661081537660968 0
vn -0.9310969214232498 0.2570405332018496 0.2588217286231114
vn -0.9310969214232498 0.2570405332018496 0.2588217286231114
vn -0.9310969214232498 0.2570405332018496 0.2588217286231114
vn -0.9310973276384713 0.2570441362413984 0.2588166889681011
vn -0.9310973276384713 0.2570441362413984 0.2588166889681011
vn -0.9310973276384713 0.2570441362413984 0.2588166889681011
vn -0.6816106393002545 0.18816938870334485 0.7071062279090095
vn -0.6816106393002545 0.18816938870334485 0.7071062279090095
vn -0.6816106393002545 0.18816938870334485 0.7071062279090095
vn -0.681609468116466 0.18816750202812518 0.7071078589256972
vn -0.681609468116466 0.18816750202812518 0.7071078589256972
vn -0.681609468116466 0.18816750202812518 0.7071078589256972
vn -0.24948840654987797 0.06887464038010324 0.9659253692235825
vn -0.24948840654987797 0.06887464038010324 0.9659253692235825
vn -0.24948840654987797 0.06887464038010324 0.9659253692235825
vn -0.24948658255866368 0.0688724076495169 0.965925999540212
vn -0.24948658255866368 0.0688724076495169 0.965925999540212
vn -0.24948658255866368 0.0688724076495169 0.965925999540212
vn -0.2530733395787218 0.054230460081197425 -0.9659259505748122
vn -0.2530733395787218 0.054230460081197425 -0.9659259505748122
vn -0.2530733395787218 0.054230460081197425 -0.9659259505748122
vn -0.2530737189643071 0.054230298169858956 -0.9659258602656745
vn -0.2530737189643071 0.054230298169858956 -0.9659258602656745
vn -0.2530737189643071 0.054230298169858956 -0.9659258602656745
vn -0.6914086898043508 0.14815959248957028 -0.7071087319616097
vn -0.6914086898043508 0.14815959248957028 -0.7071087319616097
vn -0.6914086898043508 0.14815959248957028 -0.7071087319616097
vn -0.6914129868421175 0.14815714987841955 -0.707105042101925
vn -0.6914129868421175 0.14815714987841955 -0.707105042101925
vn -0.6914129868421175 0.14815714987841955 -0.707105042101925
vn -0.9444860629796469 0.20238607722867805 -0.25881644573170814
vn -0.9444860629796469 0.20238607722867805 -0.25881644573170814
vn -0.9444860629796469 0.20238607722867805 -0.25881644573170814
vn -0.9444830765064541 0.2023904121291323 -0.25882395420652915
vn -0.9444830765064541 0.2023904121291323 -0.25882395420652915
vn -0.9444830765064541 0.2023904121291323 -0.25882395420652915
vn -0.9778021619926663 0.20953026512288714 0
vn -0.9778021619926663 0.20953026512288714 0
vn -0.9778021619926663 0.20953026512288714 0
vn -0.9778021619926663 0.20953026512288714 0
vn -0.9778021619926663 0.20953026512288714 0
vn -0.9778021619926663 0.20953026512288714 0
vn -0.9444849665246364 0.2023908384204549 0.25881672382676835
vn -0.9444849665246364 0.2023908384204549 0.25881672382676835
vn -0.9444849665246364 0.2023908384204549 0.25881672382676835
vn -0.9444840217869686 0.20238563983006636 0.258824236461132
vn -0.9444840217869686 0.20238563983006636 0.258824236461132
vn -0.9444840217869686 0.20238563983006636 0.258824236461132
vn -0.6914101869404795 0.1481565541569657 0.7071079046759875
vn -0.6914101869404795 0.1481565541569657 0.7071079046759875
vn -0.6914101869404795 0.1481565541569657 0.7071079046759875
vn -0.691413048750198 0.14816054783677457 0.7071042695972519
vn -0.691413048750198 0.14816054783677457 0.7071042695972519
vn -0.691413048750198 0.14816054783677457 0.7071042695972519
vn -0.2530732726977849 0.054230205202240755 0.9659259824074283
vn -0.2530732726977849 0.054230205202240755 0.9659259824074283
vn -0.2530732726977849 0.054230205202240755 0.9659259824074283
vn -0.2530735488418815 0.05423050119801386 0.965925893439237
vn -0.2530735488418815 0.05423050119801386 0.965925893439237
vn -0.2530735488418815 0.05423050119801386 0.965925893439237
vn -0.25562629091819067 0.0405266508272311 -0.965925871878446
vn -0.25562629091819067 0.0405266508272311 -0.965925871878446
vn -0.25562629091819067 0.0405266508272311 -0.965925871878446
vn -0.25562671217384836 0.04052647265111696 -0.9659257678712412
vn -0.25562671217384836 0.04052647265111696 -0.9659257678712412
vn -0.25562671217384836 0.04052647265111696 -0.9659257678712412
vn -0.6983864224389513 0.11072058099029931 -0.7071049129359045
vn -0.6983864224389513 0.11072058099029931 -0.7071049129359045
vn -0.6983864224389513 0.11072058099029931 -0.7071049129359045
vn -0.6983834583599161 0.11072242384462458 -0.7071075518951943
vn -0.6983834583599161 0.11072242384462458 -0.7071075518951943
vn -0.6983834583599161 0.11072242384462458 -0.7071075518951943
vn -0.95400927285718 0.15124958410301623 -0.2588240147497517
vn -0.95400927285718 0.15124958410301623 -0.2588240147497517
vn -0.95400927285718 0.15124958410301623 -0.2588240147497517
vn -0.9540117907837337 0.15124557799452223 -0.25881707475110066
vn -0.9540117907837337 0.15124557799452223 -0.25881707475110066
vn -0.9540117907837337 0.15124557799452223 -0.25881707475110066
vn -0.9876651436240633 0.15658085473664465 0
vn -0.9876651436240633 0.15658085473664465 0
vn -0.9876651436240633 0.15658085473664465 0
vn -0.9876651436240633 0.15658085473664465 0
vn -0.9876651436240633 0.15658085473664465 0
vn -0.9876651436240633 0.15658085473664465 0
vn -0.9540098962916961 0.1512452820095365 0.2588242307964289
vn -0.9540098962916961 0.1512452820095365 0.2588242307964289
vn -0.9540098962916961 0.1512452820095365 0.2588242307964289
vn -0.9540110631232082 0.15124986756224568 0.2588172501996906
vn -0.9540110631232082 0.15124986756224568 0.2588172501996906
vn -0.9540110631232082 0.15124986756224568 0.2588172501996906
vn -0.6983867762198578 0.11072294221441989 0.7071041937851992
vn -0.6983867762198578 0.11072294221441989 0.7071041937851992
vn -0.6983867762198578 0.11072294221441989 0.7071041937851992
vn -0.6983845265189997 0.11072028477895236 0.7071068318559086
vn -0.6983845265189997 0.11072028477895236 0.7071068318559086
vn -0.6983845265189997 0.11072028477895236 0.7071068318559086
vn -0.2556262378327004 0.04052639854102275 0.9659258965121463
vn -0.2556262378327004 0.04052639854102275 0.9659258965121463
vn -0.2556262378327004 0.04052639854102275 0.9659258965121463
vn -0.25562652808876135 0.04052668788227651 0.9659258075580021
vn -0.25562652808876135 0.04052668788227651 0.9659258075580021
vn -0.25562652808876135 0.04052668788227651 0.9659258075580021
vn -0.25732371758012823 0.027783163482416773 -0.9659257736480851
vn -0.25732371758012823 0.027783163482416773 -0.9659257736480851
vn -0.25732371758012823 0.027783163482416773 -0.9659257736480851
vn -0.2573237174602792 0.027783180233283408 -0.9659257731982035
vn -0.2573237174602792 0.027783180233283408 -0.9659257731982035
vn -0.2573237174602792 0.027783180233283408 -0.9659257731982035
vn -0.7030201643472929 0.0759049216600275 -0.7071075529146118
vn -0.7030201643472929 0.0759049216600275 -0.7071075529146118
vn -0.7030201643472929 0.0759049216600275 -0.7071075529146118
vn -0.7030206933745382 0.07590453342928746 -0.7071070686197851
vn -0.7030206933745382 0.07590453342928746 -0.7071070686197851
vn -0.7030206933745382 0.07590453342928746 -0.7071070686197851
vn -0.9603450483578907 0.10368761620283888 -0.2588170518738156
vn -0.9603450483578907 0.10368761620283888 -0.2588170518738156
vn -0.9603450483578907 0.10368761620283888 -0.2588170518738156
vn -0.9603420074496604 0.10369286874658877 -0.25882623070056027
vn -0.9603420074496604 0.10369286874658877 -0.25882623070056027
vn -0.9603420074496604 0.10369286874658877 -0.25882623070056027
vn -0.9942211877813486 0.1073509653736022 0
vn -0.9942211877813486 0.1073509653736022 0
vn -0.9942211877813486 0.1073509653736022 0
vn -0.9942211877813486 0.1073509653736022 0
vn -0.9942211877813486 0.1073509653736022 0
vn -0.9942211877813486 0.1073509653736022 0
vn -0.9603443824444347 0.10369312107392957 0.25881731732897056
vn -0.9603443824444347 0.10369312107392957 0.25881731732897056
vn -0.9603443824444347 0.10369312107392957 0.25881731732897056
vn -0.960342532242792 0.10368734660856815 0.25882649578197503
vn -0.960342532242792 0.10368734660856815 0.25882649578197503
vn -0.960342532242792 0.10368734660856815 0.25882649578197503
vn -0.7030209910611191 0.07590455574468219 0.7071067702579606
vn -0.7030209910611191 0.07590455574468219 0.7071067702579606
vn -0.7030209910611191 0.07590455574468219 0.7071067702579606
vn -0.7030214120864295 0.07590506279367099 0.7071062972356358
vn -0.7030214120864295 0.07590506279367099 0.7071062972356358
vn -0.7030214120864295 0.07590506279367099 0.7071062972356358
vn -0.2573235914226374 0.0277831664575118 0.965925807171001
vn -0.2573235914226374 0.0277831664575118 0.965925807171001
vn -0.2573235914226374 0.0277831664575118 0.965925807171001
vn -0.25732356374017035 0.02778314619729539 0.9659258151283867
vn -0.25732356374017035 0.02778314619729539 0.9659258151283867
vn -0.25732356374017035 0.02778314619729539 0.9659258151283867
vn -0.25832471681334257 0.015992157427341717 -0.9659257691893955
vn -0.25832471681334257 0.015992157427341717 -0.9659257691893955
vn -0.25832471681334257 0.015992157427341717 -0.9659257691893955
vn -0.25832352733690955 0.01599277971281803 -0.9659260769962027
vn -0.25832352733690955 0.01599277971281803 -0.9659260769962027
vn -0.25832352733690955 0.01599277971281803 -0.9659260769962027
vn -0.7057553103648319 0.043693223157694756 -0.7071070245315992
vn -0.7057553103648319 0.043693223157694756 -0.7071070245315992
vn -0.7057553103648319 0.043693223157694756 -0.7071070245315992
vn -0.7057567136501138 0.04369221936905009 -0.7071056859511157
vn -0.7057567136501138 0.04369221936905009 -0.7071056859511157
vn -0.7057567136501138 0.04369221936905009 -0.7071056859511157
vn -0.9640781447592325 0.05968447131252587 -0.25882637941628067
vn -0.9640781447592325 0.05968447131252587 -0.25882637941628067
vn -0.9640781447592325 0.05968447131252587 -0.25882637941628067
vn -0.9640812850128653 0.05967861399277671 -0.25881603296520017
vn -0.9640812850128653 0.05967861399277671 -0.25881603296520017
vn -0.9640812850128653 0.05967861399277671 -0.25881603296520017
vn -0.9980895562357682 0.06178379830576413 0
vn -0.9980895562357682 0.06178379830576413 0
vn -0.9980895562357682 0.06178379830576413 0
vn -0.9980895562357682 0.06178379830576413 0
vn -0.9980895562357682 0.06178379830576413 0
vn -0.9980895562357682 0.06178379830576413 0
vn -0.9640784649584891 0.05967843775052156 0.25882657798406306
vn -0.9640784649584891 0.05967843775052156 0.25882657798406306
vn -0.9640784649584891 0.05967843775052156 0.25882657798406306
vn -0.9640808571419279 0.05968463340327712 0.25881623872547477
vn -0.9640808571419279 0.05968463340327712 0.25881623872547477
vn -0.9640808571419279 0.05968463340327712 0.25881623872547477
vn -0.7057561479300681 0.043692183993604 0.7071062527773184
vn -0.7057561479300681 0.043692183993604 0.7071062527773184
vn -0.7057561479300681 0.043692183993604 0.7071062527773184
vn -0.705757424409828 0.04369335157893684 0.7071049065861481
vn -0.705757424409828 0.04369335157893684 0.7071049065861481
vn -0.705757424409828 0.04369335157893684 0.7071049065861481
vn -0.25832453224286084 0.015992838799090747 0.9659258072691989
vn -0.25832453224286084 0.015992838799090747 0.9659258072691989
vn -0.25832453224286084 0.015992838799090747 0.9659258072691989
vn -0.25832343192453894 0.01599207712380048 0.9659261141453805
vn -0.25832343192453894 0.01599207712380048 0.9659261141453805
vn -0.25832343192453894 0.01599207712380048 0.9659261141453805
vn -0.25876759778971187 0.005111718876953091 -0.9659260844724428
vn -0.25876759778971187 0.005111718876953091 -0.9659260844724428
vn -0.25876759778971187 0.005111718876953091 -0.9659260844724428
vn -0.2587676961635667 0.00511167714456963 -0.9659260583393378
vn -0.2587676961635667 0.00511167714456963 -0.9659260583393378
vn -0.2587676961635667 0.00511167714456963 -0.9659260583393378
vn -0.7069698706194926 0.0139654281402927 -0.7071057692121571
vn -0.7069698706194926 0.0139654281402927 -0.7071057692121571
vn -0.7069698706194926 0.0139654281402927 -0.7071057692121571
vn -0.7069692099396658 0.013965930955151876 -0.7071064198335643
vn -0.7069692099396658 0.013965930955151876 -0.7071064198335643
vn -0.7069692099396658 0.013965930955151876 -0.7071064198335643
vn -0.965738215280332 0.019077822138861528 -0.2588160278066198
vn -0.965738215280332 0.019077822138861528 -0.2588160278066198
vn -0.965738215280332 0.019077822138861528 -0.2588160278066198
vn -0.9657362011380226 0.01908189040109439 -0.2588232432959246
vn -0.9657362011380226 0.01908189040109439 -0.2588232432959246
vn -0.9657362011380226 0.01908189040109439 -0.2588232432959246
vn -0.9998048499858345 0.019755048590244382 0
vn -0.9998048499858345 0.019755048590244382 0
vn -0.9998048499858345 0.019755048590244382 0
vn -0.9998048499858345 0.019755048590244382 0
vn -0.9998048499858345 0.019755048590244382 0
vn -0.9998048499858345 0.019755048590244382 0
vn -0.9657380754495253 0.0190819281789424 0.2588162468702861
vn -0.9657380754495253 0.0190819281789424 0.2588162468702861
vn -0.9657380754495253 0.0190819281789424 0.2588162468702861
vn -0.965736209807547 0.01907778157719779 0.2588235138403118
vn -0.965736209807547 0.01907778157719779 0.2588235138403118
vn -0.965736209807547 0.01907778157719779 0.2588235138403118
vn -0.7069706403218077 0.0139659579609516 0.7071049891926984
vn -0.7069706403218077 0.0139659579609516 0.7071049891926984
vn -0.7069706403218077 0.0139659579609516 0.7071049891926984
vn -0.7069699898218373 0.013965430002800651 0.7071056499959169
vn -0.7069699898218373 0.013965430002800651 0.7071056499959169
vn -0.7069699898218373 0.013965430002800651 0.7071056499959169
vn -0.2587674866231171 0.005111673401022898 0.9659261144941658
vn -0.2587674866231171 0.005111673401022898 0.9659261144941658
vn -0.2587674866231171 0.005111673401022898 0.9659261144941658
vn -0.25876756998358935 0.005111718450724916 0.965926091923843
vn -0.25876756998358935 0.005111718450724916 0.965926091923843
vn -0.25876756998358935 0.005111718450724916 0.965926091923843
vn -0.25881818114932376 0 -0.9659260577842157
vn -0.25881818114932376 0 -0.9659260577842157
vn -0.25881818114932376 0 -0.9659260577842157
vn -0.37980180189933804 -0.004455773532977271 -0.9250571535620049
vn -0.37980180189933804 -0.004455773532977271 -0.9250571535620049
vn -0.37980180189933804 -0.004455773532977271 -0.9250571535620049
vn -0.7071238727692778 -0.00829586197074036 -0.7070410223133737
vn -0.7071238727692778 -0.00829586197074036 -0.7070410223133737
vn -0.7071238727692778 -0.00829586197074036 -0.7070410223133737
vn -0.8334576252876973 -0.01644011168087527 -0.5523387634212474
vn -0.8334576252876973 -0.01644011168087527 -0.5523387634212474
vn -0.8334576252876973 -0.01644011168087527 -0.5523387634212474
vn -0.9657620198988206 -0.019049840062579985 -0.2587292494375931
vn -0.9657620198988206 -0.019049840062579985 -0.2587292494375931
vn -0.9657620198988206 -0.019049840062579985 -0.2587292494375931
vn -0.9841941496203586 -0.02217921219836243 -0.1756984871856305
vn -0.9841941496203586 -0.02217921219836243 -0.1756984871856305
vn -0.9841941496203586 -0.02217921219836243 -0.1756984871856305
vn -0.9997461744702684 -0.02252968335471655 0
vn -0.9997461744702684 -0.02252968335471655 0
vn -0.9997461744702684 -0.02252968335471655 0
vn -0.9997461744702684 -0.02252968335471655 0
vn -0.9997461744702684 -0.02252968335471655 0
vn -0.9997461744702684 -0.02252968335471655 0
vn -0.9657102707862668 -0.02176267068905466 0.25870844412657895
vn -0.9657102707862668 -0.02176267068905466 0.25870844412657895
vn -0.9657102707862668 -0.02176267068905466 0.25870844412657895
vn -0.9844121279132366 -0.019417717938843424 0.17480192975874392
vn -0.9844121279132366 -0.019417717938843424 0.17480192975874392
vn -0.9844121279132366 -0.019417717938843424 0.17480192975874392
vn -0.7071080585273595 -0.01394784314279957 0.7069679280118245
vn -0.7071080585273595 -0.01394784314279957 0.7069679280118245
vn -0.7071080585273595 -0.01394784314279957 0.7069679280118245
vn -0.8374003995845453 -0.00982424643547966 0.5465016513768451
vn -0.8374003995845453 -0.00982424643547966 0.5465016513768451
vn -0.8374003995845453 -0.00982424643547966 0.5465016513768451
vn -0.25884482641740736 -0.0030367256119088496 0.9659141442874207
vn -0.25884482641740736 -0.0030367256119088496 0.9659141442874207
vn -0.25884482641740736 -0.0030367256119088496 0.9659141442874207
vn -0.3873133392728958 0 0.921948142370968
vn -0.3873133392728958 0 0.921948142370968
vn -0.3873133392728958 0 0.921948142370968
vn 0.2297579514514031 -0.3118143403323051 -0.9219452808643169
vn 0.2297579514514031 -0.3118143403323051 -0.9219452808643169
vn 0.2297579514514031 -0.3118143403323051 -0.9219452808643169
vn 0.15161346164343922 -0.20903657742463425 -0.9660833646984551
vn 0.15161346164343922 -0.20903657742463425 -0.9660833646984551
vn 0.15161346164343922 -0.20903657742463425 -0.9660833646984551
vn 0.49288085718868085 -0.6795578683883924 -0.5433871217910633
vn 0.49288085718868085 -0.6795578683883924 -0.5433871217910633
vn 0.49288085718868085 -0.6795578683883924 -0.5433871217910633
vn 0.41125410673345636 -0.5734154565031708 -0.708565292642906
vn 0.41125410673345636 -0.5734154565031708 -0.708565292642906
vn 0.41125410673345636 -0.5734154565031708 -0.708565292642906
vn 0.5740586565994624 -0.8004154032092241 -0.17260313174631484
vn 0.5740586565994624 -0.8004154032092241 -0.17260313174631484
vn 0.5740586565994624 -0.8004154032092241 -0.17260313174631484
vn 0.5612666475517905 -0.7857470924503481 -0.25996395337007444
vn 0.5612666475517905 -0.7857470924503481 -0.25996395337007444
vn 0.5612666475517905 -0.7857470924503481 -0.25996395337007444
vn 0.5812510376424487 -0.8137242968226872 0
vn 0.5812510376424487 -0.8137242968226872 0
vn 0.5812510376424487 -0.8137242968226872 0
vn 0.5812510376424487 -0.8137242968226872 0
vn 0.5812510376424487 -0.8137242968226872 0
vn 0.5812510376424487 -0.8137242968226872 0
vn 0.5724646837048629 -0.8014238185441338 0.17321676876339281
vn 0.5724646837048629 -0.8014238185441338 0.17321676876339281
vn 0.5724646837048629 -0.8014238185441338 0.17321676876339281
vn 0.5627906330387876 -0.7847042690813757 0.25981900132450764
vn 0.5627906330387876 -0.7847042690813757 0.25981900132450764
vn 0.5627906330387876 -0.7847042690813757 0.25981900132450764
vn 0.487762223428845 -0.6800913959580153 0.5473241329775507
vn 0.487762223428845 -0.6800913959580153 0.5473241329775507
vn 0.487762223428845 -0.6800913959580153 0.5473241329775507
vn 0.4146536591021813 -0.571702421035935 0.7079679969990329
vn 0.4146536591021813 -0.571702421035935 0.7079679969990329
vn 0.4146536591021813 -0.571702421035935 0.7079679969990329
vn 0.22456514873825933 -0.309618503385681 0.9239625946613719
vn 0.22456514873825933 -0.309618503385681 0.9239625946613719
vn 0.22456514873825933 -0.309618503385681 0.9239625946613719
vn 0.15353133101267286 -0.20836393965216649 0.9659257730540712
vn 0.15353133101267286 -0.20836393965216649 0.9659257730540712
vn 0.15353133101267286 -0.20836393965216649 0.9659257730540712
vn 0 -0.25881934008709334 -0.9659257472481421
vn 0 -0.25881934008709334 -0.9659257472481421
vn 0 -0.25881934008709334 -0.9659257472481421
vn 0 -0.25881934008709334 -0.9659257472481421
vn 0 -0.25881934008709334 -0.9659257472481421
vn 0 -0.25881934008709334 -0.9659257472481421
vn 0 -0.7071071984189451 -0.7071063639539039
vn 0 -0.7071071984189451 -0.7071063639539039
vn 0 -0.7071071984189451 -0.7071063639539039
vn 0 -0.7071071984189451 -0.7071063639539039
vn 0 -0.7071071984189451 -0.7071063639539039
vn 0 -0.7071071984189451 -0.7071063639539039
vn 0 -0.9659258520912373 -0.25881894880749623
vn 0 -0.9659258520912373 -0.25881894880749623
vn 0 -0.9659258520912373 -0.25881894880749623
vn 0 -0.9659258520912373 -0.25881894880749623
vn 0 -0.9659258520912373 -0.25881894880749623
vn 0 -0.9659258520912373 -0.25881894880749623
vn 0 -1 0
vn 0 -1 0
vn 0 -1 0
vn 0 -1 0
vn 0 -1 0
vn 0 -1 0
vn 0 -0.9659257884938344 0.2588191861562131
vn 0 -0.9659257884938344 0.2588191861562131
vn 0 -0.9659257884938344 0.2588191861562131
vn 0 -0.9659257884938344 0.2588191861562131
vn 0 -0.9659257884938344 0.2588191861562131
vn 0 -0.9659257884938344 0.2588191861562131
vn 0 -0.7071079434761364 0.7071056188950483
vn 0 -0.7071079434761364 0.7071056188950483
vn 0 -0.7071079434761364 0.7071056188950483
vn 0 -0.7071079434761364 0.7071056188950483
vn 0 -0.7071079434761364 0.7071056188950483
vn 0 -0.7071079434761364 0.7071056188950483
vn 0 -0.2588191861562131 0.9659257884938344
vn 0 -0.2588191861562131 0.9659257884938344
vn 0 -0.2588191861562131 0.9659257884938344
vn 0 -0.25881922886332576 0.9659257770504902
vn 0 -0.25881922886332576 0.9659257770504902
vn 0 -0.25881922886332576 0.9659257770504902
vn 0.2479038038371484 -0.07437114264126062 -0.9659257927943047
vn 0.2479038038371484 -0.07437114264126062 -0.9659257927943047
vn 0.2479038038371484 -0.07437114264126062 -0.9659257927943047
vn 0.2882380218008887 -0.08465713352130694 -0.9538092118092937
vn 0.2882380218008887 -0.08465713352130694 -0.9538092118092937
vn 0.2882380218008887 -0.08465713352130694 -0.9538092118092937
vn 0.6799166805619273 -0.19969539364951397 -0.7055742747923962
vn 0.6799166805619273 -0.19969539364951397 -0.7055742747923962
vn 0.6799166805619273 -0.19969539364951397 -0.7055742747923962
vn 0.7300683902440871 -0.21145631507409285 -0.6498356502852806
vn 0.7300683902440871 -0.21145631507409285 -0.6498356502852806
vn 0.7300683902440871 -0.21145631507409285 -0.6498356502852806
vn 0.9282352087510665 -0.2688531507844999 -0.2570941083496684
vn 0.9282352087510665 -0.2688531507844999 -0.2570941083496684
vn 0.9282352087510665 -0.2688531507844999 -0.2570941083496684
vn 0.936535929743821 -0.2699562239883769 -0.2236606568639503
vn 0.936535929743821 -0.2699562239883769 -0.2236606568639503
vn 0.936535929743821 -0.2699562239883769 -0.2236606568639503
vn 0.9608777762004654 -0.27697274090431395 0
vn 0.9608777762004654 -0.27697274090431395 0
vn 0.9608777762004654 -0.27697274090431395 0
vn 0.9608777762004654 -0.27697274090431395 0
vn 0.9608777762004654 -0.27697274090431395 0
vn 0.9608777762004654 -0.27697274090431395 0
vn 0.928638880930381 -0.26767990150073734 0.25686046631765885
vn 0.928638880930381 -0.26767990150073734 0.25686046631765885
vn 0.928638880930381 -0.26767990150073734 0.25686046631765885
vn 0.9362678495526069 -0.27117973472484613 0.22330263179976004
vn 0.9362678495526069 -0.27117973472484613 0.22330263179976004
vn 0.9362678495526069 -0.27117973472484613 0.22330263179976004
vn 0.6816204663938963 -0.19742388668896763 0.7045689098715532
vn 0.6816204663938963 -0.19742388668896763 0.7045689098715532
vn 0.6816204663938963 -0.19742388668896763 0.7045689098715532
vn 0.7307953849368932 -0.21463874026001448 0.6479724658768549
vn 0.7307953849368932 -0.21463874026001448 0.6479724658768549
vn 0.7307953849368932 -0.21463874026001448 0.6479724658768549
vn 0.24933471382118275 -0.07323101338106011 0.9656445615043311
vn 0.24933471382118275 -0.07323101338106011 0.9656445615043311
vn 0.24933471382118275 -0.07323101338106011 0.9656445615043311
vn 0.28977200053061536 -0.08693161506034562 0.9531395920910458
vn 0.28977200053061536 -0.08693161506034562 0.9531395920910458
vn 0.28977200053061536 -0.08693161506034562 0.9531395920910458
vn 0 0.3025310855089316 -0.9531395188013071
vn 0 0.3025310855089316 -0.9531395188013071
vn 0 0.3025310855089316 -0.9531395188013071
vn 0.0005395457806036748 0.2588238994477307 -0.9659243748684582
vn 0.0005395457806036748 0.2588238994477307 -0.9659243748684582
vn 0.0005395457806036748 0.2588238994477307 -0.9659243748684582
vn 0.0015910418114122751 0.7632339648778613 -0.6461202546297199
vn 0.0015910418114122751 0.7632339648778613 -0.6461202546297199
vn 0.0015910418114122751 0.7632339648778613 -0.6461202546297199
vn 0.0025247612267421554 0.7071193986877672 -0.707089655970301
vn 0.0025247612267421554 0.7071193986877672 -0.707089655970301
vn 0.0025247612267421554 0.7071193986877672 -0.707089655970301
vn 0.0034816719038015063 0.9751248335050146 -0.2216290527944652
vn 0.0034816719038015063 0.9751248335050146 -0.2216290527944652
vn 0.0034816719038015063 0.9751248335050146 -0.2216290527944652
vn 0.003966254686909588 0.9659212922876377 -0.25880557553719435
vn 0.003966254686909588 0.9659212922876377 -0.25880557553719435
vn 0.003966254686909588 0.9659212922876377 -0.25880557553719435
vn 0.0041061536271466146 0.9999915697156602 0
vn 0.0041061536271466146 0.9999915697156602 0
vn 0.0041061536271466146 0.9999915697156602 0
vn 0.0041061536271466146 0.9999915697156602 0
vn 0.0041061536271466146 0.9999915697156602 0
vn 0.0041061536271466146 0.9999915697156602 0
vn 0.004003897357953525 0.9750885485873786 0.2217798259980075
vn 0.004003897357953525 0.9750885485873786 0.2217798259980075
vn 0.004003897357953525 0.9750885485873786 0.2217798259980075
vn 0.003448815467026167 0.9659226898574477 0.25880777208273237
vn 0.003448815467026167 0.9659226898574477 0.25880777208273237
vn 0.003448815467026167 0.9659226898574477 0.25880777208273237
vn 0.0027228486781344266 0.7625983969481158 0.6468665017352807
vn 0.0027228486781344266 0.7625983969481158 0.6468665017352807
vn 0.0027228486781344266 0.7625983969481158 0.6468665017352807
vn 0.0014740572467559579 0.7071156092524407 0.7070964165563159
vn 0.0014740572467559579 0.7071156092524407 0.7070964165563159
vn 0.0014740572467559579 0.7071156092524407 0.7070964165563159
vn 0.0006290561985264322 0.30176267586498495 0.95338286734297
vn 0.0006290561985264322 0.30176267586498495 0.95338286734297
vn 0.0006290561985264322 0.30176267586498495 0.95338286734297
vn 0 0.25881802721841396 0.9659260990297178
vn 0 0.25881802721841396 0.9659260990297178
vn 0 0.25881802721841396 0.9659260990297178
f 1/1/1 2/2/2 3/3/3
f 4/4/4 5/5/5 6/6/6
f 7/7/7 8/8/8 9/9/9
f 10/10/10 11/11/11 12/12/12
f 13/13/13 14/14/14 15/15/15
f 16/16/16 17/17/17 18/18/18
f 19/19/19 20/20/20 21/21/21
f 22/22/22 23/23/23 24/24/24
f 25/25/25 26/26/26 27/27/27
f 28/28/28 29/29/29 30/30/30
f 31/31/31 32/32/32 33/33/33
f 34/34/34 35/35/35 36/36/36
f 37/37/37 38/38/38 39/39/39
f 40/40/40 41/41/41 42/42/42
f 43/43/43 44/44/44 45/45/45
f 46/46/46 47/47/47 48/48/48
f 49/49/49 50/50/50 51/51/51
f 52/52/52 53/53/53 54/54/54
f 55/55/55 56/56/56 57/57/57
f 58/58/58 59/59/59 60/60/60
f 61/61/61 62/62/62 63/63/63
f 64/64/64 65/65/65 66/66/66
f 67/67/67 68/68/68 69/69/69
f 70/70/70 71/71/71 72/72/72
f 73/73/73 74/74/74 75/75/75
f 76/76/76 77/77/77 78/78/78
f 79/79/79 80/80/80 81/81/81
f 82/82/82 83/83/83 84/84/84
f 85/85/85 86/86/86 87/87/87
f 88/88/88 89/89/89 90/90/90
f 91/91/91 92/92/92 93/93/93
f 94/94/94 95/95/95 96/96/96
f 97/97/97 98/98/98 99/99/99
f 100/100/100 101/101/101 102/102/102
f 103/103/103 104/104/104 105/105/105
f 106/106/106 107/107/107 108/108/108
f 109/109/109 110/110/110 111/111/111
f 112/112/112 113/113/113 114/114/114
f 115/115/115 116/116/116 117/117/117
f 118/118/118 119/119/119 120/120/120
f 121/121/121 122/122/122 123/123/123
f 124/124/124 125/125/125 126/126/126
f 127/127/127 128/128/128 129/129/129
f 130/130/130 131/131/131 132/132/132
f 133/133/133 134/134/134 135/135/135
f 136/136/136 137/137/137 138/138/138
f 139/139/139 140/140/140 141/141/141
f 142/142/142 143/143/143 144/144/144
f 145/145/145 146/146/146 147/147/147
f 148/148/148 149/149/149 150/150/150
f 151/151/151 152/152/152 153/153/153
f 154/154/154 155/155/155 156/156/156
f 157/157/157 158/158/158 159/159/159
f 160/160/160 161/161/161 162/162/162
f 163/163/163 164/164/164 165/165/165
f 166/166/166 167/167/167 168/168/168
f 169/169/169 170/170/170 171/171/171
f 172/172/172 173/173/173 174/174/174
f 175/175/175 176/176/176 177/177/177
f 178/178/178 179/179/179 180/180/180
f 181/181/181 182/182/182 183/183/183
f 184/184/184 185/185/185 186/186/186
f 187/187/187 188/188/188 189/189/189
f 190/190/190 191/191/191 192/192/192
f 193/193/193 194/194/194 195/195/195
f 196/196/196 197/197/197 198/198/198
f 199/199/199 200/200/200 201/201/201
f 202/202/202 203/203/203 204/204/204
f 205/205/205 206/206/206 207/207/207
f 208/208/208 209/209/209 210/210/210
f 211/211/211 212/212/212 213/213/213
f 214/214/214 215/215/215 216/216/216
f 217/217/217 218/218/218 219/219/219
f 220/220/220 221/221/221 222/222/222
f 223/223/223 224/224/224 225/225/225
f 226/226/226 227/227/227 228/228/228
f 229/229/229 230/230/230 231/231/231
f 232/232/232 233/233/233 234/234/234
f 235/235/235 236/236/236 237/237/237
f 238/238/238 239/239/239 240/240/240
f 241/241/241 242/242/242 243/243/243
f 244/244/244 245/245/245 246/246/246
f 247/247/247 248/248/248 249/249/249
f 250/250/250 251/251/251 252/252/252
f 253/253/253 254/254/254 255/255/255
f 256/256/256 257/257/257 258/258/258
f 259/259/259 260/260/260 261/261/261
f 262/262/262 263/263/263 264/264/264
f 265/265/265 266/266/266 267/267/267
f 268/268/268 269/269/269 270/270/270
f 271/271/271 272/272/272 273/273/273
f 274/274/274 275/275/275 276/276/276
f 277/277/277 278/278/278 279/279/279
f 280/280/280 281/281/281 282/282/282
f 283/283/283 284/284/284 285/285/285
f 286/286/286 287/287/287 288/288/288
f 289/289/289 290/290/290 291/291/291
f 292/292/292 293/293/293 294/294/294
f 295/295/295 296/296/296 297/297/297
f 298/298/298 299/299/299 300/300/300
f 301/301/301 302/302/302 303/303/303
f 304/304/304 305/305/305 306/306/306
f 307/307/307 308/308/308 309/309/309
f 310/310/310 311/311/311 312/312/312
f 313/313/313 314/314/314 315/315/315
f 316/316/316 317/317/317 318/318/318
f 319/319/319 320/320/320 321/321/321
f 322/322/322 323/323/323 324/324/324
f 325/325/325 326/326/326 327/327/327
f 328/328/328 329/329/329 330/330/330
f 331/331/331 332/332/332 333/333/333
f 334/334/334 335/335/335 336/336/336
f 337/337/337 338/338/338 339/339/339
f 340/340/340 341/341/341 342/342/342
f 343/343/343 344/344/344 345/345/345
f 346/346/346 347/347/347 348/348/348
f 349/349/349 350/350/350 351/351/351
f 352/352/352 353/353/353 354/354/354
f 355/355/355 356/356/356 357/357/357
f 358/358/358 359/359/359 360/360/360
f 361/361/361 362/362/362 363/363/363
f 364/364/364 365/365/365 366/366/366
f 367/367/367 368/368/368 369/369/369
f 370/370/370 371/371/371 372/372/372
f 373/373/373 374/374/374 375/375/375
f 376/376/376 377/377/377 378/378/378
f 379/379/379 380/380/380 381/381/381
f 382/382/382 383/383/383 384/384/384
f 385/385/385 386/386/386 387/387/387
f 388/388/388 389/389/389 390/390/390
f 391/391/391 392/392/392 393/393/393
f 394/394/394 395/395/395 396/396/396
f 397/397/397 398/398/398 399/399/399
f 400/400/400 401/401/401 402/402/402
f 403/403/403 404/404/404 405/405/405
f 406/406/406 407/407/407 408/408/408
f 409/409/409 410/410/410 411/411/411
f 412/412/412 413/413/413 414/414/414
f 415/415/415 416/416/416 417/417/417
f 418/418/418 419/419/419 420/420/420
f 421/421/421 422/422/422 423/423/423
f 424/424/424 425/425/425 426/426/426
f 427/427/427 428/428/428 429/429/429
f 430/430/430 431/431/431 432/432/432
f 433/433/433 434/434/434 435/435/435
f 436/436/436 437/437/437 438/438/438
f 439/439/439 440/440/440 441/441/441
f 442/442/442 443/443/443 444/444/444
f 445/445/445 446/446/446 447/447/447
f 448/448/448 449/449/449 450/450/450
f 451/451/451 452/452/452 453/453/453
f 454/454/454 455/455/455 456/456/456
f 457/457/457 458/458/458 459/459/459
f 460/460/460 461/461/461 462/462/462
f 463/463/463 464/464/464 465/465/465
f 466/466/466 467/467/467 468/468/468
f 469/469/469 470/470/470 471/471/471
f 472/472/472 473/473/473 474/474/474
f 475/475/475 476/476/476 477/477/477
f 478/478/478 479/479/479 480/480/480
f 481/481/481 482/482/482 483/483/483
f 484/484/484 485/485/485 486/486/486
f 487/487/487 488/488/488 489/489/489
f 490/490/490 491/491/491 492/492/492
f 493/493/493 494/494/494 495/495/495
f 496/496/496 497/497/497 498/498/498
f 499/499/499 500/500/500 501/501/501
f 502/502/502 503/503/503 504/504/504
f 505/505/505 506/506/506 507/507/507
f 508/508/508 509/509/509 510/510/510
f 511/511/511 512/512/512 513/513/513
f 514/514/514 515/515/515 516/516/516
f 517/517/517 518/518/518 519/519/519
f 520/520/520 521/521/521 522/522/522
f 523/523/523 524/524/524 525/525/525
f 526/526/526 527/527/527 528/528/528
f 529/529/529 530/530/530 531/531/531
f 532/532/532 533/533/533 534/534/534
f 535/535/535 536/536/536 537/537/537
f 538/538/538 539/539/539 540/540/540
f 541/541/541 542/542/542 543/543/543
f 544/544/544 545/545/545 546/546/546
f 547/547/547 548/548/548 549/549/549
f 550/550/550 551/551/551 552/552/552
f 553/553/553 554/554/554 555/555/555
f 556/556/556 557/557/557 558/558/558
f 559/559/559 560/560/560 561/561/561
f 562/562/562 563/563/563 564/564/564
f 565/565/565 566/566/566 567/567/567
f 568/568/568 569/569/569 570/570/570
f 571/571/571 572/572/572 573/573/573
f 574/574/574 575/575/575 576/576/576
f 577/577/577 578/578/578 579/579/579
f 580/580/580 581/581/581 582/582/582
f 583/583/583 584/584/584 585/585/585
f 586/586/586 587/587/587 588/588/588
f 589/589/589 590/590/590 591/591/591
f 592/592/592 593/593/593 594/594/594
f 595/595/595 596/596/596 597/597/597
f 598/598/598 599/599/599 600/600/600
f 601/601/601 602/602/602 603/603/603
f 604/604/604 605/605/605 606/606/606
f 607/607/607 608/608/608 609/609/609
f 610/610/610 611/611/611 612/612/612
f 613/613/613 614/614/614 615/615/615
f 616/616/616 617/617/617 618/618/618
f 619/619/619 620/620/620 621/621/621
f 622/622/622 623/623/623 624/624/624
f 625/625/625 626/626/626 627/627/627
f 628/628/628 629/629/629 630/630/630
f 631/631/631 632/632/632 633/633/633
f 634/634/634 635/635/635 636/636/636
f 637/637/637 638/638/638 639/639/639
f 640/640/640 641/641/641 642/642/642
f 643/643/643 644/644/644 645/645/645
f 646/646/646 647/647/647 648/648/648
f 649/649/649 650/650/650 651/651/651
f 652/652/652 653/653/653 654/654/654
f 655/655/655 656/656/656 657/657/657
f 658/658/658 659/659/659 660/660/660
f 661/661/661 662/662/662 663/663/663
f 664/664/664 665/665/665 666/666/666
f 667/667/667 668/668/668 669/669/669
f 670/670/670 671/671/671 672/672/672
f 673/673/673 674/674/674 675/675/675
f 676/676/676 677/677/677 678/678/678
f 679/679/679 680/680/680 681/681/681
f 682/682/682 683/683/683 684/684/684
f 685/685/685 686/686/686 687/687/687
f 688/688/688 689/689/689 690/690/690
f 691/691/691 692/692/692 693/693/693
f 694/694/694 695/695/695 696/696/696
f 697/697/697 698/698/698 699/699/699
f 700/700/700 701/701/701 702/702/702
f 703/703/703 704/704/704 705/705/705
f 706/706/706 707/707/707 708/708/708
f 709/709/709 710/710/710 711/711/711
f 712/712/712 713/713/713 714/714/714
f 715/715/715 716/716/716 717/717/717
f 718/718/718 719/719/719 720/720/720
f 721/721/721 722/722/722 723/723/723
f 724/724/724 725/725/725 726/726/726
f 727/727/727 728/728/728 729/729/729
f 730/730/730 731/731/731 732/732/732
f 733/733/733 734/734/734 735/735/735
f 736/736/736 737/737/737 738/738/738
f 739/739/739 740/740/740 741/741/741
f 742/742/742 743/743/743 744/744/744
f 745/745/745 746/746/746 747/747/747
f 748/748/748 749/749/749 750/750/750
f 751/751/751 752/752/752 753/753/753
f 754/754/754 755/755/755 756/756/756
f 757/757/757 758/758/758 759/759/759
f 760/760/760 761/761/761 762/762/762
f 763/763/763 764/764/764 765/765/765
f 766/766/766 767/767/767 768/768/768
f 769/769/769 770/770/770 771/771/771
f 772/772/772 773/773/773 774/774/774
f 775/775/775 776/776/776 777/777/777
f 778/778/778 779/779/779 780/780/780
f 781/781/781 782/782/782 783/783/783
f 784/784/784 785/785/785 786/786/786
f 787/787/787 788/788/788 789/789/789
f 790/790/790 791/791/791 792/792/792
f 793/793/793 794/794/794 795/795/795
f 796/796/796 797/797/797 798/798/798
f 799/799/799 800/800/800 801/801/801
f 802/802/802 803/803/803 804/804/804
f 805/805/805 806/806/806 807/807/807
f 808/808/808 809/809/809 810/810/810
f 811/811/811 812/812/812 813/813/813
f 814/814/814 815/815/815 816/816/816
f 817/817/817 818/818/818 819/819/819
f 820/820/820 821/821/821 822/822/822
f 823/823/823 824/824/824 825/825/825
f 826/826/826 827/827/827 828/828/828
f 829/829/829 830/830/830 831/831/831
f 832/832/832 833/833/833 834/834/834
f 835/835/835 836/836/836 837/837/837
f 838/838/838 839/839/839 840/840/840
f 841/841/841 842/842/842 843/843/843
f 844/844/844 845/845/845 846/846/846
f 847/847/847 848/848/848 849/849/849
f 850/850/850 851/851/851 852/852/852
f 853/853/853 854/854/854 855/855/855
f 856/856/856 857/857/857 858/858/858
f 859/859/859 860/860/860 861/861/861
f 862/862/862 863/863/863 864/864/864
f 865/865/865 866/866/866 867/867/867
f 868/868/868 869/869/869 870/870/870
f 871/871/871 872/872/872 873/873/873
f 874/874/874 875/875/875 876/876/876
f 877/877/877 878/878/878 879/879/879
f 880/880/880 881/881/881 882/882/882
f 883/883/883 884/884/884 885/885/885
f 886/886/886 887/887/887 888/888/888
f 889/889/889 890/890/890 891/891/891
f 892/892/892 893/893/893 894/894/894
f 895/895/895 896/896/896 897/897/897
f 898/898/898 899/899/899 900/900/900
f 901/901/901 902/902/902 903/903/903
f 904/904/904 905/905/905 906/906/906
f 907/907/907 908/908/908 909/909/909
f 910/910/910 911/911/911 912/912/912
f 913/913/913 914/914/914 915/915/915
f 916/916/916 917/917/917 918/918/918
f 919/919/919 920/920/920 921/921/921
f 922/922/922 923/923/923 924/924/924
f 925/925/925 926/926/926 927/927/927
f 928/928/928 929/929/929 930/930/930
f 931/931/931 932/932/932 933/933/933
f 934/934/934 935/935/935 936/936/936
f 937/937/937 938/938/938 939/939/939
f 940/940/940 941/941/941 942/942/942
f 943/943/943 944/944/944 945/945/945
f 946/946/946 947/947/947 948/948/948
f 949/949/949 950/950/950 951/951/951
f 952/952/952 953/953/953 954/954/954
f 955/955/955 956/956/956 957/957/957
f 958/958/958 959/959/959 960/960/960
f 961/961/961 962/962/962 963/963/963
f 964/964/964 965/965/965 966/966/966
f 967/967/967 968/968/968 969/969/969
f 970/970/970 971/971/971 972/972/972
f 973/973/973 974/974/974 975/975/975
f 976/976/976 977/977/977 978/978/978
f 979/979/979 980/980/980 981/981/981
f 982/982/982 983/983/983 984/984/984
f 985/985/985 986/986/986 987/987/987
f 988/988/988 989/989/989 990/990/990
f 991/991/991 992/992/992 993/993/993
f 994/994/994 995/995/995 996/996/996
f 997/997/997 998/998/998 999/999/999
f 1000/1000/1000 1001/1001/1001 1002/1002/1002
f 1003/1003/1003 1004/1004/1004 1005/1005/1005
f 1006/1006/1006 1007/1007/1007 1008/1008/1008
f 1009/1009/1009 1010/1010/1010 1011/1011/1011
f 1012/1012/1012 1013/1013/1013 1014/1014/1014
f 1015/1015/1015 1016/1016/1016 1017/1017/1017
f 1018/1018/1018 1019/1019/1019 1020/1020/1020
f 1021/1021/1021 1022/1022/1022 1023/1023/1023
f 1024/1024/1024 1025/1025/1025 1026/1026/1026
f 1027/1027/1027 1028/1028/1028 1029/1029/1029
f 1030/1030/1030 1031/1031/1031 1032/1032/1032
f 1033/1033/1033 1034/1034/1034 1035/1035/1035
f 1036/1036/1036 1037/1037/1037 1038/1038/1038
f 1039/1039/1039 1040/1040/1040 1041/1041/1041
f 1042/1042/1042 1043/1043/1043 1044/1044/1044
f 1045/1045/1045 1046/1046/1046 1047/1047/1047
f 1048/1048/1048 1049/1049/1049 1050/1050/1050
f 1051/1051/1051 1052/1052/1052 1053/1053/1053
f 1054/1054/1054 1055/1055/1055 1056/1056/1056
f 1057/1057/1057 1058/1058/1058 1059/1059/1059
f 1060/1060/1060 1061/1061/1061 1062/1062/1062
f 1063/1063/1063 1064/1064/1064 1065/1065/1065
f 1066/1066/1066 1067/1067/1067 1068/1068/1068
f 1069/1069/1069 1070/1070/1070 1071/1071/1071
f 1072/1072/1072 1073/1073/1073 1074/1074/1074
f 1075/1075/1075 1076/1076/1076 1077/1077/1077
f 1078/1078/1078 1079/1079/1079 1080/1080/1080
f 1081/1081/1081 1082/1082/1082 1083/1083/1083
f 1084/1084/1084 1085/1085/1085 1086/1086/1086
f 1087/1087/1087 1088/1088/1088 1089/1089/1089
f 1090/1090/1090 1091/1091/1091 1092/1092/1092
f 1093/1093/1093 1094/1094/1094 1095/1095/1095
f 1096/1096/1096 1097/1097/1097 1098/1098/1098
f 1099/1099/1099 1100/1100/1100 1101/1101/1101
f 1102/1102/1102 1103/1103/1103 1104/1104/1104
f 1105/1105/1105 1106/1106/1106 1107/1107/1107
f 1108/1108/1108 1109/1109/1109 1110/1110/1110
f 1111/1111/1111 1112/1112/1112 1113/1113/1113
f 1114/1114/1114 1115/1115/1115 1116/1116/1116
f 1117/1117/1117 1118/1118/1118 1119/1119/1119
f 1120/1120/1120 1121/1121/1121 1122/1122/1122
f 1123/1123/1123 1124/1124/1124 1125/1125/1125
f 1126/1126/1126 1127/1127/1127 1128/1128/1128
f 1129/1129/1129 1130/1130/1130 1131/1131/1131
f 1132/1132/1132 1133/1133/1133 1134/1134/1134
f 1135/1135/1135 1136/1136/1136 1137/1137/1137
f 1138/1138/1138 1139/1139/1139 1140/1140/1140
f 1141/1141/1141 1142/1142/1142 1143/1143/1143
f 1144/1144/1144 1145/1145/1145 1146/1146/1146
f 1147/1147/1147 1148/1148/1148 1149/1149/1149
f 1150/1150/1150 1151/1151/1151 1152/1152/1152
f 1153/1153/1153 1154/1154/1154 1155/1155/1155
f 1156/1156/1156 1157/1157/1157 1158/1158/1158
f 1159/1159/1159 1160/1160/1160 1161/1161/1161
f 1162/1162/1162 1163/1163/1163 1164/1164/1164
f 1165/1165/1165 1166/1166/1166 1167/1167/1167
f 1168/1168/1168 1169/1169/1169 1170/1170/1170
f 1171/1171/1171 1172/1172/1172 1173/1173/1173
f 1174/1174/1174 1175/1175/1175 1176/1176/1176
f 1177/1177/1177 1178/1178/1178 1179/1179/1179
f 1180/1180/1180 1181/1181/1181 1182/1182/1182
f 1183/1183/1183 1184/1184/1184 1185/1185/1185
f 1186/1186/1186 1187/1187/1187 1188/1188/1188
f 1189/1189/1189 1190/1190/1190 1191/1191/1191
f 1192/1192/1192 1193/1193/1193 1194/1194/1194
f 1195/1195/1195 1196/1196/1196 1197/1197/1197
f 1198/1198/1198 1199/1199/1199 1200/1200/1200
f 1201/1201/1201 1202/1202/1202 1203/1203/1203
f 1204/1204/1204 1205/1205/1205 1206/1206/1206
f 1207/1207/1207 1208/1208/1208 1209/1209/1209
f 1210/1210/1210 1211/1211/1211 1212/1212/1212
f 1213/1213/1213 1214/1214/1214 1215/1215/1215
f 1216/1216/1216 1217/1217/1217 1218/1218/1218
f 1219/1219/1219 1220/1220/1220 1221/1221/1221
f 1222/1222/1222 1223/1223/1223 1224/1224/1224
f 1225/1225/1225 1226/1226/1226 1227/1227/1227
f 1228/1228/1228 1229/1229/1229 1230/1230/1230
f 1231/1231/1231 1232/1232/1232 1233/1233/1233
f 1234/1234/1234 1235/1235/1235 1236/1236/1236
f 1237/1237/1237 1238/1238/1238 1239/1239/1239
f 1240/1240/1240 1241/1241/1241 1242/1242/1242
f 1243/1243/1243 1244/1244/1244 1245/1245/1245
f 1246/1246/1246 1247/1247/1247 1248/1248/1248
f 1249/1249/1249 1250/1250/1250 1251/1251/1251
f 1252/1252/1252 1253/1253/1253 1254/1254/1254
f 1255/1255/1255 1256/1256/1256 1257/1257/1257
f 1258/1258/1258 1259/1259/1259 1260/1260/1260
f 1261/1261/1261 1262/1262/1262 1263/1263/1263
f 1264/1264/1264 1265/1265/1265 1266/1266/1266
f 1267/1267/1267 1268/1268/1268 1269/1269/1269
f 1270/1270/1270 1271/1271/1271 1272/1272/1272
f 1273/1273/1273 1274/1274/1274 1275/1275/1275
f 1276/1276/1276 1277/1277/1277 1278/1278/1278
f 1279/1279/1279 1280/1280/1280 1281/1281/1281
f 1282/1282/1282 1283/1283/1283 1284/1284/1284
f 1285/1285/1285 1286/1286/1286 1287/1287/1287
f 1288/1288/1288 1289/1289/1289 1290/1290/1290
f 1291/1291/1291 1292/1292/1292 1293/1293/1293
f 1294/1294/1294 1295/1295/1295 1296/1296/1296
f 1297/1297/1297 1298/1298/1298 1299/1299/1299
f 1300/1300/1300 1301/1301/1301 1302/1302/1302
f 1303/1303/1303 1304/1304/1304 1305/1305/1305
f 1306/1306/1306 1307/1307/1307 1308/1308/1308
f 1309/1309/1309 1310/1310/1310 1311/1311/1311
f 1312/1312/1312 1313/1313/1313 1314/1314/1314
f 1315/1315/1315 1316/1316/1316 1317/1317/1317
f 1318/1318/1318 1319/1319/1319 1320/1320/1320
f 1321/1321/1321 1322/1322/1322 1323/1323/1323
f 1324/1324/1324 1325/1325/1325 1326/1326/1326
f 1327/1327/1327 1328/1328/1328 1329/1329/1329
f 1330/1330/1330 1331/1331/1331 1332/1332/1332
f 1333/1333/1333 1334/1334/1334 1335/1335/1335
f 1336/1336/1336 1337/1337/1337 1338/1338/1338
f 1339/1339/1339 1340/1340/1340 1341/1341/1341
f 1342/1342/1342 1343/1343/1343 1344/1344/1344
f 1345/1345/1345 1346/1346/1346 1347/1347/1347
f 1348/1348/1348 1349/1349/1349 1350/1350/1350
f 1351/1351/1351 1352/1352/1352 1353/1353/1353
f 1354/1354/1354 1355/1355/1355 1356/1356/1356
f 1357/1357/1357 1358/1358/1358 1359/1359/1359
f 1360/1360/1360 1361/1361/1361 1362/1362/1362
f 1363/1363/1363 1364/1364/1364 1365/1365/1365
f 1366/1366/1366 1367/1367/1367 1368/1368/1368
f 1369/1369/1369 1370/1370/1370 1371/1371/1371
f 1372/1372/1372 1373/1373/1373 1374/1374/1374
f 1375/1375/1375 1376/1376/1376 1377/1377/1377
f 1378/1378/1378 1379/1379/1379 1380/1380/1380
o F-haste
usemtl gradiente-fm
v -0.17759998779296876 0.15575555205345154 -0.031200001239776613
v -0.10719999771118163 0.20759555339813235 -0.031200001239776613
v -0.10719999771118163 0.19415555238723756 -0.031200001239776613
v -0.10719999771118163 0.005355548858642589 -0.031200001239776613
v -0.17759998779296876 0.04695554733276368 -0.031200001239776613
v -0.17759998779296876 0.15575555205345154 -0.031200001239776613
v -0.025599996852874743 0.19415555238723756 -0.031200001239776613
v -0.039999997425079335 0.14615555167198183 -0.031200001239776613
v -0.10719999771118163 0.14615555167198183 -0.031200001239776613
v -0.17759998779296876 0.15575555205345154 -0.031200001239776613
v -0.10719999771118163 0.19415555238723756 -0.031200001239776613
v -0.025599996852874743 0.19415555238723756 -0.031200001239776613
v -0.10719999771118163 0.14615555167198183 -0.031200001239776613
v -0.10719999771118163 0.005355548858642589 -0.031200001239776613
v -0.17759998779296876 0.15575555205345154 -0.031200001239776613
v -0.17759998779296876 0.15575555205345154 -0.031200001239776613
v -0.025599996852874743 0.19415555238723756 -0.031200001239776613
v -0.10719999771118163 0.14615555167198183 -0.031200001239776613
v -0.10719999771118163 0.19415555238723756 0.031200001239776613
v -0.10719999771118163 0.20759555339813235 0.031200001239776613
v -0.17759998779296876 0.15575555205345154 0.031200001239776613
v -0.17759998779296876 0.15575555205345154 0.031200001239776613
v -0.17759998779296876 0.04695554733276368 0.031200001239776613
v -0.10719999771118163 0.005355548858642589 0.031200001239776613
v -0.10719999771118163 0.14615555167198183 0.031200001239776613
v -0.039999997425079335 0.14615555167198183 0.031200001239776613
v -0.025599996852874743 0.19415555238723756 0.031200001239776613
v -0.025599996852874743 0.19415555238723756 0.031200001239776613
v -0.10719999771118163 0.19415555238723756 0.031200001239776613
v -0.17759998779296876 0.15575555205345154 0.031200001239776613
v -0.17759998779296876 0.15575555205345154 0.031200001239776613
v -0.10719999771118163 0.005355548858642589 0.031200001239776613
v -0.10719999771118163 0.14615555167198183 0.031200001239776613
v -0.10719999771118163 0.14615555167198183 0.031200001239776613
v -0.025599996852874743 0.19415555238723756 0.031200001239776613
v -0.17759998779296876 0.15575555205345154 0.031200001239776613
v -0.17759998779296876 0.15575555205345154 -0.031200001239776613
v -0.17759998779296876 0.04695554733276368 -0.031200001239776613
v -0.17959999542236327 0.156766557097435 -0.030664100646972656
v -0.17759998779296876 0.04695554733276368 -0.031200001239776613
v -0.17959999542236327 0.04581429481506348 -0.030664100646972656
v -0.17959999542236327 0.156766557097435 -0.030664100646972656
v -0.17959999542236327 0.156766557097435 -0.030664100646972656
v -0.17959999542236327 0.04581429481506348 -0.030664100646972656
v -0.1810640953063965 0.1575066637992859 -0.029200000762939455
v -0.17959999542236327 0.04581429481506348 -0.030664100646972656
v -0.1810640953063965 0.044978828430175796 -0.029200000762939455
v -0.1810640953063965 0.1575066637992859 -0.029200000762939455
v -0.1810640953063965 0.1575066637992859 -0.029200000762939455
v -0.1810640953063965 0.044978828430175796 -0.029200000762939455
v -0.18160000305175783 0.15777756184339525 -0.027200000286102297
v -0.1810640953063965 0.044978828430175796 -0.029200000762939455
v -0.18160000305175783 0.044673032760620124 -0.027200000286102297
v -0.18160000305175783 0.15777756184339525 -0.027200000286102297
v -0.18160000305175783 0.15777756184339525 -0.027200000286102297
v -0.18160000305175783 0.044673032760620124 -0.027200000286102297
v -0.18160000305175783 0.15777756184339525 0.027200000286102297
v -0.18160000305175783 0.044673032760620124 -0.027200000286102297
v -0.18160000305175783 0.044673032760620124 0.027200000286102297
v -0.18160000305175783 0.15777756184339525 0.027200000286102297
v -0.18160000305175783 0.15777756184339525 0.027200000286102297
v -0.18160000305175783 0.044673032760620124 0.027200000286102297
v -0.1810640953063965 0.1575066637992859 0.02919999837875366
v -0.18160000305175783 0.044673032760620124 0.027200000286102297
v -0.1810640953063965 0.044978828430175796 0.02919999837875366
v -0.1810640953063965 0.1575066637992859 0.02919999837875366
v -0.1810640953063965 0.1575066637992859 0.02919999837875366
v -0.1810640953063965 0.044978828430175796 0.02919999837875366
v -0.17959999542236327 0.156766557097435 0.03066410303115845
v -0.1810640953063965 0.044978828430175796 0.02919999837875366
v -0.17959999542236327 0.04581429481506348 0.03066410303115845
v -0.17959999542236327 0.156766557097435 0.03066410303115845
v -0.17959999542236327 0.156766557097435 0.03066410303115845
v -0.17959999542236327 0.04581429481506348 0.03066410303115845
v -0.17759998779296876 0.15575555205345154 0.031200001239776613
v -0.17959999542236327 0.04581429481506348 0.03066410303115845
v -0.17759998779296876 0.04695554733276368 0.031200001239776613
v -0.17759998779296876 0.15575555205345154 0.031200001239776613
v -0.17759998779296876 0.04695554733276368 -0.031200001239776613
v -0.10719999771118163 0.005355548858642589 -0.031200001239776613
v -0.17959999542236327 0.04581429481506348 -0.030664100646972656
v -0.10719999771118163 0.005355548858642589 -0.031200001239776613
v -0.10579818229675292 0.0028989410400390714 -0.030664100646972656
v -0.17959999542236327 0.04581429481506348 -0.030664100646972656
v -0.17959999542236327 0.04581429481506348 -0.030664100646972656
v -0.10579818229675292 0.0028989410400390714 -0.030664100646972656
v -0.1810640953063965 0.044978828430175796 -0.029200000762939455
v -0.10579818229675292 0.0028989410400390714 -0.030664100646972656
v -0.10477198104858397 0.0011005783081054765 -0.029200000762939455
v -0.1810640953063965 0.044978828430175796 -0.029200000762939455
v -0.1810640953063965 0.044978828430175796 -0.029200000762939455
v -0.10477198104858397 0.0011005783081054765 -0.029200000762939455
v -0.18160000305175783 0.044673032760620124 -0.027200000286102297
v -0.10477198104858397 0.0011005783081054765 -0.029200000762939455
v -0.1043963668823242 0.00044233322143555354 -0.027200000286102297
v -0.18160000305175783 0.044673032760620124 -0.027200000286102297
v -0.18160000305175783 0.044673032760620124 -0.027200000286102297
v -0.1043963668823242 0.00044233322143555354 -0.027200000286102297
v -0.18160000305175783 0.044673032760620124 0.027200000286102297
v -0.1043963668823242 0.00044233322143555354 -0.027200000286102297
v -0.1043963668823242 0.00044233322143555354 0.027200000286102297
v -0.18160000305175783 0.044673032760620124 0.027200000286102297
v -0.18160000305175783 0.044673032760620124 0.027200000286102297
v -0.1043963668823242 0.00044233322143555354 0.027200000286102297
v -0.1810640953063965 0.044978828430175796 0.02919999837875366
v -0.1043963668823242 0.00044233322143555354 0.027200000286102297
v -0.10477198104858397 0.0011005783081054765 0.02919999837875366
v -0.1810640953063965 0.044978828430175796 0.02919999837875366
v -0.1810640953063965 0.044978828430175796 0.02919999837875366
v -0.10477198104858397 0.0011005783081054765 0.02919999837875366
v -0.17959999542236327 0.04581429481506348 0.03066410303115845
v -0.10477198104858397 0.0011005783081054765 0.02919999837875366
v -0.10579818229675292 0.0028989410400390714 0.03066410303115845
v -0.17959999542236327 0.04581429481506348 0.03066410303115845
v -0.17959999542236327 0.04581429481506348 0.03066410303115845
v -0.10579818229675292 0.0028989410400390714 0.03066410303115845
v -0.17759998779296876 0.04695554733276368 0.031200001239776613
v -0.10579818229675292 0.0028989410400390714 0.03066410303115845
v -0.10719999771118163 0.005355548858642589 0.031200001239776613
v -0.17759998779296876 0.04695554733276368 0.031200001239776613
v -0.10719999771118163 0.005355548858642589 -0.031200001239776613
v -0.10719999771118163 0.14615555167198183 -0.031200001239776613
v -0.10579818229675292 0.0028989410400390714 -0.030664100646972656
v -0.10719999771118163 0.14615555167198183 -0.031200001239776613
v -0.10519999961853026 0.14415555238723757 -0.030664100646972656
v -0.10579818229675292 0.0028989410400390714 -0.030664100646972656
v -0.10579818229675292 0.0028989410400390714 -0.030664100646972656
v -0.10519999961853026 0.14415555238723757 -0.030664100646972656
v -0.10477198104858397 0.0011005783081054765 -0.029200000762939455
v -0.10519999961853026 0.14415555238723757 -0.030664100646972656
v -0.10373589973449705 0.14269145011901857 -0.029200000762939455
v -0.10477198104858397 0.0011005783081054765 -0.029200000762939455
v -0.10477198104858397 0.0011005783081054765 -0.029200000762939455
v -0.10373589973449705 0.14269145011901857 -0.029200000762939455
v -0.1043963668823242 0.00044233322143555354 -0.027200000286102297
v -0.10373589973449705 0.14269145011901857 -0.029200000762939455
v -0.1032000015258789 0.1421555519104004 -0.027200000286102297
v -0.1043963668823242 0.00044233322143555354 -0.027200000286102297
v -0.1043963668823242 0.00044233322143555354 -0.027200000286102297
v -0.1032000015258789 0.1421555519104004 -0.027200000286102297
v -0.1043963668823242 0.00044233322143555354 0.027200000286102297
v -0.1032000015258789 0.1421555519104004 -0.027200000286102297
v -0.1032000015258789 0.1421555519104004 0.027200000286102297
v -0.1043963668823242 0.00044233322143555354 0.027200000286102297
v -0.1043963668823242 0.00044233322143555354 0.027200000286102297
v -0.1032000015258789 0.1421555519104004 0.027200000286102297
v -0.10477198104858397 0.0011005783081054765 0.02919999837875366
v -0.1032000015258789 0.1421555519104004 0.027200000286102297
v -0.10373589973449705 0.14269145011901857 0.02919999837875366
v -0.10477198104858397 0.0011005783081054765 0.02919999837875366
v -0.10477198104858397 0.0011005783081054765 0.02919999837875366
v -0.10373589973449705 0.14269145011901857 0.02919999837875366
v -0.10579818229675292 0.0028989410400390714 0.03066410303115845
v -0.10373589973449705 0.14269145011901857 0.02919999837875366
v -0.10519999961853026 0.14415555238723757 0.03066410303115845
v -0.10579818229675292 0.0028989410400390714 0.03066410303115845
v -0.10579818229675292 0.0028989410400390714 0.03066410303115845
v -0.10519999961853026 0.14415555238723757 0.03066410303115845
v -0.10719999771118163 0.005355548858642589 0.031200001239776613
v -0.10519999961853026 0.14415555238723757 0.03066410303115845
v -0.10719999771118163 0.14615555167198183 0.031200001239776613
v -0.10719999771118163 0.005355548858642589 0.031200001239776613
v -0.10719999771118163 0.14615555167198183 -0.031200001239776613
v -0.039999997425079335 0.14615555167198183 -0.031200001239776613
v -0.10519999961853026 0.14415555238723757 -0.030664100646972656
v -0.039999997425079335 0.14615555167198183 -0.031200001239776613
v -0.038511936473846424 0.14415555238723757 -0.030664100646972656
v -0.10519999961853026 0.14415555238723757 -0.030664100646972656
v -0.10519999961853026 0.14415555238723757 -0.030664100646972656
v -0.038511936473846424 0.14415555238723757 -0.030664100646972656
v -0.10373589973449705 0.14269145011901857 -0.029200000762939455
v -0.038511936473846424 0.14415555238723757 -0.030664100646972656
v -0.03742259960174559 0.14269145011901857 -0.029200000762939455
v -0.10373589973449705 0.14269145011901857 -0.029200000762939455
v -0.10373589973449705 0.14269145011901857 -0.029200000762939455
v -0.03742259960174559 0.14269145011901857 -0.029200000762939455
v -0.1032000015258789 0.1421555519104004 -0.027200000286102297
v -0.03742259960174559 0.14269145011901857 -0.029200000762939455
v -0.03702387552261351 0.1421555519104004 -0.027200000286102297
v -0.1032000015258789 0.1421555519104004 -0.027200000286102297
v -0.1032000015258789 0.1421555519104004 -0.027200000286102297
v -0.03702387552261351 0.1421555519104004 -0.027200000286102297
v -0.1032000015258789 0.1421555519104004 0.027200000286102297
v -0.03702387552261351 0.1421555519104004 -0.027200000286102297
v -0.03702387552261351 0.1421555519104004 0.027200000286102297
v -0.1032000015258789 0.1421555519104004 0.027200000286102297
v -0.1032000015258789 0.1421555519104004 0.027200000286102297
v -0.03702387552261351 0.1421555519104004 0.027200000286102297
v -0.10373589973449705 0.14269145011901857 0.02919999837875366
v -0.03702387552261351 0.1421555519104004 0.027200000286102297
v -0.03742259960174559 0.14269145011901857 0.02919999837875366
v -0.10373589973449705 0.14269145011901857 0.02919999837875366
v -0.10373589973449705 0.14269145011901857 0.02919999837875366
v -0.03742259960174559 0.14269145011901857 0.02919999837875366
v -0.10519999961853026 0.14415555238723757 0.03066410303115845
v -0.03742259960174559 0.14269145011901857 0.02919999837875366
v -0.038511936473846424 0.14415555238723757 0.03066410303115845
v -0.10519999961853026 0.14415555238723757 0.03066410303115845
v -0.10519999961853026 0.14415555238723757 0.03066410303115845
v -0.038511936473846424 0.14415555238723757 0.03066410303115845
v -0.10719999771118163 0.14615555167198183 0.031200001239776613
v -0.038511936473846424 0.14415555238723757 0.03066410303115845
v -0.039999997425079335 0.14615555167198183 0.031200001239776613
v -0.10719999771118163 0.14615555167198183 0.031200001239776613
v -0.039999997425079335 0.14615555167198183 -0.031200001239776613
v -0.025599996852874743 0.19415555238723756 -0.031200001239776613
v -0.038511936473846424 0.14415555238723757 -0.030664100646972656
v -0.025599996852874743 0.19415555238723756 -0.031200001239776613
v -0.023330769348144518 0.19584392547607424 -0.030664100646972656
v -0.038511936473846424 0.14415555238723757 -0.030664100646972656
v -0.038511936473846424 0.14415555238723757 -0.030664100646972656
v -0.023330769348144518 0.19584392547607424 -0.030664100646972656
v -0.03742259960174559 0.14269145011901857 -0.029200000762939455
v -0.023330769348144518 0.19584392547607424 -0.030664100646972656
v -0.02166958074569701 0.19707990169525147 -0.029200000762939455
v -0.03742259960174559 0.14269145011901857 -0.029200000762939455
v -0.03742259960174559 0.14269145011901857 -0.029200000762939455
v -0.02166958074569701 0.19707990169525147 -0.029200000762939455
v -0.03702387552261351 0.1421555519104004 -0.027200000286102297
v -0.02166958074569701 0.19707990169525147 -0.029200000762939455
v -0.02106154303550719 0.19753230094909668 -0.027200000286102297
v -0.03702387552261351 0.1421555519104004 -0.027200000286102297
v -0.03702387552261351 0.1421555519104004 -0.027200000286102297
v -0.02106154303550719 0.19753230094909668 -0.027200000286102297
v -0.03702387552261351 0.1421555519104004 0.027200000286102297
v -0.02106154303550719 0.19753230094909668 -0.027200000286102297
v -0.02106154303550719 0.19753230094909668 0.027200000286102297
v -0.03702387552261351 0.1421555519104004 0.027200000286102297
v -0.03702387552261351 0.1421555519104004 0.027200000286102297
v -0.02106154303550719 0.19753230094909668 0.027200000286102297
v -0.03742259960174559 0.14269145011901857 0.02919999837875366
v -0.02106154303550719 0.19753230094909668 0.027200000286102297
v -0.02166958074569701 0.19707990169525147 0.02919999837875366
v -0.03742259960174559 0.14269145011901857 0.02919999837875366
v -0.03742259960174559 0.14269145011901857 0.02919999837875366
v -0.02166958074569701 0.19707990169525147 0.02919999837875366
v -0.038511936473846424 0.14415555238723757 0.03066410303115845
v -0.02166958074569701 0.19707990169525147 0.02919999837875366
v -0.023330769348144518 0.19584392547607424 0.03066410303115845
v -0.038511936473846424 0.14415555238723757 0.03066410303115845
v -0.038511936473846424 0.14415555238723757 0.03066410303115845
v -0.023330769348144518 0.19584392547607424 0.03066410303115845
v -0.039999997425079335 0.14615555167198183 0.031200001239776613
v -0.023330769348144518 0.19584392547607424 0.03066410303115845
v -0.025599996852874743 0.19415555238723756 0.031200001239776613
v -0.039999997425079335 0.14615555167198183 0.031200001239776613
v -0.025599996852874743 0.19415555238723756 -0.031200001239776613
v -0.10719999771118163 0.19415555238723756 -0.031200001239776613
v -0.023330769348144518 0.19584392547607424 -0.030664100646972656
v -0.10719999771118163 0.19415555238723756 -0.031200001239776613
v -0.10519999961853026 0.1961555528640747 -0.030664100646972656
v -0.023330769348144518 0.19584392547607424 -0.030664100646972656
v -0.023330769348144518 0.19584392547607424 -0.030664100646972656
v -0.10519999961853026 0.1961555528640747 -0.030664100646972656
v -0.02166958074569701 0.19707990169525147 -0.029200000762939455
v -0.10519999961853026 0.1961555528640747 -0.030664100646972656
v -0.10373589973449705 0.19761965274810792 -0.029200000762939455
v -0.02166958074569701 0.19707990169525147 -0.029200000762939455
v -0.02166958074569701 0.19707990169525147 -0.029200000762939455
v -0.10373589973449705 0.19761965274810792 -0.029200000762939455
v -0.02106154303550719 0.19753230094909668 -0.027200000286102297
v -0.10373589973449705 0.19761965274810792 -0.029200000762939455
v -0.1032000015258789 0.1981555509567261 -0.027200000286102297
v -0.02106154303550719 0.19753230094909668 -0.027200000286102297
v -0.02106154303550719 0.19753230094909668 -0.027200000286102297
v -0.1032000015258789 0.1981555509567261 -0.027200000286102297
v -0.02106154303550719 0.19753230094909668 0.027200000286102297
v -0.1032000015258789 0.1981555509567261 -0.027200000286102297
v -0.1032000015258789 0.1981555509567261 0.027200000286102297
v -0.02106154303550719 0.19753230094909668 0.027200000286102297
v -0.02106154303550719 0.19753230094909668 0.027200000286102297
v -0.1032000015258789 0.1981555509567261 0.027200000286102297
v -0.02166958074569701 0.19707990169525147 0.02919999837875366
v -0.1032000015258789 0.1981555509567261 0.027200000286102297
v -0.10373589973449705 0.19761965274810792 0.02919999837875366
v -0.02166958074569701 0.19707990169525147 0.02919999837875366
v -0.02166958074569701 0.19707990169525147 0.02919999837875366
v -0.10373589973449705 0.19761965274810792 0.02919999837875366
v -0.023330769348144518 0.19584392547607424 0.03066410303115845
v -0.10373589973449705 0.19761965274810792 0.02919999837875366
v -0.10519999961853026 0.1961555528640747 0.03066410303115845
v -0.023330769348144518 0.19584392547607424 0.03066410303115845
v -0.023330769348144518 0.19584392547607424 0.03066410303115845
v -0.10519999961853026 0.1961555528640747 0.03066410303115845
v -0.025599996852874743 0.19415555238723756 0.031200001239776613
v -0.10519999961853026 0.1961555528640747 0.03066410303115845
v -0.10719999771118163 0.19415555238723756 0.031200001239776613
v -0.025599996852874743 0.19415555238723756 0.031200001239776613
v -0.10719999771118163 0.19415555238723756 -0.031200001239776613
v -0.10719999771118163 0.20759555339813235 -0.031200001239776613
v -0.10519999961853026 0.1961555528640747 -0.030664100646972656
v -0.10719999771118163 0.20759555339813235 -0.031200001239776613
v -0.10592399101257323 0.21011979579925538 -0.030664100646972656
v -0.10519999961853026 0.1961555528640747 -0.030664100646972656
v -0.10519999961853026 0.1961555528640747 -0.030664100646972656
v -0.10592399101257323 0.21011979579925538 -0.030664100646972656
v -0.10373589973449705 0.19761965274810792 -0.029200000762939455
v -0.10592399101257323 0.21011979579925538 -0.030664100646972656
v -0.10498988609313964 0.21196766853332522 -0.029200000762939455
v -0.10373589973449705 0.19761965274810792 -0.029200000762939455
v -0.10373589973449705 0.19761965274810792 -0.029200000762939455
v -0.10498988609313964 0.21196766853332522 -0.029200000762939455
v -0.1032000015258789 0.1981555509567261 -0.027200000286102297
v -0.10498988609313964 0.21196766853332522 -0.029200000762939455
v -0.10464797477722167 0.21264403343200686 -0.027200000286102297
v -0.1032000015258789 0.1981555509567261 -0.027200000286102297
v -0.1032000015258789 0.1981555509567261 -0.027200000286102297
v -0.10464797477722167 0.21264403343200686 -0.027200000286102297
v -0.1032000015258789 0.1981555509567261 0.027200000286102297
v -0.10464797477722167 0.21264403343200686 -0.027200000286102297
v -0.10464797477722167 0.21264403343200686 0.027200000286102297
v -0.1032000015258789 0.1981555509567261 0.027200000286102297
v -0.1032000015258789 0.1981555509567261 0.027200000286102297
v -0.10464797477722167 0.21264403343200686 0.027200000286102297
v -0.10373589973449705 0.19761965274810792 0.02919999837875366
v -0.10464797477722167 0.21264403343200686 0.027200000286102297
v -0.10498988609313964 0.21196766853332522 0.02919999837875366
v -0.10373589973449705 0.19761965274810792 0.02919999837875366
v -0.10373589973449705 0.19761965274810792 0.02919999837875366
v -0.10498988609313964 0.21196766853332522 0.02919999837875366
v -0.10519999961853026 0.1961555528640747 0.03066410303115845
v -0.10498988609313964 0.21196766853332522 0.02919999837875366
v -0.10592399101257323 0.21011979579925538 0.03066410303115845
v -0.10519999961853026 0.1961555528640747 0.03066410303115845
v -0.10519999961853026 0.1961555528640747 0.03066410303115845
v -0.10592399101257323 0.21011979579925538 0.03066410303115845
v -0.10719999771118163 0.19415555238723756 0.031200001239776613
v -0.10592399101257323 0.21011979579925538 0.03066410303115845
v -0.10719999771118163 0.20759555339813235 0.031200001239776613
v -0.10719999771118163 0.19415555238723756 0.031200001239776613
v -0.10719999771118163 0.20759555339813235 -0.031200001239776613
v -0.17759998779296876 0.15575555205345154 -0.031200001239776613
v -0.10592399101257323 0.21011979579925538 -0.030664100646972656
v -0.17759998779296876 0.15575555205345154 -0.031200001239776613
v -0.17959999542236327 0.156766557097435 -0.030664100646972656
v -0.10592399101257323 0.21011979579925538 -0.030664100646972656
v -0.10592399101257323 0.21011979579925538 -0.030664100646972656
v -0.17959999542236327 0.156766557097435 -0.030664100646972656
v -0.10498988609313964 0.21196766853332522 -0.029200000762939455
v -0.17959999542236327 0.156766557097435 -0.030664100646972656
v -0.1810640953063965 0.1575066637992859 -0.029200000762939455
v -0.10498988609313964 0.21196766853332522 -0.029200000762939455
v -0.10498988609313964 0.21196766853332522 -0.029200000762939455
v -0.1810640953063965 0.1575066637992859 -0.029200000762939455
v -0.10464797477722167 0.21264403343200686 -0.027200000286102297
v -0.1810640953063965 0.1575066637992859 -0.029200000762939455
v -0.18160000305175783 0.15777756184339525 -0.027200000286102297
v -0.10464797477722167 0.21264403343200686 -0.027200000286102297
v -0.10464797477722167 0.21264403343200686 -0.027200000286102297
v -0.18160000305175783 0.15777756184339525 -0.027200000286102297
v -0.10464797477722167 0.21264403343200686 0.027200000286102297
v -0.18160000305175783 0.15777756184339525 -0.027200000286102297
v -0.18160000305175783 0.15777756184339525 0.027200000286102297
v -0.10464797477722167 0.21264403343200686 0.027200000286102297
v -0.10464797477722167 0.21264403343200686 0.027200000286102297
v -0.18160000305175783 0.15777756184339525 0.027200000286102297
v -0.10498988609313964 0.21196766853332522 0.02919999837875366
v -0.18160000305175783 0.15777756184339525 0.027200000286102297
v -0.1810640953063965 0.1575066637992859 0.02919999837875366
v -0.10498988609313964 0.21196766853332522 0.02919999837875366
v -0.10498988609313964 0.21196766853332522 0.02919999837875366
v -0.1810640953063965 0.1575066637992859 0.02919999837875366
v -0.10592399101257323 0.21011979579925538 0.03066410303115845
v -0.1810640953063965 0.1575066637992859 0.02919999837875366
v -0.17959999542236327 0.156766557097435 0.03066410303115845
v -0.10592399101257323 0.21011979579925538 0.03066410303115845
v -0.10592399101257323 0.21011979579925538 0.03066410303115845
v -0.17959999542236327 0.156766557097435 0.03066410303115845
v -0.10719999771118163 0.20759555339813235 0.031200001239776613
v -0.17959999542236327 0.156766557097435 0.03066410303115845
v -0.17759998779296876 0.15575555205345154 0.031200001239776613
v -0.10719999771118163 0.20759555339813235 0.031200001239776613
vt -1.059999942779541 -0.03999999910593033
vt -0.6200000047683716 0.2840000092983246
vt -0.6200000047683716 0.20000000298023224
vt -0.6200000047683716 -0.9800000190734863
vt -1.059999942779541 -0.7200000286102295
vt -1.059999942779541 -0.03999999910593033
vt -0.10999999940395355 0.20000000298023224
vt -0.20000000298023224 -0.10000000149011612
vt -0.6200000047683716 -0.10000000149011612
vt -1.059999942779541 -0.03999999910593033
vt -0.6200000047683716 0.20000000298023224
vt -0.10999999940395355 0.20000000298023224
vt -0.6200000047683716 -0.10000000149011612
vt -0.6200000047683716 -0.9800000190734863
vt -1.059999942779541 -0.03999999910593033
vt -1.059999942779541 -0.03999999910593033
vt -0.10999999940395355 0.20000000298023224
vt -0.6200000047683716 -0.10000000149011612
vt -0.6200000047683716 0.20000000298023224
vt -0.6200000047683716 0.2840000092983246
vt -1.059999942779541 -0.03999999910593033
vt -1.059999942779541 -0.03999999910593033
vt -1.059999942779541 -0.7200000286102295
vt -0.6200000047683716 -0.9800000190734863
vt -0.6200000047683716 -0.10000000149011612
vt -0.20000000298023224 -0.10000000149011612
vt -0.10999999940395355 0.20000000298023224
vt -0.10999999940395355 0.20000000298023224
vt -0.6200000047683716 0.20000000298023224
vt -1.059999942779541 -0.03999999910593033
vt -1.059999942779541 -0.03999999910593033
vt -0.6200000047683716 -0.9800000190734863
vt -0.6200000047683716 -0.10000000149011612
vt -0.6200000047683716 -0.10000000149011612
vt -0.10999999940395355 0.20000000298023224
vt -1.059999942779541 -0.03999999910593033
vt -0.03999999910593033 1.024999976158142
vt -0.7200000286102295 1.024999976158142
vt -0.03368121758103371 1.0216506719589233
vt -0.7200000286102295 1.024999976158142
vt -0.7271328568458557 1.0216506719589233
vt -0.03368121758103371 1.0216506719589233
vt -0.03368121758103371 1.0216506719589233
vt -0.7271328568458557 1.0216506719589233
vt -0.029055550694465637 1.0125000476837158
vt -0.7271328568458557 1.0216506719589233
vt -0.7323545217514038 1.0125000476837158
vt -0.029055550694465637 1.0125000476837158
vt -0.029055550694465637 1.0125000476837158
vt -0.7323545217514038 1.0125000476837158
vt -0.027362437918782234 1
vt -0.7323545217514038 1.0125000476837158
vt -0.7342657446861267 1
vt -0.027362437918782234 1
vt -0.027362437918782234 1
vt -0.7342657446861267 1
vt -0.027362437918782234 0.6600000262260437
vt -0.7342657446861267 1
vt -0.7342657446861267 0.6600000262260437
vt -0.027362437918782234 0.6600000262260437
vt -0.027362437918782234 0.6600000262260437
vt -0.7342657446861267 0.6600000262260437
vt -0.029055550694465637 0.6474999785423279
vt -0.7342657446861267 0.6600000262260437
vt -0.7323545217514038 0.6474999785423279
vt -0.029055550694465637 0.6474999785423279
vt -0.029055550694465637 0.6474999785423279
vt -0.7323545217514038 0.6474999785423279
vt -0.03368121758103371 0.6383493542671204
vt -0.7323545217514038 0.6474999785423279
vt -0.7271328568458557 0.6383493542671204
vt -0.03368121758103371 0.6383493542671204
vt -0.03368121758103371 0.6383493542671204
vt -0.7271328568458557 0.6383493542671204
vt -0.03999999910593033 0.6349999904632568
vt -0.7271328568458557 0.6383493542671204
vt -0.7200000286102295 0.6349999904632568
vt -0.03999999910593033 0.6349999904632568
vt -1.059999942779541 1.024999976158142
vt -0.6200000047683716 1.024999976158142
vt -1.0724999904632568 1.0216506719589233
vt -0.6200000047683716 1.024999976158142
vt -0.6112386584281921 1.0216506719589233
vt -1.0724999904632568 1.0216506719589233
vt -1.0724999904632568 1.0216506719589233
vt -0.6112386584281921 1.0216506719589233
vt -1.0816506147384644 1.0125000476837158
vt -0.6112386584281921 1.0216506719589233
vt -0.6048249006271362 1.0125000476837158
vt -1.0816506147384644 1.0125000476837158
vt -1.0816506147384644 1.0125000476837158
vt -0.6048249006271362 1.0125000476837158
vt -1.0850000381469727 1
vt -0.6048249006271362 1.0125000476837158
vt -0.6024773120880127 1
vt -1.0850000381469727 1
vt -1.0850000381469727 1
vt -0.6024773120880127 1
vt -1.0850000381469727 0.6600000262260437
vt -0.6024773120880127 1
vt -0.6024773120880127 0.6600000262260437
vt -1.0850000381469727 0.6600000262260437
vt -1.0850000381469727 0.6600000262260437
vt -0.6024773120880127 0.6600000262260437
vt -1.0816506147384644 0.6474999785423279
vt -0.6024773120880127 0.6600000262260437
vt -0.6048249006271362 0.6474999785423279
vt -1.0816506147384644 0.6474999785423279
vt -1.0816506147384644 0.6474999785423279
vt -0.6048249006271362 0.6474999785423279
vt -1.0724999904632568 0.6383493542671204
vt -0.6048249006271362 0.6474999785423279
vt -0.6112386584281921 0.6383493542671204
vt -1.0724999904632568 0.6383493542671204
vt -1.0724999904632568 0.6383493542671204
vt -0.6112386584281921 0.6383493542671204
vt -1.059999942779541 0.6349999904632568
vt -0.6112386584281921 0.6383493542671204
vt -0.6200000047683716 0.6349999904632568
vt -1.059999942779541 0.6349999904632568
vt -0.9800000190734863 1.024999976158142
vt -0.10000000149011612 1.024999976158142
vt -0.9953538179397583 1.0216506719589233
vt -0.10000000149011612 1.024999976158142
vt -0.11249999701976776 1.0216506719589233
vt -0.9953538179397583 1.0216506719589233
vt -0.9953538179397583 1.0216506719589233
vt -0.11249999701976776 1.0216506719589233
vt -1.0065935850143433 1.0125000476837158
vt -0.11249999701976776 1.0216506719589233
vt -0.12165063619613647 1.0125000476837158
vt -1.0065935850143433 1.0125000476837158
vt -1.0065935850143433 1.0125000476837158
vt -0.12165063619613647 1.0125000476837158
vt -1.0107076168060303 1
vt -0.12165063619613647 1.0125000476837158
vt -0.125 1
vt -1.0107076168060303 1
vt -1.0107076168060303 1
vt -0.125 1
vt -1.0107076168060303 0.6600000262260437
vt -0.125 1
vt -0.125 0.6600000262260437
vt -1.0107076168060303 0.6600000262260437
vt -1.0107076168060303 0.6600000262260437
vt -0.125 0.6600000262260437
vt -1.0065935850143433 0.6474999785423279
vt -0.125 0.6600000262260437
vt -0.12165063619613647 0.6474999785423279
vt -1.0065935850143433 0.6474999785423279
vt -1.0065935850143433 0.6474999785423279
vt -0.12165063619613647 0.6474999785423279
vt -0.9953538179397583 0.6383493542671204
vt -0.12165063619613647 0.6474999785423279
vt -0.11249999701976776 0.6383493542671204
vt -0.9953538179397583 0.6383493542671204
vt -0.9953538179397583 0.6383493542671204
vt -0.11249999701976776 0.6383493542671204
vt -0.9800000190734863 0.6349999904632568
vt -0.11249999701976776 0.6383493542671204
vt -0.10000000149011612 0.6349999904632568
vt -0.9800000190734863 0.6349999904632568
vt -0.6200000047683716 1.024999976158142
vt -0.20000000298023224 1.024999976158142
vt -0.6075000166893005 1.0216506719589233
vt -0.20000000298023224 1.024999976158142
vt -0.19069962203502655 1.0216506719589233
vt -0.6075000166893005 1.0216506719589233
vt -0.6075000166893005 1.0216506719589233
vt -0.19069962203502655 1.0216506719589233
vt -0.598349392414093 1.0125000476837158
vt -0.19069962203502655 1.0216506719589233
vt -0.18389126658439636 1.0125000476837158
vt -0.598349392414093 1.0125000476837158
vt -0.598349392414093 1.0125000476837158
vt -0.18389126658439636 1.0125000476837158
vt -0.5950000286102295 1
vt -0.18389126658439636 1.0125000476837158
vt -0.18139924108982086 1
vt -0.5950000286102295 1
vt -0.5950000286102295 1
vt -0.18139924108982086 1
vt -0.5950000286102295 0.6600000262260437
vt -0.18139924108982086 1
vt -0.18139924108982086 0.6600000262260437
vt -0.5950000286102295 0.6600000262260437
vt -0.5950000286102295 0.6600000262260437
vt -0.18139924108982086 0.6600000262260437
vt -0.598349392414093 0.6474999785423279
vt -0.18139924108982086 0.6600000262260437
vt -0.18389126658439636 0.6474999785423279
vt -0.598349392414093 0.6474999785423279
vt -0.598349392414093 0.6474999785423279
vt -0.18389126658439636 0.6474999785423279
vt -0.6075000166893005 0.6383493542671204
vt -0.18389126658439636 0.6474999785423279
vt -0.19069962203502655 0.6383493542671204
vt -0.6075000166893005 0.6383493542671204
vt -0.6075000166893005 0.6383493542671204
vt -0.19069962203502655 0.6383493542671204
vt -0.6200000047683716 0.6349999904632568
vt -0.19069962203502655 0.6383493542671204
vt -0.20000000298023224 0.6349999904632568
vt -0.6200000047683716 0.6349999904632568
vt -0.10000000149011612 1.024999976158142
vt 0.20000000298023224 1.024999976158142
vt -0.11249999701976776 1.0216506719589233
vt 0.20000000298023224 1.024999976158142
vt 0.21055233478546143 1.0216506719589233
vt -0.11249999701976776 1.0216506719589233
vt -0.11249999701976776 1.0216506719589233
vt 0.21055233478546143 1.0216506719589233
vt -0.12165063619613647 1.0125000476837158
vt 0.21055233478546143 1.0216506719589233
vt 0.2182771861553192 1.0125000476837158
vt -0.12165063619613647 1.0125000476837158
vt -0.12165063619613647 1.0125000476837158
vt 0.2182771861553192 1.0125000476837158
vt -0.125 1
vt 0.2182771861553192 1.0125000476837158
vt 0.2211046814918518 1
vt -0.125 1
vt -0.125 1
vt 0.2211046814918518 1
vt -0.125 0.6600000262260437
vt 0.2211046814918518 1
vt 0.2211046814918518 0.6600000262260437
vt -0.125 0.6600000262260437
vt -0.125 0.6600000262260437
vt 0.2211046814918518 0.6600000262260437
vt -0.12165063619613647 0.6474999785423279
vt 0.2211046814918518 0.6600000262260437
vt 0.2182771861553192 0.6474999785423279
vt -0.12165063619613647 0.6474999785423279
vt -0.12165063619613647 0.6474999785423279
vt 0.2182771861553192 0.6474999785423279
vt -0.11249999701976776 0.6383493542671204
vt 0.2182771861553192 0.6474999785423279
vt 0.21055233478546143 0.6383493542671204
vt -0.11249999701976776 0.6383493542671204
vt -0.11249999701976776 0.6383493542671204
vt 0.21055233478546143 0.6383493542671204
vt -0.10000000149011612 0.6349999904632568
vt 0.21055233478546143 0.6383493542671204
vt 0.20000000298023224 0.6349999904632568
vt -0.10000000149011612 0.6349999904632568
vt -0.10999999940395355 1.024999976158142
vt -0.6200000047683716 1.024999976158142
vt -0.09581732749938965 1.0216506719589233
vt -0.6200000047683716 1.024999976158142
vt -0.6075000166893005 1.0216506719589233
vt -0.09581732749938965 1.0216506719589233
vt -0.09581732749938965 1.0216506719589233
vt -0.6075000166893005 1.0216506719589233
vt -0.08543489873409271 1.0125000476837158
vt -0.6075000166893005 1.0216506719589233
vt -0.598349392414093 1.0125000476837158
vt -0.08543489873409271 1.0125000476837158
vt -0.08543489873409271 1.0125000476837158
vt -0.598349392414093 1.0125000476837158
vt -0.08163466304540634 1
vt -0.598349392414093 1.0125000476837158
vt -0.5950000286102295 1
vt -0.08163466304540634 1
vt -0.08163466304540634 1
vt -0.5950000286102295 1
vt -0.08163466304540634 0.6600000262260437
vt -0.5950000286102295 1
vt -0.5950000286102295 0.6600000262260437
vt -0.08163466304540634 0.6600000262260437
vt -0.08163466304540634 0.6600000262260437
vt -0.5950000286102295 0.6600000262260437
vt -0.08543489873409271 0.6474999785423279
vt -0.5950000286102295 0.6600000262260437
vt -0.598349392414093 0.6474999785423279
vt -0.08543489873409271 0.6474999785423279
vt -0.08543489873409271 0.6474999785423279
vt -0.598349392414093 0.6474999785423279
vt -0.09581732749938965 0.6383493542671204
vt -0.598349392414093 0.6474999785423279
vt -0.6075000166893005 0.6383493542671204
vt -0.09581732749938965 0.6383493542671204
vt -0.09581732749938965 0.6383493542671204
vt -0.6075000166893005 0.6383493542671204
vt -0.10999999940395355 0.6349999904632568
vt -0.6075000166893005 0.6383493542671204
vt -0.6200000047683716 0.6349999904632568
vt -0.10999999940395355 0.6349999904632568
vt 0.20000000298023224 1.024999976158142
vt 0.2840000092983246 1.024999976158142
vt 0.21250000596046448 1.0216506719589233
vt 0.2840000092983246 1.024999976158142
vt 0.29977652430534363 1.0216506719589233
vt 0.21250000596046448 1.0216506719589233
vt 0.21250000596046448 1.0216506719589233
vt 0.29977652430534363 1.0216506719589233
vt 0.221650630235672 1.0125000476837158
vt 0.29977652430534363 1.0216506719589233
vt 0.31132572889328003 1.0125000476837158
vt 0.221650630235672 1.0125000476837158
vt 0.221650630235672 1.0125000476837158
vt 0.31132572889328003 1.0125000476837158
vt 0.22499999403953552 1
vt 0.31132572889328003 1.0125000476837158
vt 0.3155530095100403 1
vt 0.22499999403953552 1
vt 0.22499999403953552 1
vt 0.3155530095100403 1
vt 0.22499999403953552 0.6600000262260437
vt 0.3155530095100403 1
vt 0.3155530095100403 0.6600000262260437
vt 0.22499999403953552 0.6600000262260437
vt 0.22499999403953552 0.6600000262260437
vt 0.3155530095100403 0.6600000262260437
vt 0.221650630235672 0.6474999785423279
vt 0.3155530095100403 0.6600000262260437
vt 0.31132572889328003 0.6474999785423279
vt 0.221650630235672 0.6474999785423279
vt 0.221650630235672 0.6474999785423279
vt 0.31132572889328003 0.6474999785423279
vt 0.21250000596046448 0.6383493542671204
vt 0.31132572889328003 0.6474999785423279
vt 0.29977652430534363 0.6383493542671204
vt 0.21250000596046448 0.6383493542671204
vt 0.21250000596046448 0.6383493542671204
vt 0.29977652430534363 0.6383493542671204
vt 0.20000000298023224 0.6349999904632568
vt 0.29977652430534363 0.6383493542671204
vt 0.2840000092983246 0.6349999904632568
vt 0.20000000298023224 0.6349999904632568
vt -0.6200000047683716 1.024999976158142
vt -1.059999942779541 1.024999976158142
vt -0.6120249629020691 1.0216506719589233
vt -1.059999942779541 1.024999976158142
vt -1.0724999904632568 1.0216506719589233
vt -0.6120249629020691 1.0216506719589233
vt -0.6120249629020691 1.0216506719589233
vt -1.0724999904632568 1.0216506719589233
vt -0.6061868071556091 1.0125000476837158
vt -1.0724999904632568 1.0216506719589233
vt -1.0816506147384644 1.0125000476837158
vt -0.6061868071556091 1.0125000476837158
vt -0.6061868071556091 1.0125000476837158
vt -1.0816506147384644 1.0125000476837158
vt -0.6040498614311218 1
vt -1.0816506147384644 1.0125000476837158
vt -1.0850000381469727 1
vt -0.6040498614311218 1
vt -0.6040498614311218 1
vt -1.0850000381469727 1
vt -0.6040498614311218 0.6600000262260437
vt -1.0850000381469727 1
vt -1.0850000381469727 0.6600000262260437
vt -0.6040498614311218 0.6600000262260437
vt -0.6040498614311218 0.6600000262260437
vt -1.0850000381469727 0.6600000262260437
vt -0.6061868071556091 0.6474999785423279
vt -1.0850000381469727 0.6600000262260437
vt -1.0816506147384644 0.6474999785423279
vt -0.6061868071556091 0.6474999785423279
vt -0.6061868071556091 0.6474999785423279
vt -1.0816506147384644 0.6474999785423279
vt -0.6120249629020691 0.6383493542671204
vt -1.0816506147384644 0.6474999785423279
vt -1.0724999904632568 0.6383493542671204
vt -0.6120249629020691 0.6383493542671204
vt -0.6120249629020691 0.6383493542671204
vt -1.0724999904632568 0.6383493542671204
vt -0.6200000047683716 0.6349999904632568
vt -1.0724999904632568 0.6383493542671204
vt -1.059999942779541 0.6349999904632568
vt -0.6200000047683716 0.6349999904632568
vn 0 0 -1
vn 0 0 -1
vn 0 0 -1
vn 0 0 -1
vn 0 0 -1
vn 0 0 -1
vn 0 0 -1
vn 0 0 -1
vn 0 0 -1
vn 0 0 -1
vn 0 0 -1
vn 0 0 -1
vn 0 0 -1
vn 0 0 -1
vn 0 0 -1
vn 0 0 -1
vn 0 0 -1
vn 0 0 -1
vn 0 0 1
vn 0 0 1
vn 0 0 1
vn 0 0 1
vn 0 0 1
vn 0 0 1
vn 0 0 1
vn 0 0 1
vn 0 0 1
vn 0 0 1
vn 0 0 1
vn 0 0 1
vn 0 0 1
vn 0 0 1
vn 0 0 1
vn 0 0 1
vn 0 0 1
vn 0 0 1
vn -0.25881815334336455 0 -0.9659260652347728
vn -0.25881815334336455 0 -0.9659260652347728
vn -0.25881815334336455 0 -0.9659260652347728
vn -0.25881818114932376 0 -0.9659260577842157
vn -0.25881818114932376 0 -0.9659260577842157
vn -0.25881818114932376 0 -0.9659260577842157
vn -0.7071071686166227 0 -0.70710639375626
vn -0.7071071686166227 0 -0.70710639375626
vn -0.7071071686166227 0 -0.70710639375626
vn -0.7071071686166227 0 -0.70710639375626
vn -0.7071071686166227 0 -0.70710639375626
vn -0.7071071686166227 0 -0.70710639375626
vn -0.9659246918926824 0 -0.25882327869035787
vn -0.9659246918926824 0 -0.25882327869035787
vn -0.9659246918926824 0 -0.25882327869035787
vn -0.9659246993433759 0 -0.25882325088447716
vn -0.9659246993433759 0 -0.25882325088447716
vn -0.9659246993433759 0 -0.25882325088447716
vn -1 0 0
vn -1 0 0
vn -1 0 0
vn -1 0 0
vn -1 0 0
vn -1 0 0
vn -0.9659246357449179 0 0.25882348823290263
vn -0.9659246357449179 0 0.25882348823290263
vn -0.9659246357449179 0 0.25882348823290263
vn -0.9659246282942182 0 0.25882351603877957
vn -0.9659246282942182 0 0.25882351603877957
vn -0.9659246282942182 0 0.25882351603877957
vn -0.7071079434761364 0 0.7071056188950483
vn -0.7071079434761364 0 0.7071056188950483
vn -0.7071079434761364 0 0.7071056188950483
vn -0.7071079136739108 0 0.7071056486973706
vn -0.7071079136739108 0 0.7071056486973706
vn -0.7071079136739108 0 0.7071056486973706
vn -0.2588180550243744 0 0.9659260915791642
vn -0.2588180550243744 0 0.9659260915791642
vn -0.2588180550243744 0 0.9659260915791642
vn -0.25881802721841396 0 0.9659260990297178
vn -0.25881802721841396 0 0.9659260990297178
vn -0.25881802721841396 0 0.9659260990297178
vn -0.13166906221155703 -0.22282453357850546 -0.9659257141684606
vn -0.13166906221155703 -0.22282453357850546 -0.9659257141684606
vn -0.13166906221155703 -0.22282453357850546 -0.9659257141684606
vn -0.1776010396808961 -0.30542168067850617 -0.9355081334097428
vn -0.1776010396808961 -0.30542168067850617 -0.9355081334097428
vn -0.1776010396808961 -0.30542168067850617 -0.9355081334097428
vn -0.35616681969164504 -0.6125024131221123 -0.7056812243997486
vn -0.35616681969164504 -0.6125024131221123 -0.7056812243997486
vn -0.35616681969164504 -0.6125024131221123 -0.7056812243997486
vn -0.40549587631711553 -0.7050449152722582 -0.5817944325434444
vn -0.40549587631711553 -0.7050449152722582 -0.5817944325434444
vn -0.40549587631711553 -0.7050449152722582 -0.5817944325434444
vn -0.4817892389029239 -0.8376979364022028 -0.2571795027307436
vn -0.4817892389029239 -0.8376979364022028 -0.2571795027307436
vn -0.4817892389029239 -0.8376979364022028 -0.2571795027307436
vn -0.48817092185302574 -0.8520907760547995 -0.18876032533214313
vn -0.48817092185302574 -0.8520907760547995 -0.18876032533214313
vn -0.48817092185302574 -0.8520907760547995 -0.18876032533214313
vn -0.49710732149284875 -0.8676890635004025 0
vn -0.49710732149284875 -0.8676890635004025 0
vn -0.49710732149284875 -0.8676890635004025 0
vn -0.49710732149284875 -0.8676890635004025 0
vn -0.49710732149284875 -0.8676890635004025 0
vn -0.49710732149284875 -0.8676890635004025 0
vn -0.4804176634404646 -0.8385575915861849 0.25694364021625754
vn -0.4804176634404646 -0.8385575915861849 0.25694364021625754
vn -0.4804176634404646 -0.8385575915861849 0.25694364021625754
vn -0.48964598872443377 -0.8513586538107037 0.18824252523725285
vn -0.48964598872443377 -0.8513586538107037 0.18824252523725285
vn -0.48964598872443377 -0.8513586538107037 0.18824252523725285
vn -0.35373261641962706 -0.6150429857206797 0.7046952261770449
vn -0.35373261641962706 -0.6150429857206797 0.7046952261770449
vn -0.35373261641962706 -0.6150429857206797 0.7046952261770449
vn -0.40997814941125804 -0.7050420609050083 0.5786480876665357
vn -0.40997814941125804 -0.7050420609050083 0.5786480876665357
vn -0.40997814941125804 -0.7050420609050083 0.5786480876665357
vn -0.13059458269487212 -0.2245843582363387 0.9656639793459856
vn -0.13059458269487212 -0.2245843582363387 0.9656639793459856
vn -0.13059458269487212 -0.2245843582363387 0.9656639793459856
vn -0.18165983637960392 -0.3074242834688872 0.9340717390972584
vn -0.18165983637960392 -0.3074242834688872 0.9340717390972584
vn -0.18165983637960392 -0.3074242834688872 0.9340717390972584
vn 0.35708528910768 0 -0.9340717832709029
vn 0.35708528910768 0 -0.9340717832709029
vn 0.35708528910768 0 -0.9340717832709029
vn 0.25780046306580645 -0.0010917136814154866 -0.9661975623050875
vn 0.25780046306580645 -0.0010917136814154866 -0.9661975623050875
vn 0.25780046306580645 -0.0010917136814154866 -0.9661975623050875
vn 0.8168753461045875 -0.003459241040359045 -0.576803868379829
vn 0.8168753461045875 -0.003459241040359045 -0.576803868379829
vn 0.8168753461045875 -0.003459241040359045 -0.576803868379829
vn 0.7045154429012992 -0.0051552428752383445 -0.7096699332679125
vn 0.7045154429012992 -0.0051552428752383445 -0.7096699332679125
vn 0.7045154429012992 -0.0051552428752383445 -0.7096699332679125
vn 0.9823602405398365 -0.007188352732365942 -0.18686006901291
vn 0.9823602405398365 -0.007188352732365942 -0.18686006901291
vn 0.9823602405398365 -0.007188352732365942 -0.18686006901291
vn 0.9653457042967818 -0.008149600786877735 -0.26084718745419644
vn 0.9653457042967818 -0.008149600786877735 -0.26084718745419644
vn 0.9653457042967818 -0.008149600786877735 -0.26084718745419644
vn 0.9999643668969266 -0.008441856219384997 0
vn 0.9999643668969266 -0.008441856219384997 0
vn 0.9999643668969266 -0.008441856219384997 0
vn 0.9999643668969266 -0.008441856219384997 0
vn 0.9999643668969266 -0.008441856219384997 0
vn 0.9999643668969266 -0.008441856219384997 0
vn 0.9822849993981687 -0.008292604972099209 0.18720954211822805
vn 0.9822849993981687 -0.008292604972099209 0.18720954211822805
vn 0.9822849993981687 -0.008292604972099209 0.18720954211822805
vn 0.9654268392554762 -0.007064443379092186 0.26057841753476924
vn 0.9654268392554762 -0.007064443379092186 0.26057841753476924
vn 0.9654268392554762 -0.007064443379092186 0.26057841753476924
vn 0.815408888486083 -0.00596669737587399 0.5788546821960723
vn 0.815408888486083 -0.00596669737587399 0.5788546821960723
vn 0.815408888486083 -0.00596669737587399 0.5788546821960723
vn 0.7056091607565611 -0.0029880598483030133 0.708594936303361
vn 0.7056091607565611 -0.0029880598483030133 0.708594936303361
vn 0.7056091607565611 -0.0029880598483030133 0.708594936303361
vn 0.35478642164569896 -0.001502422481755569 0.9349461683661402
vn 0.35478642164569896 -0.001502422481755569 0.9349461683661402
vn 0.35478642164569896 -0.001502422481755569 0.9349461683661402
vn 0.2588191861562131 0 0.9659257884938344
vn 0.2588191861562131 0 0.9659257884938344
vn 0.2588191861562131 0 0.9659257884938344
vn 0 -0.2588191861562131 -0.9659257884938344
vn 0 -0.2588191861562131 -0.9659257884938344
vn 0 -0.2588191861562131 -0.9659257884938344
vn 0 -0.2588191861562131 -0.9659257884938344
vn 0 -0.2588191861562131 -0.9659257884938344
vn 0 -0.2588191861562131 -0.9659257884938344
vn 0 -0.7071066023725876 -0.7071069600004624
vn 0 -0.7071066023725876 -0.7071069600004624
vn 0 -0.7071066023725876 -0.7071069600004624
vn 0 -0.7071066023725876 -0.7071069600004624
vn 0 -0.7071066023725876 -0.7071069600004624
vn 0 -0.7071066023725876 -0.7071069600004624
vn 0 -0.9659258520912373 -0.25881894880749623
vn 0 -0.9659258520912373 -0.25881894880749623
vn 0 -0.9659258520912373 -0.25881894880749623
vn 0 -0.9659258520912373 -0.25881894880749623
vn 0 -0.9659258520912373 -0.25881894880749623
vn 0 -0.9659258520912373 -0.25881894880749623
vn 0 -1 0
vn 0 -1 0
vn 0 -1 0
vn 0 -1 0
vn 0 -1 0
vn 0 -1 0
vn 0 -0.9659257884938344 0.2588191861562131
vn 0 -0.9659257884938344 0.2588191861562131
vn 0 -0.9659257884938344 0.2588191861562131
vn 0 -0.9659257884938344 0.2588191861562131
vn 0 -0.9659257884938344 0.2588191861562131
vn 0 -0.9659257884938344 0.2588191861562131
vn 0 -0.7071073772327543 0.7071061851398384
vn 0 -0.7071073772327543 0.7071061851398384
vn 0 -0.7071073772327543 0.7071061851398384
vn 0 -0.7071073772327543 0.7071061851398384
vn 0 -0.7071073772327543 0.7071061851398384
vn 0 -0.7071073772327543 0.7071061851398384
vn 0 -0.2588190471264927 0.9659258257467466
vn 0 -0.2588190471264927 0.9659258257467466
vn 0 -0.2588190471264927 0.9659258257467466
vn 0 -0.25881907493243805 0.9659258182961656
vn 0 -0.25881907493243805 0.9659258182961656
vn 0 -0.25881907493243805 0.9659258182961656
vn 0.2479038038371484 -0.07437114264126062 -0.9659257927943047
vn 0.2479038038371484 -0.07437114264126062 -0.9659257927943047
vn 0.2479038038371484 -0.07437114264126062 -0.9659257927943047
vn 0.28823807590809575 -0.0846571542584202 -0.9538091936177094
vn 0.28823807590809575 -0.0846571542584202 -0.9538091936177094
vn 0.28823807590809575 -0.0846571542584202 -0.9538091936177094
vn 0.6799165673659106 -0.19969533581100135 -0.70557440024188
vn 0.6799165673659106 -0.19969533581100135 -0.70557440024188
vn 0.6799165673659106 -0.19969533581100135 -0.70557440024188
vn 0.7300680669242265 -0.21145621834023198 -0.6498360450011769
vn 0.7300680669242265 -0.21145621834023198 -0.6498360450011769
vn 0.7300680669242265 -0.21145621834023198 -0.6498360450011769
vn 0.928235273570904 -0.26885318209734543 -0.2570938415732291
vn 0.928235273570904 -0.26885318209734543 -0.2570938415732291
vn 0.928235273570904 -0.26885318209734543 -0.2570938415732291
vn 0.9365359453502697 -0.2699562284869314 -0.22366058608522957
vn 0.9365359453502697 -0.2699562284869314 -0.22366058608522957
vn 0.9365359453502697 -0.2699562284869314 -0.22366058608522957
vn 0.9608777762004654 -0.27697274090431395 0
vn 0.9608777762004654 -0.27697274090431395 0
vn 0.9608777762004654 -0.27697274090431395 0
vn 0.9608777762004654 -0.27697274090431395 0
vn 0.9608777762004654 -0.27697274090431395 0
vn 0.9608777762004654 -0.27697274090431395 0
vn 0.9286389457044196 -0.26767993279313623 0.2568601995266026
vn 0.9286389457044196 -0.26767993279313623 0.2568601995266026
vn 0.9286389457044196 -0.26767993279313623 0.2568601995266026
vn 0.9362678682450144 -0.2711797401388974 0.2233025468509855
vn 0.9362678682450144 -0.2711797401388974 0.2233025468509855
vn 0.9362678682450144 -0.2711797401388974 0.2233025468509855
vn 0.6816203513355763 -0.19742384318776693 0.7045690333715621
vn 0.6816203513355763 -0.19742384318776693 0.7045690333715621
vn 0.6816203513355763 -0.19742384318776693 0.7045690333715621
vn 0.7307950370914641 -0.21463863882504394 0.6479728917831501
vn 0.7307950370914641 -0.21463863882504394 0.6479728917831501
vn 0.7307950370914641 -0.21463863882504394 0.6479728917831501
vn 0.24933468563150163 -0.07323100202756626 0.9656445696440688
vn 0.24933468563150163 -0.07323100202756626 0.9656445696440688
vn 0.24933468563150163 -0.07323100202756626 0.9656445696440688
vn 0.28977209851730534 -0.0869316325354239 0.9531395607074564
vn 0.28977209851730534 -0.0869316325354239 0.9531395607074564
vn 0.28977209851730534 -0.0869316325354239 0.9531395607074564
vn 0 0.30253144477937527 -0.953139404767059
vn 0 0.30253144477937527 -0.953139404767059
vn 0 0.30253144477937527 -0.953139404767059
vn 0.0009816826543464908 0.25790288404981443 -0.9661703466252491
vn 0.0009816826543464908 0.25790288404981443 -0.9661703466252491
vn 0.0009816826543464908 0.25790288404981443 -0.9661703466252491
vn 0.0029023751212525553 0.7624978561666712 -0.6469842313069817
vn 0.0029023751212525553 0.7624978561666712 -0.6469842313069817
vn 0.0029023751212525553 0.7624978561666712 -0.6469842313069817
vn 0.004635333103398118 0.7047781378376065 -0.7094126374072968
vn 0.004635333103398118 0.7047781378376065 -0.7094126374072968
vn 0.004635333103398118 0.7047781378376065 -0.7094126374072968
vn 0.006412040971229722 0.9749172426207978 -0.22247529249614142
vn 0.006412040971229722 0.9749172426207978 -0.22247529249614142
vn 0.006412040971229722 0.9749172426207978 -0.22247529249614142
vn 0.007325316788359237 0.9654074919221685 -0.2606428864835914
vn 0.007325316788359237 0.9654074919221685 -0.2606428864835914
vn 0.007325316788359237 0.9654074919221685 -0.2606428864835914
vn 0.007587579101362391 0.9999712139073706 0
vn 0.007587579101362391 0.9999712139073706 0
vn 0.007587579101362391 0.9999712139073706 0
vn 0.007587579101362391 0.9999712139073706 0
vn 0.007587579101362391 0.9999712139073706 0
vn 0.007587579101362391 0.9999712139073706 0
vn 0.0073969309436647205 0.9748455437551112 0.22275872874798025
vn 0.0073969309436647205 0.9748455437551112 0.22275872874798025
vn 0.0073969309436647205 0.9748455437551112 0.22275872874798025
vn 0.006349970272238194 0.9654796353550719 0.2604011359272067
vn 0.006349970272238194 0.9654796353550719 0.2604011359272067
vn 0.006349970272238194 0.9654796353550719 0.2604011359272067
vn 0.005007145879477903 0.7613102722417374 0.6483684121464843
vn 0.005007145879477903 0.7613102722417374 0.6483684121464843
vn 0.005007145879477903 0.7613102722417374 0.6483684121464843
vn 0.002686411381554834 0.7057608978806972 0.708445014250592
vn 0.002686411381554834 0.7057608978806972 0.708445014250592
vn 0.002686411381554834 0.7057608978806972 0.708445014250592
vn 0.001146227265260649 0.3011312556967324 0.9535820116830882
vn 0.001146227265260649 0.3011312556967324 0.9535820116830882
vn 0.001146227265260649 0.3011312556967324 0.9535820116830882
vn 0 0.2588188931956025 0.9659258669923917
vn 0 0.2588188931956025 0.9659258669923917
vn 0 0.2588188931956025 0.9659258669923917
vn 0.25881934008709334 0 -0.9659257472481421
vn 0.25881934008709334 0 -0.9659257472481421
vn 0.25881934008709334 0 -0.9659257472481421
vn 0.3559026216723699 0.018452160551027896 -0.9343408594606858
vn 0.3559026216723699 0.018452160551027896 -0.9343408594606858
vn 0.3559026216723699 0.018452160551027896 -0.9343408594606858
vn 0.6885808461386241 0.03570022307026517 -0.7242802719967938
vn 0.6885808461386241 0.03570022307026517 -0.7242802719967938
vn 0.6885808461386241 0.03570022307026517 -0.7242802719967938
vn 0.7986951408012963 0.06980427300071043 -0.5976733518664183
vn 0.7986951408012963 0.06980427300071043 -0.5976733518664183
vn 0.7986951408012963 0.06980427300071043 -0.5976733518664183
vn 0.9567151761106905 0.08361488664098227 -0.27875548879171247
vn 0.9567151761106905 0.08361488664098227 -0.27875548879171247
vn 0.9567151761106905 0.08361488664098227 -0.27875548879171247
vn 0.9750127902577594 0.09744239708665282 -0.19963726627006684
vn 0.9750127902577594 0.09744239708665282 -0.19963726627006684
vn 0.9750127902577594 0.09744239708665282 -0.19963726627006684
vn 0.9950431387152233 0.09944421599950826 0
vn 0.9950431387152233 0.09944421599950826 0
vn 0.9950431387152233 0.09944421599950826 0
vn 0.9950431387152233 0.09944421599950826 0
vn 0.9950431387152233 0.09944421599950826 0
vn 0.9950431387152233 0.09944421599950826 0
vn 0.9548295915615148 0.09542529464148068 0.2814151101505699
vn 0.9548295915615148 0.09542529464148068 0.2814151101505699
vn 0.9548295915615148 0.09542529464148068 0.2814151101505699
vn 0.9769037431523138 0.08537933287741624 0.19588120413251922
vn 0.9769037431523138 0.08537933287741624 0.19588120413251922
vn 0.9769037431523138 0.08537933287741624 0.19588120413251922
vn 0.6757273527876327 0.05905714503361805 0.7347821434378331
vn 0.6757273527876327 0.05905714503361805 0.7347821434378331
vn 0.6757273527876327 0.05905714503361805 0.7347821434378331
vn 0.817173472461391 0.042367249285201206 0.5748326122389003
vn 0.817173472461391 0.042367249285201206 0.5748326122389003
vn 0.817173472461391 0.042367249285201206 0.5748326122389003
vn 0.24683792976069086 0.012797581076999161 0.9689722691336599
vn 0.24683792976069086 0.012797581076999161 0.9689722691336599
vn 0.24683792976069086 0.012797581076999161 0.9689722691336599
vn 0.38721738148698764 0 0.9219884486664465
vn 0.38721738148698764 0 0.9219884486664465
vn 0.38721738148698764 0 0.9219884486664465
vn -0.22959946613460938 0.3118016790098253 -0.9219890444671
vn -0.22959946613460938 0.3118016790098253 -0.9219890444671
vn -0.22959946613460938 0.3118016790098253 -0.9219890444671
vn -0.15237911458594788 0.21042180631716118 -0.9656620883436533
vn -0.15237911458594788 0.21042180631716118 -0.9656620883436533
vn -0.15237911458594788 0.21042180631716118 -0.9656620883436533
vn -0.4922080537318999 0.6796948773456172 -0.5438254366536943
vn -0.4922080537318999 0.6796948773456172 -0.5438254366536943
vn -0.4922080537318999 0.6796948773456172 -0.5438254366536943
vn -0.4130246588380904 0.5769361782540334 -0.7046667846672703
vn -0.4130246588380904 0.5769361782540334 -0.7046667846672703
vn -0.4130246588380904 0.5769361782540334 -0.7046667846672703
vn -0.5733439841241997 0.8008792287087949 -0.17282689863385114
vn -0.5733439841241997 0.8008792287087949 -0.17282689863385114
vn -0.5733439841241997 0.8008792287087949 -0.17282689863385114
vn -0.5610550657617935 0.7868980787228373 -0.2569214410774949
vn -0.5610550657617935 0.7868980787228373 -0.2569214410774949
vn -0.5610550657617935 0.7868980787228373 -0.2569214410774949
vn -0.5805424943055487 0.8142299505087565 0
vn -0.5805424943055487 0.8142299505087565 0
vn -0.5805424943055487 0.8142299505087565 0
vn -0.5805424943055487 0.8142299505087565 0
vn -0.5805424943055487 0.8142299505087565 0
vn -0.5805424943055487 0.8142299505087565 0
vn -0.5717438503182476 0.8018894853014549 0.17344227566032722
vn -0.5717438503182476 0.8018894853014549 0.17344227566032722
vn -0.5717438503182476 0.8018894853014549 0.17344227566032722
vn -0.5625260989690489 0.7857681999011265 0.25716283557856373
vn -0.5625260989690489 0.7857681999011265 0.25716283557856373
vn -0.5625260989690489 0.7857681999011265 0.25716283557856373
vn -0.4869759975695635 0.6802355645455253 0.5478448270437157
vn -0.4869759975695635 0.6802355645455253 0.5478448270437157
vn -0.4869759975695635 0.6802355645455253 0.5478448270437157
vn -0.4155757799214992 0.5738726360432336 0.7056677467076328
vn -0.4155757799214992 0.5738726360432336 0.7056677467076328
vn -0.4155757799214992 0.5738726360432336 0.7056677467076328
vn -0.22411346032805055 0.3094804529365002 0.9241185022225267
vn -0.22411346032805055 0.3094804529365002 0.9241185022225267
vn -0.22411346032805055 0.3094804529365002 0.9241185022225267
vn -0.1534662114077181 0.20841084643189092 0.9659260018478146
vn -0.1534662114077181 0.20841084643189092 0.9659260018478146
vn -0.1534662114077181 0.20841084643189092 0.9659260018478146
f 1381/1381/1381 1382/1382/1382 1383/1383/1383
f 1384/1384/1384 1385/1385/1385 1386/1386/1386
f 1387/1387/1387 1388/1388/1388 1389/1389/1389
f 1390/1390/1390 1391/1391/1391 1392/1392/1392
f 1393/1393/1393 1394/1394/1394 1395/1395/1395
f 1396/1396/1396 1397/1397/1397 1398/1398/1398
f 1399/1399/1399 1400/1400/1400 1401/1401/1401
f 1402/1402/1402 1403/1403/1403 1404/1404/1404
f 1405/1405/1405 1406/1406/1406 1407/1407/1407
f 1408/1408/1408 1409/1409/1409 1410/1410/1410
f 1411/1411/1411 1412/1412/1412 1413/1413/1413
f 1414/1414/1414 1415/1415/1415 1416/1416/1416
f 1417/1417/1417 1418/1418/1418 1419/1419/1419
f 1420/1420/1420 1421/1421/1421 1422/1422/1422
f 1423/1423/1423 1424/1424/1424 1425/1425/1425
f 1426/1426/1426 1427/1427/1427 1428/1428/1428
f 1429/1429/1429 1430/1430/1430 1431/1431/1431
f 1432/1432/1432 1433/1433/1433 1434/1434/1434
f 1435/1435/1435 1436/1436/1436 1437/1437/1437
f 1438/1438/1438 1439/1439/1439 1440/1440/1440
f 1441/1441/1441 1442/1442/1442 1443/1443/1443
f 1444/1444/1444 1445/1445/1445 1446/1446/1446
f 1447/1447/1447 1448/1448/1448 1449/1449/1449
f 1450/1450/1450 1451/1451/1451 1452/1452/1452
f 1453/1453/1453 1454/1454/1454 1455/1455/1455
f 1456/1456/1456 1457/1457/1457 1458/1458/1458
f 1459/1459/1459 1460/1460/1460 1461/1461/1461
f 1462/1462/1462 1463/1463/1463 1464/1464/1464
f 1465/1465/1465 1466/1466/1466 1467/1467/1467
f 1468/1468/1468 1469/1469/1469 1470/1470/1470
f 1471/1471/1471 1472/1472/1472 1473/1473/1473
f 1474/1474/1474 1475/1475/1475 1476/1476/1476
f 1477/1477/1477 1478/1478/1478 1479/1479/1479
f 1480/1480/1480 1481/1481/1481 1482/1482/1482
f 1483/1483/1483 1484/1484/1484 1485/1485/1485
f 1486/1486/1486 1487/1487/1487 1488/1488/1488
f 1489/1489/1489 1490/1490/1490 1491/1491/1491
f 1492/1492/1492 1493/1493/1493 1494/1494/1494
f 1495/1495/1495 1496/1496/1496 1497/1497/1497
f 1498/1498/1498 1499/1499/1499 1500/1500/1500
f 1501/1501/1501 1502/1502/1502 1503/1503/1503
f 1504/1504/1504 1505/1505/1505 1506/1506/1506
f 1507/1507/1507 1508/1508/1508 1509/1509/1509
f 1510/1510/1510 1511/1511/1511 1512/1512/1512
f 1513/1513/1513 1514/1514/1514 1515/1515/1515
f 1516/1516/1516 1517/1517/1517 1518/1518/1518
f 1519/1519/1519 1520/1520/1520 1521/1521/1521
f 1522/1522/1522 1523/1523/1523 1524/1524/1524
f 1525/1525/1525 1526/1526/1526 1527/1527/1527
f 1528/1528/1528 1529/1529/1529 1530/1530/1530
f 1531/1531/1531 1532/1532/1532 1533/1533/1533
f 1534/1534/1534 1535/1535/1535 1536/1536/1536
f 1537/1537/1537 1538/1538/1538 1539/1539/1539
f 1540/1540/1540 1541/1541/1541 1542/1542/1542
f 1543/1543/1543 1544/1544/1544 1545/1545/1545
f 1546/1546/1546 1547/1547/1547 1548/1548/1548
f 1549/1549/1549 1550/1550/1550 1551/1551/1551
f 1552/1552/1552 1553/1553/1553 1554/1554/1554
f 1555/1555/1555 1556/1556/1556 1557/1557/1557
f 1558/1558/1558 1559/1559/1559 1560/1560/1560
f 1561/1561/1561 1562/1562/1562 1563/1563/1563
f 1564/1564/1564 1565/1565/1565 1566/1566/1566
f 1567/1567/1567 1568/1568/1568 1569/1569/1569
f 1570/1570/1570 1571/1571/1571 1572/1572/1572
f 1573/1573/1573 1574/1574/1574 1575/1575/1575
f 1576/1576/1576 1577/1577/1577 1578/1578/1578
f 1579/1579/1579 1580/1580/1580 1581/1581/1581
f 1582/1582/1582 1583/1583/1583 1584/1584/1584
f 1585/1585/1585 1586/1586/1586 1587/1587/1587
f 1588/1588/1588 1589/1589/1589 1590/1590/1590
f 1591/1591/1591 1592/1592/1592 1593/1593/1593
f 1594/1594/1594 1595/1595/1595 1596/1596/1596
f 1597/1597/1597 1598/1598/1598 1599/1599/1599
f 1600/1600/1600 1601/1601/1601 1602/1602/1602
f 1603/1603/1603 1604/1604/1604 1605/1605/1605
f 1606/1606/1606 1607/1607/1607 1608/1608/1608
f 1609/1609/1609 1610/1610/1610 1611/1611/1611
f 1612/1612/1612 1613/1613/1613 1614/1614/1614
f 1615/1615/1615 1616/1616/1616 1617/1617/1617
f 1618/1618/1618 1619/1619/1619 1620/1620/1620
f 1621/1621/1621 1622/1622/1622 1623/1623/1623
f 1624/1624/1624 1625/1625/1625 1626/1626/1626
f 1627/1627/1627 1628/1628/1628 1629/1629/1629
f 1630/1630/1630 1631/1631/1631 1632/1632/1632
f 1633/1633/1633 1634/1634/1634 1635/1635/1635
f 1636/1636/1636 1637/1637/1637 1638/1638/1638
f 1639/1639/1639 1640/1640/1640 1641/1641/1641
f 1642/1642/1642 1643/1643/1643 1644/1644/1644
f 1645/1645/1645 1646/1646/1646 1647/1647/1647
f 1648/1648/1648 1649/1649/1649 1650/1650/1650
f 1651/1651/1651 1652/1652/1652 1653/1653/1653
f 1654/1654/1654 1655/1655/1655 1656/1656/1656
f 1657/1657/1657 1658/1658/1658 1659/1659/1659
f 1660/1660/1660 1661/1661/1661 1662/1662/1662
f 1663/1663/1663 1664/1664/1664 1665/1665/1665
f 1666/1666/1666 1667/1667/1667 1668/1668/1668
f 1669/1669/1669 1670/1670/1670 1671/1671/1671
f 1672/1672/1672 1673/1673/1673 1674/1674/1674
f 1675/1675/1675 1676/1676/1676 1677/1677/1677
f 1678/1678/1678 1679/1679/1679 1680/1680/1680
f 1681/1681/1681 1682/1682/1682 1683/1683/1683
f 1684/1684/1684 1685/1685/1685 1686/1686/1686
f 1687/1687/1687 1688/1688/1688 1689/1689/1689
f 1690/1690/1690 1691/1691/1691 1692/1692/1692
f 1693/1693/1693 1694/1694/1694 1695/1695/1695
f 1696/1696/1696 1697/1697/1697 1698/1698/1698
f 1699/1699/1699 1700/1700/1700 1701/1701/1701
f 1702/1702/1702 1703/1703/1703 1704/1704/1704
f 1705/1705/1705 1706/1706/1706 1707/1707/1707
f 1708/1708/1708 1709/1709/1709 1710/1710/1710
f 1711/1711/1711 1712/1712/1712 1713/1713/1713
f 1714/1714/1714 1715/1715/1715 1716/1716/1716
f 1717/1717/1717 1718/1718/1718 1719/1719/1719
f 1720/1720/1720 1721/1721/1721 1722/1722/1722
f 1723/1723/1723 1724/1724/1724 1725/1725/1725
f 1726/1726/1726 1727/1727/1727 1728/1728/1728
f 1729/1729/1729 1730/1730/1730 1731/1731/1731
f 1732/1732/1732 1733/1733/1733 1734/1734/1734
f 1735/1735/1735 1736/1736/1736 1737/1737/1737
f 1738/1738/1738 1739/1739/1739 1740/1740/1740
f 1741/1741/1741 1742/1742/1742 1743/1743/1743
f 1744/1744/1744 1745/1745/1745 1746/1746/1746
f 1747/1747/1747 1748/1748/1748 1749/1749/1749
f 1750/1750/1750 1751/1751/1751 1752/1752/1752
o letra-M
usemtl gradiente-fm
v 0.033600003528594984 0.04695554733276368 -0.031200001239776613
v 0.033600003528594984 0.2869555473327637 -0.031200001239776613
v 0.0720000026702881 0.2869555473327637 -0.031200001239776613
v 0.06560000400543214 0.19735555171966554 -0.031200001239776613
v 0.06560000400543214 0.005355548858642589 -0.031200001239776613
v 0.033600003528594984 0.04695554733276368 -0.031200001239776613
v 0.1776000068664551 0.04695554733276368 -0.031200001239776613
v 0.14559999923706057 0.005355548858642589 -0.031200001239776613
v 0.14559999923706057 0.19735555171966554 -0.031200001239776613
v 0.1392000053405762 0.2869555473327637 -0.031200001239776613
v 0.1776000068664551 0.2869555473327637 -0.031200001239776613
v 0.1776000068664551 0.04695554733276368 -0.031200001239776613
v 0.06560000400543214 0.19735555171966554 -0.031200001239776613
v 0.033600003528594984 0.04695554733276368 -0.031200001239776613
v 0.0720000026702881 0.2869555473327637 -0.031200001239776613
v 0.1392000053405762 0.2869555473327637 -0.031200001239776613
v 0.1776000068664551 0.04695554733276368 -0.031200001239776613
v 0.14559999923706057 0.19735555171966554 -0.031200001239776613
v 0.06560000400543214 0.19735555171966554 -0.031200001239776613
v 0.0720000026702881 0.2869555473327637 -0.031200001239776613
v 0.10559999923706057 0.13335555076599123 -0.031200001239776613
v 0.1392000053405762 0.2869555473327637 -0.031200001239776613
v 0.14559999923706057 0.19735555171966554 -0.031200001239776613
v 0.10559999923706057 0.04055555343627931 -0.031200001239776613
v 0.10559999923706057 0.04055555343627931 -0.031200001239776613
v 0.06560000400543214 0.19735555171966554 -0.031200001239776613
v 0.10559999923706057 0.13335555076599123 -0.031200001239776613
v 0.10559999923706057 0.13335555076599123 -0.031200001239776613
v 0.1392000053405762 0.2869555473327637 -0.031200001239776613
v 0.10559999923706057 0.04055555343627931 -0.031200001239776613
v 0.0720000026702881 0.2869555473327637 0.031200001239776613
v 0.033600003528594984 0.2869555473327637 0.031200001239776613
v 0.033600003528594984 0.04695554733276368 0.031200001239776613
v 0.033600003528594984 0.04695554733276368 0.031200001239776613
v 0.06560000400543214 0.005355548858642589 0.031200001239776613
v 0.06560000400543214 0.19735555171966554 0.031200001239776613
v 0.14559999923706057 0.19735555171966554 0.031200001239776613
v 0.14559999923706057 0.005355548858642589 0.031200001239776613
v 0.1776000068664551 0.04695554733276368 0.031200001239776613
v 0.1776000068664551 0.04695554733276368 0.031200001239776613
v 0.1776000068664551 0.2869555473327637 0.031200001239776613
v 0.1392000053405762 0.2869555473327637 0.031200001239776613
v 0.0720000026702881 0.2869555473327637 0.031200001239776613
v 0.033600003528594984 0.04695554733276368 0.031200001239776613
v 0.06560000400543214 0.19735555171966554 0.031200001239776613
v 0.14559999923706057 0.19735555171966554 0.031200001239776613
v 0.1776000068664551 0.04695554733276368 0.031200001239776613
v 0.1392000053405762 0.2869555473327637 0.031200001239776613
v 0.10559999923706057 0.13335555076599123 0.031200001239776613
v 0.0720000026702881 0.2869555473327637 0.031200001239776613
v 0.06560000400543214 0.19735555171966554 0.031200001239776613
v 0.10559999923706057 0.04055555343627931 0.031200001239776613
v 0.14559999923706057 0.19735555171966554 0.031200001239776613
v 0.1392000053405762 0.2869555473327637 0.031200001239776613
v 0.10559999923706057 0.13335555076599123 0.031200001239776613
v 0.06560000400543214 0.19735555171966554 0.031200001239776613
v 0.10559999923706057 0.04055555343627931 0.031200001239776613
v 0.10559999923706057 0.04055555343627931 0.031200001239776613
v 0.1392000053405762 0.2869555473327637 0.031200001239776613
v 0.10559999923706057 0.13335555076599123 0.031200001239776613
v 0.033600003528594984 0.04695554733276368 -0.031200001239776613
v 0.06560000400543214 0.005355548858642589 -0.031200001239776613
v 0.03160000305175782 0.04627531051635743 -0.030664100646972656
v 0.06560000400543214 0.005355548858642589 -0.031200001239776613
v 0.06651077251434327 0.0026777744293212946 -0.030664100646972656
v 0.03160000305175782 0.04627531051635743 -0.030664100646972656
v 0.03160000305175782 0.04627531051635743 -0.030664100646972656
v 0.06651077251434327 0.0026777744293212946 -0.030664100646972656
v 0.03013590078353883 0.04577733039855958 -0.029200000762939455
v 0.06651077251434327 0.0026777744293212946 -0.030664100646972656
v 0.0671775053024292 0.0007175064086914207 -0.029200000762939455
v 0.03013590078353883 0.04577733039855958 -0.029200000762939455
v 0.03013590078353883 0.04577733039855958 -0.029200000762939455
v 0.0671775053024292 0.0007175064086914207 -0.029200000762939455
v 0.029600002574920667 0.04559506416320802 -0.027200000286102297
v 0.0671775053024292 0.0007175064086914207 -0.029200000762939455
v 0.06742154579162599 0 -0.027200000286102297
v 0.029600002574920667 0.04559506416320802 -0.027200000286102297
v 0.029600002574920667 0.04559506416320802 -0.027200000286102297
v 0.06742154579162599 0 -0.027200000286102297
v 0.029600002574920667 0.04559506416320802 0.027200000286102297
v 0.06742154579162599 0 -0.027200000286102297
v 0.06742154579162599 0 0.027200000286102297
v 0.029600002574920667 0.04559506416320802 0.027200000286102297
v 0.029600002574920667 0.04559506416320802 0.027200000286102297
v 0.06742154579162599 0 0.027200000286102297
v 0.03013590078353883 0.04577733039855958 0.02919999837875366
v 0.06742154579162599 0 0.027200000286102297
v 0.0671775053024292 0.0007175064086914207 0.02919999837875366
v 0.03013590078353883 0.04577733039855958 0.02919999837875366
v 0.03013590078353883 0.04577733039855958 0.02919999837875366
v 0.0671775053024292 0.0007175064086914207 0.02919999837875366
v 0.03160000305175782 0.04627531051635743 0.03066410303115845
v 0.0671775053024292 0.0007175064086914207 0.02919999837875366
v 0.06651077251434327 0.0026777744293212946 0.03066410303115845
v 0.03160000305175782 0.04627531051635743 0.03066410303115845
v 0.03160000305175782 0.04627531051635743 0.03066410303115845
v 0.06651077251434327 0.0026777744293212946 0.03066410303115845
v 0.033600003528594984 0.04695554733276368 0.031200001239776613
v 0.06651077251434327 0.0026777744293212946 0.03066410303115845
v 0.06560000400543214 0.005355548858642589 0.031200001239776613
v 0.033600003528594984 0.04695554733276368 0.031200001239776613
v 0.06560000400543214 0.005355548858642589 -0.031200001239776613
v 0.06560000400543214 0.19735555171966554 -0.031200001239776613
v 0.06651077251434327 0.0026777744293212946 -0.030664100646972656
v 0.06560000400543214 0.19735555171966554 -0.031200001239776613
v 0.0659523199081421 0.19454915285110475 -0.030664100646972656
v 0.06651077251434327 0.0026777744293212946 -0.030664100646972656
v 0.06651077251434327 0.0026777744293212946 -0.030664100646972656
v 0.0659523199081421 0.19454915285110475 -0.030664100646972656
v 0.0671775053024292 0.0007175064086914207 -0.029200000762939455
v 0.0659523199081421 0.19454915285110475 -0.030664100646972656
v 0.0662102363586426 0.19249472618103028 -0.029200000762939455
v 0.0671775053024292 0.0007175064086914207 -0.029200000762939455
v 0.0671775053024292 0.0007175064086914207 -0.029200000762939455
v 0.0662102363586426 0.19249472618103028 -0.029200000762939455
v 0.06742154579162599 0 -0.027200000286102297
v 0.0662102363586426 0.19249472618103028 -0.029200000762939455
v 0.06630463581085207 0.19174275398254395 -0.027200000286102297
v 0.06742154579162599 0 -0.027200000286102297
v 0.06742154579162599 0 -0.027200000286102297
v 0.06630463581085207 0.19174275398254395 -0.027200000286102297
v 0.06742154579162599 0 0.027200000286102297
v 0.06630463581085207 0.19174275398254395 -0.027200000286102297
v 0.06630463581085207 0.19174275398254395 0.027200000286102297
v 0.06742154579162599 0 0.027200000286102297
v 0.06742154579162599 0 0.027200000286102297
v 0.06630463581085207 0.19174275398254395 0.027200000286102297
v 0.0671775053024292 0.0007175064086914207 0.02919999837875366
v 0.06630463581085207 0.19174275398254395 0.027200000286102297
v 0.0662102363586426 0.19249472618103028 0.02919999837875366
v 0.0671775053024292 0.0007175064086914207 0.02919999837875366
v 0.0671775053024292 0.0007175064086914207 0.02919999837875366
v 0.0662102363586426 0.19249472618103028 0.02919999837875366
v 0.06651077251434327 0.0026777744293212946 0.03066410303115845
v 0.0662102363586426 0.19249472618103028 0.02919999837875366
v 0.0659523199081421 0.19454915285110475 0.03066410303115845
v 0.06651077251434327 0.0026777744293212946 0.03066410303115845
v 0.06651077251434327 0.0026777744293212946 0.03066410303115845
v 0.0659523199081421 0.19454915285110475 0.03066410303115845
v 0.06560000400543214 0.005355548858642589 0.031200001239776613
v 0.0659523199081421 0.19454915285110475 0.03066410303115845
v 0.06560000400543214 0.19735555171966554 0.031200001239776613
v 0.06560000400543214 0.005355548858642589 0.031200001239776613
v 0.06560000400543214 0.19735555171966554 -0.031200001239776613
v 0.10559999923706057 0.04055555343627931 -0.031200001239776613
v 0.0659523199081421 0.19454915285110475 -0.030664100646972656
v 0.10559999923706057 0.04055555343627931 -0.031200001239776613
v 0.10559999923706057 0.03772712707519532 -0.030664100646972656
v 0.0659523199081421 0.19454915285110475 -0.030664100646972656
v 0.0659523199081421 0.19454915285110475 -0.030664100646972656
v 0.10559999923706057 0.03772712707519532 -0.030664100646972656
v 0.0662102363586426 0.19249472618103028 -0.029200000762939455
v 0.10559999923706057 0.03772712707519532 -0.030664100646972656
v 0.10559999923706057 0.035656576156616215 -0.029200000762939455
v 0.0662102363586426 0.19249472618103028 -0.029200000762939455
v 0.0662102363586426 0.19249472618103028 -0.029200000762939455
v 0.10559999923706057 0.035656576156616215 -0.029200000762939455
v 0.06630463581085207 0.19174275398254395 -0.027200000286102297
v 0.10559999923706057 0.035656576156616215 -0.029200000762939455
v 0.10559999923706057 0.03489870071411133 -0.027200000286102297
v 0.06630463581085207 0.19174275398254395 -0.027200000286102297
v 0.06630463581085207 0.19174275398254395 -0.027200000286102297
v 0.10559999923706057 0.03489870071411133 -0.027200000286102297
v 0.06630463581085207 0.19174275398254395 0.027200000286102297
v 0.10559999923706057 0.03489870071411133 -0.027200000286102297
v 0.10559999923706057 0.03489870071411133 0.027200000286102297
v 0.06630463581085207 0.19174275398254395 0.027200000286102297
v 0.06630463581085207 0.19174275398254395 0.027200000286102297
v 0.10559999923706057 0.03489870071411133 0.027200000286102297
v 0.0662102363586426 0.19249472618103028 0.02919999837875366
v 0.10559999923706057 0.03489870071411133 0.027200000286102297
v 0.10559999923706057 0.035656576156616215 0.02919999837875366
v 0.0662102363586426 0.19249472618103028 0.02919999837875366
v 0.0662102363586426 0.19249472618103028 0.02919999837875366
v 0.10559999923706057 0.035656576156616215 0.02919999837875366
v 0.0659523199081421 0.19454915285110475 0.03066410303115845
v 0.10559999923706057 0.035656576156616215 0.02919999837875366
v 0.10559999923706057 0.03772712707519532 0.03066410303115845
v 0.0659523199081421 0.19454915285110475 0.03066410303115845
v 0.0659523199081421 0.19454915285110475 0.03066410303115845
v 0.10559999923706057 0.03772712707519532 0.03066410303115845
v 0.06560000400543214 0.19735555171966554 0.031200001239776613
v 0.10559999923706057 0.03772712707519532 0.03066410303115845
v 0.10559999923706057 0.04055555343627931 0.031200001239776613
v 0.06560000400543214 0.19735555171966554 0.031200001239776613
v 0.10559999923706057 0.04055555343627931 -0.031200001239776613
v 0.14559999923706057 0.19735555171966554 -0.031200001239776613
v 0.10559999923706057 0.03772712707519532 -0.030664100646972656
v 0.14559999923706057 0.19735555171966554 -0.031200001239776613
v 0.14524768333435062 0.19454915285110475 -0.030664100646972656
v 0.10559999923706057 0.03772712707519532 -0.030664100646972656
v 0.10559999923706057 0.03772712707519532 -0.030664100646972656
v 0.14524768333435062 0.19454915285110475 -0.030664100646972656
v 0.10559999923706057 0.035656576156616215 -0.029200000762939455
v 0.14524768333435062 0.19454915285110475 -0.030664100646972656
v 0.1449897716522217 0.19249472618103028 -0.029200000762939455
v 0.10559999923706057 0.035656576156616215 -0.029200000762939455
v 0.10559999923706057 0.035656576156616215 -0.029200000762939455
v 0.1449897716522217 0.19249472618103028 -0.029200000762939455
v 0.10559999923706057 0.03489870071411133 -0.027200000286102297
v 0.1449897716522217 0.19249472618103028 -0.029200000762939455
v 0.14489536743164066 0.19174275398254395 -0.027200000286102297
v 0.10559999923706057 0.03489870071411133 -0.027200000286102297
v 0.10559999923706057 0.03489870071411133 -0.027200000286102297
v 0.14489536743164066 0.19174275398254395 -0.027200000286102297
v 0.10559999923706057 0.03489870071411133 0.027200000286102297
v 0.14489536743164066 0.19174275398254395 -0.027200000286102297
v 0.14489536743164066 0.19174275398254395 0.027200000286102297
v 0.10559999923706057 0.03489870071411133 0.027200000286102297
v 0.10559999923706057 0.03489870071411133 0.027200000286102297
v 0.14489536743164066 0.19174275398254395 0.027200000286102297
v 0.10559999923706057 0.035656576156616215 0.02919999837875366
v 0.14489536743164066 0.19174275398254395 0.027200000286102297
v 0.1449897716522217 0.19249472618103028 0.02919999837875366
v 0.10559999923706057 0.035656576156616215 0.02919999837875366
v 0.10559999923706057 0.035656576156616215 0.02919999837875366
v 0.1449897716522217 0.19249472618103028 0.02919999837875366
v 0.10559999923706057 0.03772712707519532 0.03066410303115845
v 0.1449897716522217 0.19249472618103028 0.02919999837875366
v 0.14524768333435062 0.19454915285110475 0.03066410303115845
v 0.10559999923706057 0.03772712707519532 0.03066410303115845
v 0.10559999923706057 0.03772712707519532 0.03066410303115845
v 0.14524768333435062 0.19454915285110475 0.03066410303115845
v 0.10559999923706057 0.04055555343627931 0.031200001239776613
v 0.14524768333435062 0.19454915285110475 0.03066410303115845
v 0.14559999923706057 0.19735555171966554 0.031200001239776613
v 0.10559999923706057 0.04055555343627931 0.031200001239776613
v 0.14559999923706057 0.19735555171966554 -0.031200001239776613
v 0.14559999923706057 0.005355548858642589 -0.031200001239776613
v 0.14524768333435062 0.19454915285110475 -0.030664100646972656
v 0.14559999923706057 0.005355548858642589 -0.031200001239776613
v 0.14468923072814943 0.0026777744293212946 -0.030664100646972656
v 0.14524768333435062 0.19454915285110475 -0.030664100646972656
v 0.14524768333435062 0.19454915285110475 -0.030664100646972656
v 0.14468923072814943 0.0026777744293212946 -0.030664100646972656
v 0.1449897716522217 0.19249472618103028 -0.029200000762939455
v 0.14468923072814943 0.0026777744293212946 -0.030664100646972656
v 0.1440224979400635 0.0007175064086914207 -0.029200000762939455
v 0.1449897716522217 0.19249472618103028 -0.029200000762939455
v 0.1449897716522217 0.19249472618103028 -0.029200000762939455
v 0.1440224979400635 0.0007175064086914207 -0.029200000762939455
v 0.14489536743164066 0.19174275398254395 -0.027200000286102297
v 0.1440224979400635 0.0007175064086914207 -0.029200000762939455
v 0.14377846221923832 0 -0.027200000286102297
v 0.14489536743164066 0.19174275398254395 -0.027200000286102297
v 0.14489536743164066 0.19174275398254395 -0.027200000286102297
v 0.14377846221923832 0 -0.027200000286102297
v 0.14489536743164066 0.19174275398254395 0.027200000286102297
v 0.14377846221923832 0 -0.027200000286102297
v 0.14377846221923832 0 0.027200000286102297
v 0.14489536743164066 0.19174275398254395 0.027200000286102297
v 0.14489536743164066 0.19174275398254395 0.027200000286102297
v 0.14377846221923832 0 0.027200000286102297
v 0.1449897716522217 0.19249472618103028 0.02919999837875366
v 0.14377846221923832 0 0.027200000286102297
v 0.1440224979400635 0.0007175064086914207 0.02919999837875366
v 0.1449897716522217 0.19249472618103028 0.02919999837875366
v 0.1449897716522217 0.19249472618103028 0.02919999837875366
v 0.1440224979400635 0.0007175064086914207 0.02919999837875366
v 0.14524768333435062 0.19454915285110475 0.03066410303115845
v 0.1440224979400635 0.0007175064086914207 0.02919999837875366
v 0.14468923072814943 0.0026777744293212946 0.03066410303115845
v 0.14524768333435062 0.19454915285110475 0.03066410303115845
v 0.14524768333435062 0.19454915285110475 0.03066410303115845
v 0.14468923072814943 0.0026777744293212946 0.03066410303115845
v 0.14559999923706057 0.19735555171966554 0.031200001239776613
v 0.14468923072814943 0.0026777744293212946 0.03066410303115845
v 0.14559999923706057 0.005355548858642589 0.031200001239776613
v 0.14559999923706057 0.19735555171966554 0.031200001239776613
v 0.14559999923706057 0.005355548858642589 -0.031200001239776613
v 0.1776000068664551 0.04695554733276368 -0.031200001239776613
v 0.14468923072814943 0.0026777744293212946 -0.030664100646972656
v 0.1776000068664551 0.04695554733276368 -0.031200001239776613
v 0.1795999954223633 0.04627531051635743 -0.030664100646972656
v 0.14468923072814943 0.0026777744293212946 -0.030664100646972656
v 0.14468923072814943 0.0026777744293212946 -0.030664100646972656
v 0.1795999954223633 0.04627531051635743 -0.030664100646972656
v 0.1440224979400635 0.0007175064086914207 -0.029200000762939455
v 0.1795999954223633 0.04627531051635743 -0.030664100646972656
v 0.1810640953063965 0.04577733039855958 -0.029200000762939455
v 0.1440224979400635 0.0007175064086914207 -0.029200000762939455
v 0.1440224979400635 0.0007175064086914207 -0.029200000762939455
v 0.1810640953063965 0.04577733039855958 -0.029200000762939455
v 0.14377846221923832 0 -0.027200000286102297
v 0.1810640953063965 0.04577733039855958 -0.029200000762939455
v 0.18160000305175783 0.04559506416320802 -0.027200000286102297
v 0.14377846221923832 0 -0.027200000286102297
v 0.14377846221923832 0 -0.027200000286102297
v 0.18160000305175783 0.04559506416320802 -0.027200000286102297
v 0.14377846221923832 0 0.027200000286102297
v 0.18160000305175783 0.04559506416320802 -0.027200000286102297
v 0.18160000305175783 0.04559506416320802 0.027200000286102297
v 0.14377846221923832 0 0.027200000286102297
v 0.14377846221923832 0 0.027200000286102297
v 0.18160000305175783 0.04559506416320802 0.027200000286102297
v 0.1440224979400635 0.0007175064086914207 0.02919999837875366
v 0.18160000305175783 0.04559506416320802 0.027200000286102297
v 0.1810640953063965 0.04577733039855958 0.02919999837875366
v 0.1440224979400635 0.0007175064086914207 0.02919999837875366
v 0.1440224979400635 0.0007175064086914207 0.02919999837875366
v 0.1810640953063965 0.04577733039855958 0.02919999837875366
v 0.14468923072814943 0.0026777744293212946 0.03066410303115845
v 0.1810640953063965 0.04577733039855958 0.02919999837875366
v 0.1795999954223633 0.04627531051635743 0.03066410303115845
v 0.14468923072814943 0.0026777744293212946 0.03066410303115845
v 0.14468923072814943 0.0026777744293212946 0.03066410303115845
v 0.1795999954223633 0.04627531051635743 0.03066410303115845
v 0.14559999923706057 0.005355548858642589 0.031200001239776613
v 0.1795999954223633 0.04627531051635743 0.03066410303115845
v 0.1776000068664551 0.04695554733276368 0.031200001239776613
v 0.14559999923706057 0.005355548858642589 0.031200001239776613
v 0.1776000068664551 0.04695554733276368 -0.031200001239776613
v 0.1776000068664551 0.2869555473327637 -0.031200001239776613
v 0.1795999954223633 0.04627531051635743 -0.030664100646972656
v 0.1776000068664551 0.2869555473327637 -0.031200001239776613
v 0.1795999954223633 0.2889555549621582 -0.030664100646972656
v 0.1795999954223633 0.04627531051635743 -0.030664100646972656
v 0.1795999954223633 0.04627531051635743 -0.030664100646972656
v 0.1795999954223633 0.2889555549621582 -0.030664100646972656
v 0.1810640953063965 0.04577733039855958 -0.029200000762939455
v 0.1795999954223633 0.2889555549621582 -0.030664100646972656
v 0.1810640953063965 0.2904196548461914 -0.029200000762939455
v 0.1810640953063965 0.04577733039855958 -0.029200000762939455
v 0.1810640953063965 0.04577733039855958 -0.029200000762939455
v 0.1810640953063965 0.2904196548461914 -0.029200000762939455
v 0.18160000305175783 0.04559506416320802 -0.027200000286102297
v 0.1810640953063965 0.2904196548461914 -0.029200000762939455
v 0.18160000305175783 0.2909555530548096 -0.027200000286102297
v 0.18160000305175783 0.04559506416320802 -0.027200000286102297
v 0.18160000305175783 0.04559506416320802 -0.027200000286102297
v 0.18160000305175783 0.2909555530548096 -0.027200000286102297
v 0.18160000305175783 0.04559506416320802 0.027200000286102297
v 0.18160000305175783 0.2909555530548096 -0.027200000286102297
v 0.18160000305175783 0.2909555530548096 0.027200000286102297
v 0.18160000305175783 0.04559506416320802 0.027200000286102297
v 0.18160000305175783 0.04559506416320802 0.027200000286102297
v 0.18160000305175783 0.2909555530548096 0.027200000286102297
v 0.1810640953063965 0.04577733039855958 0.02919999837875366
v 0.18160000305175783 0.2909555530548096 0.027200000286102297
v 0.1810640953063965 0.2904196548461914 0.02919999837875366
v 0.1810640953063965 0.04577733039855958 0.02919999837875366
v 0.1810640953063965 0.04577733039855958 0.02919999837875366
v 0.1810640953063965 0.2904196548461914 0.02919999837875366
v 0.1795999954223633 0.04627531051635743 0.03066410303115845
v 0.1810640953063965 0.2904196548461914 0.02919999837875366
v 0.1795999954223633 0.2889555549621582 0.03066410303115845
v 0.1795999954223633 0.04627531051635743 0.03066410303115845
v 0.1795999954223633 0.04627531051635743 0.03066410303115845
v 0.1795999954223633 0.2889555549621582 0.03066410303115845
v 0.1776000068664551 0.04695554733276368 0.031200001239776613
v 0.1795999954223633 0.2889555549621582 0.03066410303115845
v 0.1776000068664551 0.2869555473327637 0.031200001239776613
v 0.1776000068664551 0.04695554733276368 0.031200001239776613
v 0.1776000068664551 0.2869555473327637 -0.031200001239776613
v 0.1392000053405762 0.2869555473327637 -0.031200001239776613
v 0.1795999954223633 0.2889555549621582 -0.030664100646972656
v 0.1392000053405762 0.2869555473327637 -0.031200001239776613
v 0.13759021263122562 0.2889555549621582 -0.030664100646972656
v 0.1795999954223633 0.2889555549621582 -0.030664100646972656
v 0.1795999954223633 0.2889555549621582 -0.030664100646972656
v 0.13759021263122562 0.2889555549621582 -0.030664100646972656
v 0.1810640953063965 0.2904196548461914 -0.029200000762939455
v 0.13759021263122562 0.2889555549621582 -0.030664100646972656
v 0.1364117572784424 0.2904196548461914 -0.029200000762939455
v 0.1810640953063965 0.2904196548461914 -0.029200000762939455
v 0.1810640953063965 0.2904196548461914 -0.029200000762939455
v 0.1364117572784424 0.2904196548461914 -0.029200000762939455
v 0.18160000305175783 0.2909555530548096 -0.027200000286102297
v 0.1364117572784424 0.2904196548461914 -0.029200000762939455
v 0.13598041992187504 0.2909555530548096 -0.027200000286102297
v 0.18160000305175783 0.2909555530548096 -0.027200000286102297
v 0.18160000305175783 0.2909555530548096 -0.027200000286102297
v 0.13598041992187504 0.2909555530548096 -0.027200000286102297
v 0.18160000305175783 0.2909555530548096 0.027200000286102297
v 0.13598041992187504 0.2909555530548096 -0.027200000286102297
v 0.13598041992187504 0.2909555530548096 0.027200000286102297
v 0.18160000305175783 0.2909555530548096 0.027200000286102297
v 0.18160000305175783 0.2909555530548096 0.027200000286102297
v 0.13598041992187504 0.2909555530548096 0.027200000286102297
v 0.1810640953063965 0.2904196548461914 0.02919999837875366
v 0.13598041992187504 0.2909555530548096 0.027200000286102297
v 0.1364117572784424 0.2904196548461914 0.02919999837875366
v 0.1810640953063965 0.2904196548461914 0.02919999837875366
v 0.1810640953063965 0.2904196548461914 0.02919999837875366
v 0.1364117572784424 0.2904196548461914 0.02919999837875366
v 0.1795999954223633 0.2889555549621582 0.03066410303115845
v 0.1364117572784424 0.2904196548461914 0.02919999837875366
v 0.13759021263122562 0.2889555549621582 0.03066410303115845
v 0.1795999954223633 0.2889555549621582 0.03066410303115845
v 0.1795999954223633 0.2889555549621582 0.03066410303115845
v 0.13759021263122562 0.2889555549621582 0.03066410303115845
v 0.1776000068664551 0.2869555473327637 0.031200001239776613
v 0.13759021263122562 0.2889555549621582 0.03066410303115845
v 0.1392000053405762 0.2869555473327637 0.031200001239776613
v 0.1776000068664551 0.2869555473327637 0.031200001239776613
v 0.1392000053405762 0.2869555473327637 -0.031200001239776613
v 0.10559999923706057 0.13335555076599123 -0.031200001239776613
v 0.13759021263122562 0.2889555549621582 -0.030664100646972656
v 0.10559999923706057 0.13335555076599123 -0.031200001239776613
v 0.10559999923706057 0.136183979511261 -0.030664100646972656
v 0.13759021263122562 0.2889555549621582 -0.030664100646972656
v 0.13759021263122562 0.2889555549621582 -0.030664100646972656
v 0.10559999923706057 0.136183979511261 -0.030664100646972656
v 0.1364117572784424 0.2904196548461914 -0.029200000762939455
v 0.10559999923706057 0.136183979511261 -0.030664100646972656
v 0.10559999923706057 0.1382545304298401 -0.029200000762939455
v 0.1364117572784424 0.2904196548461914 -0.029200000762939455
v 0.1364117572784424 0.2904196548461914 -0.029200000762939455
v 0.10559999923706057 0.1382545304298401 -0.029200000762939455
v 0.13598041992187504 0.2909555530548096 -0.027200000286102297
v 0.10559999923706057 0.1382545304298401 -0.029200000762939455
v 0.10559999923706057 0.13901240587234498 -0.027200000286102297
v 0.13598041992187504 0.2909555530548096 -0.027200000286102297
v 0.13598041992187504 0.2909555530548096 -0.027200000286102297
v 0.10559999923706057 0.13901240587234498 -0.027200000286102297
v 0.13598041992187504 0.2909555530548096 0.027200000286102297
v 0.10559999923706057 0.13901240587234498 -0.027200000286102297
v 0.10559999923706057 0.13901240587234498 0.027200000286102297
v 0.13598041992187504 0.2909555530548096 0.027200000286102297
v 0.13598041992187504 0.2909555530548096 0.027200000286102297
v 0.10559999923706057 0.13901240587234498 0.027200000286102297
v 0.1364117572784424 0.2904196548461914 0.02919999837875366
v 0.10559999923706057 0.13901240587234498 0.027200000286102297
v 0.10559999923706057 0.1382545304298401 0.02919999837875366
v 0.1364117572784424 0.2904196548461914 0.02919999837875366
v 0.1364117572784424 0.2904196548461914 0.02919999837875366
v 0.10559999923706057 0.1382545304298401 0.02919999837875366
v 0.13759021263122562 0.2889555549621582 0.03066410303115845
v 0.10559999923706057 0.1382545304298401 0.02919999837875366
v 0.10559999923706057 0.136183979511261 0.03066410303115845
v 0.13759021263122562 0.2889555549621582 0.03066410303115845
v 0.13759021263122562 0.2889555549621582 0.03066410303115845
v 0.10559999923706057 0.136183979511261 0.03066410303115845
v 0.1392000053405762 0.2869555473327637 0.031200001239776613
v 0.10559999923706057 0.136183979511261 0.03066410303115845
v 0.10559999923706057 0.13335555076599123 0.031200001239776613
v 0.1392000053405762 0.2869555473327637 0.031200001239776613
v 0.10559999923706057 0.13335555076599123 -0.031200001239776613
v 0.0720000026702881 0.2869555473327637 -0.031200001239776613
v 0.10559999923706057 0.136183979511261 -0.030664100646972656
v 0.0720000026702881 0.2869555473327637 -0.031200001239776613
v 0.07360979537963869 0.2889555549621582 -0.030664100646972656
v 0.10559999923706057 0.136183979511261 -0.030664100646972656
v 0.10559999923706057 0.136183979511261 -0.030664100646972656
v 0.07360979537963869 0.2889555549621582 -0.030664100646972656
v 0.10559999923706057 0.1382545304298401 -0.029200000762939455
v 0.07360979537963869 0.2889555549621582 -0.030664100646972656
v 0.0747882459640503 0.2904196548461914 -0.029200000762939455
v 0.10559999923706057 0.1382545304298401 -0.029200000762939455
v 0.10559999923706057 0.1382545304298401 -0.029200000762939455
v 0.0747882459640503 0.2904196548461914 -0.029200000762939455
v 0.10559999923706057 0.13901240587234498 -0.027200000286102297
v 0.0747882459640503 0.2904196548461914 -0.029200000762939455
v 0.07521958808898926 0.2909555530548096 -0.027200000286102297
v 0.10559999923706057 0.13901240587234498 -0.027200000286102297
v 0.10559999923706057 0.13901240587234498 -0.027200000286102297
v 0.07521958808898926 0.2909555530548096 -0.027200000286102297
v 0.10559999923706057 0.13901240587234498 0.027200000286102297
v 0.07521958808898926 0.2909555530548096 -0.027200000286102297
v 0.07521958808898926 0.2909555530548096 0.027200000286102297
v 0.10559999923706057 0.13901240587234498 0.027200000286102297
v 0.10559999923706057 0.13901240587234498 0.027200000286102297
v 0.07521958808898926 0.2909555530548096 0.027200000286102297
v 0.10559999923706057 0.1382545304298401 0.02919999837875366
v 0.07521958808898926 0.2909555530548096 0.027200000286102297
v 0.0747882459640503 0.2904196548461914 0.02919999837875366
v 0.10559999923706057 0.1382545304298401 0.02919999837875366
v 0.10559999923706057 0.1382545304298401 0.02919999837875366
v 0.0747882459640503 0.2904196548461914 0.02919999837875366
v 0.10559999923706057 0.136183979511261 0.03066410303115845
v 0.0747882459640503 0.2904196548461914 0.02919999837875366
v 0.07360979537963869 0.2889555549621582 0.03066410303115845
v 0.10559999923706057 0.136183979511261 0.03066410303115845
v 0.10559999923706057 0.136183979511261 0.03066410303115845
v 0.07360979537963869 0.2889555549621582 0.03066410303115845
v 0.10559999923706057 0.13335555076599123 0.031200001239776613
v 0.07360979537963869 0.2889555549621582 0.03066410303115845
v 0.0720000026702881 0.2869555473327637 0.031200001239776613
v 0.10559999923706057 0.13335555076599123 0.031200001239776613
v 0.0720000026702881 0.2869555473327637 -0.031200001239776613
v 0.033600003528594984 0.2869555473327637 -0.031200001239776613
v 0.07360979537963869 0.2889555549621582 -0.030664100646972656
v 0.033600003528594984 0.2869555473327637 -0.031200001239776613
v 0.03160000305175782 0.2889555549621582 -0.030664100646972656
v 0.07360979537963869 0.2889555549621582 -0.030664100646972656
v 0.07360979537963869 0.2889555549621582 -0.030664100646972656
v 0.03160000305175782 0.2889555549621582 -0.030664100646972656
v 0.0747882459640503 0.2904196548461914 -0.029200000762939455
v 0.03160000305175782 0.2889555549621582 -0.030664100646972656
v 0.03013590078353883 0.2904196548461914 -0.029200000762939455
v 0.0747882459640503 0.2904196548461914 -0.029200000762939455
v 0.0747882459640503 0.2904196548461914 -0.029200000762939455
v 0.03013590078353883 0.2904196548461914 -0.029200000762939455
v 0.07521958808898926 0.2909555530548096 -0.027200000286102297
v 0.03013590078353883 0.2904196548461914 -0.029200000762939455
v 0.029600002574920667 0.2909555530548096 -0.027200000286102297
v 0.07521958808898926 0.2909555530548096 -0.027200000286102297
v 0.07521958808898926 0.2909555530548096 -0.027200000286102297
v 0.029600002574920667 0.2909555530548096 -0.027200000286102297
v 0.07521958808898926 0.2909555530548096 0.027200000286102297
v 0.029600002574920667 0.2909555530548096 -0.027200000286102297
v 0.029600002574920667 0.2909555530548096 0.027200000286102297
v 0.07521958808898926 0.2909555530548096 0.027200000286102297
v 0.07521958808898926 0.2909555530548096 0.027200000286102297
v 0.029600002574920667 0.2909555530548096 0.027200000286102297
v 0.0747882459640503 0.2904196548461914 0.02919999837875366
v 0.029600002574920667 0.2909555530548096 0.027200000286102297
v 0.03013590078353883 0.2904196548461914 0.02919999837875366
v 0.0747882459640503 0.2904196548461914 0.02919999837875366
v 0.0747882459640503 0.2904196548461914 0.02919999837875366
v 0.03013590078353883 0.2904196548461914 0.02919999837875366
v 0.07360979537963869 0.2889555549621582 0.03066410303115845
v 0.03013590078353883 0.2904196548461914 0.02919999837875366
v 0.03160000305175782 0.2889555549621582 0.03066410303115845
v 0.07360979537963869 0.2889555549621582 0.03066410303115845
v 0.07360979537963869 0.2889555549621582 0.03066410303115845
v 0.03160000305175782 0.2889555549621582 0.03066410303115845
v 0.0720000026702881 0.2869555473327637 0.031200001239776613
v 0.03160000305175782 0.2889555549621582 0.03066410303115845
v 0.033600003528594984 0.2869555473327637 0.031200001239776613
v 0.0720000026702881 0.2869555473327637 0.031200001239776613
v 0.033600003528594984 0.2869555473327637 -0.031200001239776613
v 0.033600003528594984 0.04695554733276368 -0.031200001239776613
v 0.03160000305175782 0.2889555549621582 -0.030664100646972656
v 0.033600003528594984 0.04695554733276368 -0.031200001239776613
v 0.03160000305175782 0.04627531051635743 -0.030664100646972656
v 0.03160000305175782 0.2889555549621582 -0.030664100646972656
v 0.03160000305175782 0.2889555549621582 -0.030664100646972656
v 0.03160000305175782 0.04627531051635743 -0.030664100646972656
v 0.03013590078353883 0.2904196548461914 -0.029200000762939455
v 0.03160000305175782 0.04627531051635743 -0.030664100646972656
v 0.03013590078353883 0.04577733039855958 -0.029200000762939455
v 0.03013590078353883 0.2904196548461914 -0.029200000762939455
v 0.03013590078353883 0.2904196548461914 -0.029200000762939455
v 0.03013590078353883 0.04577733039855958 -0.029200000762939455
v 0.029600002574920667 0.2909555530548096 -0.027200000286102297
v 0.03013590078353883 0.04577733039855958 -0.029200000762939455
v 0.029600002574920667 0.04559506416320802 -0.027200000286102297
v 0.029600002574920667 0.2909555530548096 -0.027200000286102297
v 0.029600002574920667 0.2909555530548096 -0.027200000286102297
v 0.029600002574920667 0.04559506416320802 -0.027200000286102297
v 0.029600002574920667 0.2909555530548096 0.027200000286102297
v 0.029600002574920667 0.04559506416320802 -0.027200000286102297
v 0.029600002574920667 0.04559506416320802 0.027200000286102297
v 0.029600002574920667 0.2909555530548096 0.027200000286102297
v 0.029600002574920667 0.2909555530548096 0.027200000286102297
v 0.029600002574920667 0.04559506416320802 0.027200000286102297
v 0.03013590078353883 0.2904196548461914 0.02919999837875366
v 0.029600002574920667 0.04559506416320802 0.027200000286102297
v 0.03013590078353883 0.04577733039855958 0.02919999837875366
v 0.03013590078353883 0.2904196548461914 0.02919999837875366
v 0.03013590078353883 0.2904196548461914 0.02919999837875366
v 0.03013590078353883 0.04577733039855958 0.02919999837875366
v 0.03160000305175782 0.2889555549621582 0.03066410303115845
v 0.03013590078353883 0.04577733039855958 0.02919999837875366
v 0.03160000305175782 0.04627531051635743 0.03066410303115845
v 0.03160000305175782 0.2889555549621582 0.03066410303115845
v 0.03160000305175782 0.2889555549621582 0.03066410303115845
v 0.03160000305175782 0.04627531051635743 0.03066410303115845
v 0.033600003528594984 0.2869555473327637 0.031200001239776613
v 0.03160000305175782 0.04627531051635743 0.03066410303115845
v 0.033600003528594984 0.04695554733276368 0.031200001239776613
v 0.033600003528594984 0.2869555473327637 0.031200001239776613
vt 0.20000000298023224 -0.7200000286102295
vt 0.20000000298023224 0.7799999713897705
vt 0.4399999976158142 0.7799999713897705
vt 0.4000000059604645 0.2199999988079071
vt 0.4000000059604645 -0.9800000190734863
vt 0.20000000298023224 -0.7200000286102295
vt 1.100000023841858 -0.7200000286102295
vt 0.8999999761581421 -0.9800000190734863
vt 0.8999999761581421 0.2199999988079071
vt 0.8600000143051147 0.7799999713897705
vt 1.100000023841858 0.7799999713897705
vt 1.100000023841858 -0.7200000286102295
vt 0.4000000059604645 0.2199999988079071
vt 0.20000000298023224 -0.7200000286102295
vt 0.4399999976158142 0.7799999713897705
vt 0.8600000143051147 0.7799999713897705
vt 1.100000023841858 -0.7200000286102295
vt 0.8999999761581421 0.2199999988079071
vt 0.4000000059604645 0.2199999988079071
vt 0.4399999976158142 0.7799999713897705
vt 0.6499999761581421 -0.18000000715255737
vt 0.8600000143051147 0.7799999713897705
vt 0.8999999761581421 0.2199999988079071
vt 0.6499999761581421 -0.7599999904632568
vt 0.6499999761581421 -0.7599999904632568
vt 0.4000000059604645 0.2199999988079071
vt 0.6499999761581421 -0.18000000715255737
vt 0.6499999761581421 -0.18000000715255737
vt 0.8600000143051147 0.7799999713897705
vt 0.6499999761581421 -0.7599999904632568
vt 0.4399999976158142 0.7799999713897705
vt 0.20000000298023224 0.7799999713897705
vt 0.20000000298023224 -0.7200000286102295
vt 0.20000000298023224 -0.7200000286102295
vt 0.4000000059604645 -0.9800000190734863
vt 0.4000000059604645 0.2199999988079071
vt 0.8999999761581421 0.2199999988079071
vt 0.8999999761581421 -0.9800000190734863
vt 1.100000023841858 -0.7200000286102295
vt 1.100000023841858 -0.7200000286102295
vt 1.100000023841858 0.7799999713897705
vt 0.8600000143051147 0.7799999713897705
vt 0.4399999976158142 0.7799999713897705
vt 0.20000000298023224 -0.7200000286102295
vt 0.4000000059604645 0.2199999988079071
vt 0.8999999761581421 0.2199999988079071
vt 1.100000023841858 -0.7200000286102295
vt 0.8600000143051147 0.7799999713897705
vt 0.6499999761581421 -0.18000000715255737
vt 0.4399999976158142 0.7799999713897705
vt 0.4000000059604645 0.2199999988079071
vt 0.6499999761581421 -0.7599999904632568
vt 0.8999999761581421 0.2199999988079071
vt 0.8600000143051147 0.7799999713897705
vt 0.6499999761581421 -0.18000000715255737
vt 0.4000000059604645 0.2199999988079071
vt 0.6499999761581421 -0.7599999904632568
vt 0.6499999761581421 -0.7599999904632568
vt 0.8600000143051147 0.7799999713897705
vt 0.6499999761581421 -0.18000000715255737
vt -0.7200000286102295 1.024999976158142
vt -0.9800000190734863 1.024999976158142
vt -0.7242515087127686 1.0216506719589233
vt -0.9800000190734863 1.024999976158142
vt -0.9967361092567444 1.0216506719589233
vt -0.7242515087127686 1.0216506719589233
vt -0.7242515087127686 1.0216506719589233
vt -0.9967361092567444 1.0216506719589233
vt -0.7273638844490051 1.0125000476837158
vt -0.9967361092567444 1.0216506719589233
vt -1.0089877843856812 1.0125000476837158
vt -0.7273638844490051 1.0125000476837158
vt -0.7273638844490051 1.0125000476837158
vt -1.0089877843856812 1.0125000476837158
vt -0.7285030484199524 1
vt -1.0089877843856812 1.0125000476837158
vt -1.0134721994400024 1
vt -0.7285030484199524 1
vt -0.7285030484199524 1
vt -1.0134721994400024 1
vt -0.7285030484199524 0.6600000262260437
vt -1.0134721994400024 1
vt -1.0134721994400024 0.6600000262260437
vt -0.7285030484199524 0.6600000262260437
vt -0.7285030484199524 0.6600000262260437
vt -1.0134721994400024 0.6600000262260437
vt -0.7273638844490051 0.6474999785423279
vt -1.0134721994400024 0.6600000262260437
vt -1.0089877843856812 0.6474999785423279
vt -0.7273638844490051 0.6474999785423279
vt -0.7273638844490051 0.6474999785423279
vt -1.0089877843856812 0.6474999785423279
vt -0.7242515087127686 0.6383493542671204
vt -1.0089877843856812 0.6474999785423279
vt -0.9967361092567444 0.6383493542671204
vt -0.7242515087127686 0.6383493542671204
vt -0.7242515087127686 0.6383493542671204
vt -0.9967361092567444 0.6383493542671204
vt -0.7200000286102295 0.6349999904632568
vt -0.9967361092567444 0.6383493542671204
vt -0.9800000190734863 0.6349999904632568
vt -0.7200000286102295 0.6349999904632568
vt -0.9800000190734863 1.024999976158142
vt 0.2199999988079071 1.024999976158142
vt -0.9967361092567444 1.0216506719589233
vt 0.2199999988079071 1.024999976158142
vt 0.20246000587940216 1.0216506719589233
vt -0.9967361092567444 1.0216506719589233
vt -0.9967361092567444 1.0216506719589233
vt 0.20246000587940216 1.0216506719589233
vt -1.0089877843856812 1.0125000476837158
vt 0.20246000587940216 1.0216506719589233
vt 0.18961983919143677 1.0125000476837158
vt -1.0089877843856812 1.0125000476837158
vt -1.0089877843856812 1.0125000476837158
vt 0.18961983919143677 1.0125000476837158
vt -1.0134721994400024 1
vt 0.18961983919143677 1.0125000476837158
vt 0.18492001295089722 1
vt -1.0134721994400024 1
vt -1.0134721994400024 1
vt 0.18492001295089722 1
vt -1.0134721994400024 0.6600000262260437
vt 0.18492001295089722 1
vt 0.18492001295089722 0.6600000262260437
vt -1.0134721994400024 0.6600000262260437
vt -1.0134721994400024 0.6600000262260437
vt 0.18492001295089722 0.6600000262260437
vt -1.0089877843856812 0.6474999785423279
vt 0.18492001295089722 0.6600000262260437
vt 0.18961983919143677 0.6474999785423279
vt -1.0089877843856812 0.6474999785423279
vt -1.0089877843856812 0.6474999785423279
vt 0.18961983919143677 0.6474999785423279
vt -0.9967361092567444 0.6383493542671204
vt 0.18961983919143677 0.6474999785423279
vt 0.20246000587940216 0.6383493542671204
vt -0.9967361092567444 0.6383493542671204
vt -0.9967361092567444 0.6383493542671204
vt 0.20246000587940216 0.6383493542671204
vt -0.9800000190734863 0.6349999904632568
vt 0.20246000587940216 0.6383493542671204
vt 0.2199999988079071 0.6349999904632568
vt -0.9800000190734863 0.6349999904632568
vt 0.2199999988079071 1.024999976158142
vt -0.7599999904632568 1.024999976158142
vt 0.20246000587940216 1.0216506719589233
vt -0.7599999904632568 1.024999976158142
vt -0.7776776552200317 1.0216506719589233
vt 0.20246000587940216 1.0216506719589233
vt 0.20246000587940216 1.0216506719589233
vt -0.7776776552200317 1.0216506719589233
vt 0.18961983919143677 1.0125000476837158
vt -0.7776776552200317 1.0216506719589233
vt -0.7906185984611511 1.0125000476837158
vt 0.18961983919143677 1.0125000476837158
vt 0.18961983919143677 1.0125000476837158
vt -0.7906185984611511 1.0125000476837158
vt 0.18492001295089722 1
vt -0.7906185984611511 1.0125000476837158
vt -0.7953553199768066 1
vt 0.18492001295089722 1
vt 0.18492001295089722 1
vt -0.7953553199768066 1
vt 0.18492001295089722 0.6600000262260437
vt -0.7953553199768066 1
vt -0.7953553199768066 0.6600000262260437
vt 0.18492001295089722 0.6600000262260437
vt 0.18492001295089722 0.6600000262260437
vt -0.7953553199768066 0.6600000262260437
vt 0.18961983919143677 0.6474999785423279
vt -0.7953553199768066 0.6600000262260437
vt -0.7906185984611511 0.6474999785423279
vt 0.18961983919143677 0.6474999785423279
vt 0.18961983919143677 0.6474999785423279
vt -0.7906185984611511 0.6474999785423279
vt 0.20246000587940216 0.6383493542671204
vt -0.7906185984611511 0.6474999785423279
vt -0.7776776552200317 0.6383493542671204
vt 0.20246000587940216 0.6383493542671204
vt 0.20246000587940216 0.6383493542671204
vt -0.7776776552200317 0.6383493542671204
vt 0.2199999988079071 0.6349999904632568
vt -0.7776776552200317 0.6383493542671204
vt -0.7599999904632568 0.6349999904632568
vt 0.2199999988079071 0.6349999904632568
vt -0.7599999904632568 1.024999976158142
vt 0.2199999988079071 1.024999976158142
vt -0.7776776552200317 1.0216506719589233
vt 0.2199999988079071 1.024999976158142
vt 0.20246000587940216 1.0216506719589233
vt -0.7776776552200317 1.0216506719589233
vt -0.7776776552200317 1.0216506719589233
vt 0.20246000587940216 1.0216506719589233
vt -0.7906185984611511 1.0125000476837158
vt 0.20246000587940216 1.0216506719589233
vt 0.18961983919143677 1.0125000476837158
vt -0.7906185984611511 1.0125000476837158
vt -0.7906185984611511 1.0125000476837158
vt 0.18961983919143677 1.0125000476837158
vt -0.7953553199768066 1
vt 0.18961983919143677 1.0125000476837158
vt 0.18492001295089722 1
vt -0.7953553199768066 1
vt -0.7953553199768066 1
vt 0.18492001295089722 1
vt -0.7953553199768066 0.6600000262260437
vt 0.18492001295089722 1
vt 0.18492001295089722 0.6600000262260437
vt -0.7953553199768066 0.6600000262260437
vt -0.7953553199768066 0.6600000262260437
vt 0.18492001295089722 0.6600000262260437
vt -0.7906185984611511 0.6474999785423279
vt 0.18492001295089722 0.6600000262260437
vt 0.18961983919143677 0.6474999785423279
vt -0.7906185984611511 0.6474999785423279
vt -0.7906185984611511 0.6474999785423279
vt 0.18961983919143677 0.6474999785423279
vt -0.7776776552200317 0.6383493542671204
vt 0.18961983919143677 0.6474999785423279
vt 0.20246000587940216 0.6383493542671204
vt -0.7776776552200317 0.6383493542671204
vt -0.7776776552200317 0.6383493542671204
vt 0.20246000587940216 0.6383493542671204
vt -0.7599999904632568 0.6349999904632568
vt 0.20246000587940216 0.6383493542671204
vt 0.2199999988079071 0.6349999904632568
vt -0.7599999904632568 0.6349999904632568
vt 0.2199999988079071 1.024999976158142
vt -0.9800000190734863 1.024999976158142
vt 0.20246000587940216 1.0216506719589233
vt -0.9800000190734863 1.024999976158142
vt -0.9967361092567444 1.0216506719589233
vt 0.20246000587940216 1.0216506719589233
vt 0.20246000587940216 1.0216506719589233
vt -0.9967361092567444 1.0216506719589233
vt 0.18961983919143677 1.0125000476837158
vt -0.9967361092567444 1.0216506719589233
vt -1.0089877843856812 1.0125000476837158
vt 0.18961983919143677 1.0125000476837158
vt 0.18961983919143677 1.0125000476837158
vt -1.0089877843856812 1.0125000476837158
vt 0.18492001295089722 1
vt -1.0089877843856812 1.0125000476837158
vt -1.0134721994400024 1
vt 0.18492001295089722 1
vt 0.18492001295089722 1
vt -1.0134721994400024 1
vt 0.18492001295089722 0.6600000262260437
vt -1.0134721994400024 1
vt -1.0134721994400024 0.6600000262260437
vt 0.18492001295089722 0.6600000262260437
vt 0.18492001295089722 0.6600000262260437
vt -1.0134721994400024 0.6600000262260437
vt 0.18961983919143677 0.6474999785423279
vt -1.0134721994400024 0.6600000262260437
vt -1.0089877843856812 0.6474999785423279
vt 0.18961983919143677 0.6474999785423279
vt 0.18961983919143677 0.6474999785423279
vt -1.0089877843856812 0.6474999785423279
vt 0.20246000587940216 0.6383493542671204
vt -1.0089877843856812 0.6474999785423279
vt -0.9967361092567444 0.6383493542671204
vt 0.20246000587940216 0.6383493542671204
vt 0.20246000587940216 0.6383493542671204
vt -0.9967361092567444 0.6383493542671204
vt 0.2199999988079071 0.6349999904632568
vt -0.9967361092567444 0.6383493542671204
vt -0.9800000190734863 0.6349999904632568
vt 0.2199999988079071 0.6349999904632568
vt -0.9800000190734863 1.024999976158142
vt -0.7200000286102295 1.024999976158142
vt -0.9967361092567444 1.0216506719589233
vt -0.7200000286102295 1.024999976158142
vt -0.7242515087127686 1.0216506719589233
vt -0.9967361092567444 1.0216506719589233
vt -0.9967361092567444 1.0216506719589233
vt -0.7242515087127686 1.0216506719589233
vt -1.0089877843856812 1.0125000476837158
vt -0.7242515087127686 1.0216506719589233
vt -0.7273638844490051 1.0125000476837158
vt -1.0089877843856812 1.0125000476837158
vt -1.0089877843856812 1.0125000476837158
vt -0.7273638844490051 1.0125000476837158
vt -1.0134721994400024 1
vt -0.7273638844490051 1.0125000476837158
vt -0.7285030484199524 1
vt -1.0134721994400024 1
vt -1.0134721994400024 1
vt -0.7285030484199524 1
vt -1.0134721994400024 0.6600000262260437
vt -0.7285030484199524 1
vt -0.7285030484199524 0.6600000262260437
vt -1.0134721994400024 0.6600000262260437
vt -1.0134721994400024 0.6600000262260437
vt -0.7285030484199524 0.6600000262260437
vt -1.0089877843856812 0.6474999785423279
vt -0.7285030484199524 0.6600000262260437
vt -0.7273638844490051 0.6474999785423279
vt -1.0089877843856812 0.6474999785423279
vt -1.0089877843856812 0.6474999785423279
vt -0.7273638844490051 0.6474999785423279
vt -0.9967361092567444 0.6383493542671204
vt -0.7273638844490051 0.6474999785423279
vt -0.7242515087127686 0.6383493542671204
vt -0.9967361092567444 0.6383493542671204
vt -0.9967361092567444 0.6383493542671204
vt -0.7242515087127686 0.6383493542671204
vt -0.9800000190734863 0.6349999904632568
vt -0.7242515087127686 0.6383493542671204
vt -0.7200000286102295 0.6349999904632568
vt -0.9800000190734863 0.6349999904632568
vt -0.7200000286102295 1.024999976158142
vt 0.7799999713897705 1.024999976158142
vt -0.7242515087127686 1.0216506719589233
vt 0.7799999713897705 1.024999976158142
vt 0.7925000190734863 1.0216506719589233
vt -0.7242515087127686 1.0216506719589233
vt -0.7242515087127686 1.0216506719589233
vt 0.7925000190734863 1.0216506719589233
vt -0.7273638844490051 1.0125000476837158
vt 0.7925000190734863 1.0216506719589233
vt 0.8016506433486938 1.0125000476837158
vt -0.7273638844490051 1.0125000476837158
vt -0.7273638844490051 1.0125000476837158
vt 0.8016506433486938 1.0125000476837158
vt -0.7285030484199524 1
vt 0.8016506433486938 1.0125000476837158
vt 0.8050000071525574 1
vt -0.7285030484199524 1
vt -0.7285030484199524 1
vt 0.8050000071525574 1
vt -0.7285030484199524 0.6600000262260437
vt 0.8050000071525574 1
vt 0.8050000071525574 0.6600000262260437
vt -0.7285030484199524 0.6600000262260437
vt -0.7285030484199524 0.6600000262260437
vt 0.8050000071525574 0.6600000262260437
vt -0.7273638844490051 0.6474999785423279
vt 0.8050000071525574 0.6600000262260437
vt 0.8016506433486938 0.6474999785423279
vt -0.7273638844490051 0.6474999785423279
vt -0.7273638844490051 0.6474999785423279
vt 0.8016506433486938 0.6474999785423279
vt -0.7242515087127686 0.6383493542671204
vt 0.8016506433486938 0.6474999785423279
vt 0.7925000190734863 0.6383493542671204
vt -0.7242515087127686 0.6383493542671204
vt -0.7242515087127686 0.6383493542671204
vt 0.7925000190734863 0.6383493542671204
vt -0.7200000286102295 0.6349999904632568
vt 0.7925000190734863 0.6383493542671204
vt 0.7799999713897705 0.6349999904632568
vt -0.7200000286102295 0.6349999904632568
vt 1.100000023841858 1.024999976158142
vt 0.8600000143051147 1.024999976158142
vt 1.1124999523162842 1.0216506719589233
vt 0.8600000143051147 1.024999976158142
vt 0.8499388098716736 1.0216506719589233
vt 1.1124999523162842 1.0216506719589233
vt 1.1124999523162842 1.0216506719589233
vt 0.8499388098716736 1.0216506719589233
vt 1.1216505765914917 1.0125000476837158
vt 0.8499388098716736 1.0216506719589233
vt 0.8425734639167786 1.0125000476837158
vt 1.1216505765914917 1.0125000476837158
vt 1.1216505765914917 1.0125000476837158
vt 0.8425734639167786 1.0125000476837158
vt 1.125 1
vt 0.8425734639167786 1.0125000476837158
vt 0.8398776054382324 1
vt 1.125 1
vt 1.125 1
vt 0.8398776054382324 1
vt 1.125 0.6600000262260437
vt 0.8398776054382324 1
vt 0.8398776054382324 0.6600000262260437
vt 1.125 0.6600000262260437
vt 1.125 0.6600000262260437
vt 0.8398776054382324 0.6600000262260437
vt 1.1216505765914917 0.6474999785423279
vt 0.8398776054382324 0.6600000262260437
vt 0.8425734639167786 0.6474999785423279
vt 1.1216505765914917 0.6474999785423279
vt 1.1216505765914917 0.6474999785423279
vt 0.8425734639167786 0.6474999785423279
vt 1.1124999523162842 0.6383493542671204
vt 0.8425734639167786 0.6474999785423279
vt 0.8499388098716736 0.6383493542671204
vt 1.1124999523162842 0.6383493542671204
vt 1.1124999523162842 0.6383493542671204
vt 0.8499388098716736 0.6383493542671204
vt 1.100000023841858 0.6349999904632568
vt 0.8499388098716736 0.6383493542671204
vt 0.8600000143051147 0.6349999904632568
vt 1.100000023841858 0.6349999904632568
vt 0.7799999713897705 1.024999976158142
vt -0.18000000715255737 1.024999976158142
vt 0.7925000190734863 1.0216506719589233
vt -0.18000000715255737 1.024999976158142
vt -0.16232232749462128 1.0216506719589233
vt 0.7925000190734863 1.0216506719589233
vt 0.7925000190734863 1.0216506719589233
vt -0.16232232749462128 1.0216506719589233
vt 0.8016506433486938 1.0125000476837158
vt -0.16232232749462128 1.0216506719589233
vt -0.1493813842535019 1.0125000476837158
vt 0.8016506433486938 1.0125000476837158
vt 0.8016506433486938 1.0125000476837158
vt -0.1493813842535019 1.0125000476837158
vt 0.8050000071525574 1
vt -0.1493813842535019 1.0125000476837158
vt -0.14464466273784637 1
vt 0.8050000071525574 1
vt 0.8050000071525574 1
vt -0.14464466273784637 1
vt 0.8050000071525574 0.6600000262260437
vt -0.14464466273784637 1
vt -0.14464466273784637 0.6600000262260437
vt 0.8050000071525574 0.6600000262260437
vt 0.8050000071525574 0.6600000262260437
vt -0.14464466273784637 0.6600000262260437
vt 0.8016506433486938 0.6474999785423279
vt -0.14464466273784637 0.6600000262260437
vt -0.1493813842535019 0.6474999785423279
vt 0.8016506433486938 0.6474999785423279
vt 0.8016506433486938 0.6474999785423279
vt -0.1493813842535019 0.6474999785423279
vt 0.7925000190734863 0.6383493542671204
vt -0.1493813842535019 0.6474999785423279
vt -0.16232232749462128 0.6383493542671204
vt 0.7925000190734863 0.6383493542671204
vt 0.7925000190734863 0.6383493542671204
vt -0.16232232749462128 0.6383493542671204
vt 0.7799999713897705 0.6349999904632568
vt -0.16232232749462128 0.6383493542671204
vt -0.18000000715255737 0.6349999904632568
vt 0.7799999713897705 0.6349999904632568
vt -0.18000000715255737 1.024999976158142
vt 0.7799999713897705 1.024999976158142
vt -0.16232232749462128 1.0216506719589233
vt 0.7799999713897705 1.024999976158142
vt 0.7925000190734863 1.0216506719589233
vt -0.16232232749462128 1.0216506719589233
vt -0.16232232749462128 1.0216506719589233
vt 0.7925000190734863 1.0216506719589233
vt -0.1493813842535019 1.0125000476837158
vt 0.7925000190734863 1.0216506719589233
vt 0.8016506433486938 1.0125000476837158
vt -0.1493813842535019 1.0125000476837158
vt -0.1493813842535019 1.0125000476837158
vt 0.8016506433486938 1.0125000476837158
vt -0.14464466273784637 1
vt 0.8016506433486938 1.0125000476837158
vt 0.8050000071525574 1
vt -0.14464466273784637 1
vt -0.14464466273784637 1
vt 0.8050000071525574 1
vt -0.14464466273784637 0.6600000262260437
vt 0.8050000071525574 1
vt 0.8050000071525574 0.6600000262260437
vt -0.14464466273784637 0.6600000262260437
vt -0.14464466273784637 0.6600000262260437
vt 0.8050000071525574 0.6600000262260437
vt -0.1493813842535019 0.6474999785423279
vt 0.8050000071525574 0.6600000262260437
vt 0.8016506433486938 0.6474999785423279
vt -0.1493813842535019 0.6474999785423279
vt -0.1493813842535019 0.6474999785423279
vt 0.8016506433486938 0.6474999785423279
vt -0.16232232749462128 0.6383493542671204
vt 0.8016506433486938 0.6474999785423279
vt 0.7925000190734863 0.6383493542671204
vt -0.16232232749462128 0.6383493542671204
vt -0.16232232749462128 0.6383493542671204
vt 0.7925000190734863 0.6383493542671204
vt -0.18000000715255737 0.6349999904632568
vt 0.7925000190734863 0.6383493542671204
vt 0.7799999713897705 0.6349999904632568
vt -0.18000000715255737 0.6349999904632568
vt 0.4399999976158142 1.024999976158142
vt 0.20000000298023224 1.024999976158142
vt 0.45006120204925537 1.0216506719589233
vt 0.20000000298023224 1.024999976158142
vt 0.1875 1.0216506719589233
vt 0.45006120204925537 1.0216506719589233
vt 0.45006120204925537 1.0216506719589233
vt 0.1875 1.0216506719589233
vt 0.457426518201828 1.0125000476837158
vt 0.1875 1.0216506719589233
vt 0.1783493608236313 1.0125000476837158
vt 0.457426518201828 1.0125000476837158
vt 0.457426518201828 1.0125000476837158
vt 0.1783493608236313 1.0125000476837158
vt 0.46012240648269653 1
vt 0.1783493608236313 1.0125000476837158
vt 0.17499999701976776 1
vt 0.46012240648269653 1
vt 0.46012240648269653 1
vt 0.17499999701976776 1
vt 0.46012240648269653 0.6600000262260437
vt 0.17499999701976776 1
vt 0.17499999701976776 0.6600000262260437
vt 0.46012240648269653 0.6600000262260437
vt 0.46012240648269653 0.6600000262260437
vt 0.17499999701976776 0.6600000262260437
vt 0.457426518201828 0.6474999785423279
vt 0.17499999701976776 0.6600000262260437
vt 0.1783493608236313 0.6474999785423279
vt 0.457426518201828 0.6474999785423279
vt 0.457426518201828 0.6474999785423279
vt 0.1783493608236313 0.6474999785423279
vt 0.45006120204925537 0.6383493542671204
vt 0.1783493608236313 0.6474999785423279
vt 0.1875 0.6383493542671204
vt 0.45006120204925537 0.6383493542671204
vt 0.45006120204925537 0.6383493542671204
vt 0.1875 0.6383493542671204
vt 0.4399999976158142 0.6349999904632568
vt 0.1875 0.6383493542671204
vt 0.20000000298023224 0.6349999904632568
vt 0.4399999976158142 0.6349999904632568
vt 0.7799999713897705 1.024999976158142
vt -0.7200000286102295 1.024999976158142
vt 0.7925000190734863 1.0216506719589233
vt -0.7200000286102295 1.024999976158142
vt -0.7242515087127686 1.0216506719589233
vt 0.7925000190734863 1.0216506719589233
vt 0.7925000190734863 1.0216506719589233
vt -0.7242515087127686 1.0216506719589233
vt 0.8016506433486938 1.0125000476837158
vt -0.7242515087127686 1.0216506719589233
vt -0.7273638844490051 1.0125000476837158
vt 0.8016506433486938 1.0125000476837158
vt 0.8016506433486938 1.0125000476837158
vt -0.7273638844490051 1.0125000476837158
vt 0.8050000071525574 1
vt -0.7273638844490051 1.0125000476837158
vt -0.7285030484199524 1
vt 0.8050000071525574 1
vt 0.8050000071525574 1
vt -0.7285030484199524 1
vt 0.8050000071525574 0.6600000262260437
vt -0.7285030484199524 1
vt -0.7285030484199524 0.6600000262260437
vt 0.8050000071525574 0.6600000262260437
vt 0.8050000071525574 0.6600000262260437
vt -0.7285030484199524 0.6600000262260437
vt 0.8016506433486938 0.6474999785423279
vt -0.7285030484199524 0.6600000262260437
vt -0.7273638844490051 0.6474999785423279
vt 0.8016506433486938 0.6474999785423279
vt 0.8016506433486938 0.6474999785423279
vt -0.7273638844490051 0.6474999785423279
vt 0.7925000190734863 0.6383493542671204
vt -0.7273638844490051 0.6474999785423279
vt -0.7242515087127686 0.6383493542671204
vt 0.7925000190734863 0.6383493542671204
vt 0.7925000190734863 0.6383493542671204
vt -0.7242515087127686 0.6383493542671204
vt 0.7799999713897705 0.6349999904632568
vt -0.7242515087127686 0.6383493542671204
vt -0.7200000286102295 0.6349999904632568
vt 0.7799999713897705 0.6349999904632568
vn 0 0 -1
vn 0 0 -1
vn 0 0 -1
vn 0 0 -1
vn 0 0 -1
vn 0 0 -1
vn 0 0 -1
vn 0 0 -1
vn 0 0 -1
vn 0 0 -1
vn 0 0 -1
vn 0 0 -1
vn 0 0 -1
vn 0 0 -1
vn 0 0 -1
vn 0 0 -1
vn 0 0 -1
vn 0 0 -1
vn 0 0 -1
vn 0 0 -1
vn 0 0 -1
vn 0 0 -1
vn 0 0 -1
vn 0 0 -1
vn 0 0 -1
vn 0 0 -1
vn 0 0 -1
vn 0 0 -1
vn 0 0 -1
vn 0 0 -1
vn 0 0 1
vn 0 0 1
vn 0 0 1
vn 0 0 1
vn 0 0 1
vn 0 0 1
vn 0 0 1
vn 0 0 1
vn 0 0 1
vn 0 0 1
vn 0 0 1
vn 0 0 1
vn 0 0 1
vn 0 0 1
vn 0 0 1
vn 0 0 1
vn 0 0 1
vn 0 0 1
vn 0 0 1
vn 0 0 1
vn 0 0 1
vn 0 0 1
vn 0 0 1
vn 0 0 1
vn 0 0 1
vn 0 0 1
vn 0 0 1
vn 0 0 1
vn 0 0 1
vn 0 0 1
vn -0.20514659418642048 -0.15780508391352427 -0.9659256857464541
vn -0.20514659418642048 -0.15780508391352427 -0.9659256857464541
vn -0.20514659418642048 -0.15780508391352427 -0.9659256857464541
vn -0.3796251352991976 -0.3039852330133578 -0.8737721297677561
vn -0.3796251352991976 -0.3039852330133578 -0.8737721297677561
vn -0.3796251352991976 -0.3039852330133578 -0.8737721297677561
vn -0.5538406491636813 -0.4434884882348836 -0.7046832594414953
vn -0.5538406491636813 -0.4434884882348836 -0.7046832594414953
vn -0.5538406491636813 -0.4434884882348836 -0.7046832594414953
vn -0.6913636290507638 -0.5683381527638661 -0.4461032128764758
vn -0.6913636290507638 -0.5683381527638661 -0.4461032128764758
vn -0.6913636290507638 -0.5683381527638661 -0.4461032128764758
vn -0.7467409512179557 -0.6138613338993656 -0.2560316670206912
vn -0.7467409512179557 -0.6138613338993656 -0.2560316670206912
vn -0.7467409512179557 -0.6138613338993656 -0.2560316670206912
vn -0.7627344381593725 -0.632695516830331 -0.13391250811073138
vn -0.7627344381593725 -0.632695516830331 -0.13391250811073138
vn -0.7627344381593725 -0.632695516830331 -0.13391250811073138
vn -0.7696666831268735 -0.6384459232264524 0
vn -0.7696666831268735 -0.6384459232264524 0
vn -0.7696666831268735 -0.6384459232264524 0
vn -0.7696666831268735 -0.6384459232264524 0
vn -0.7696666831268735 -0.6384459232264524 0
vn -0.7696666831268735 -0.6384459232264524 0
vn -0.7440942643984862 -0.6172333457701006 0.2556300501872249
vn -0.7440942643984862 -0.6172333457701006 0.2556300501872249
vn -0.7440942643984862 -0.6172333457701006 0.2556300501872249
vn -0.7656902706606308 -0.629438641625649 0.1323835557919025
vn -0.7656902706606308 -0.629438641625649 0.1323835557919025
vn -0.7656902706606308 -0.629438641625649 0.1323835557919025
vn -0.5493883937418275 -0.4516268845939425 0.7029975461790352
vn -0.5493883937418275 -0.4516268845939425 0.7029975461790352
vn -0.5493883937418275 -0.4516268845939425 0.7029975461790352
vn -0.7033268786977868 -0.5631896835557644 0.4337610886623959
vn -0.7033268786977868 -0.5631896835557644 0.4337610886623959
vn -0.7033268786977868 -0.5631896835557644 0.4337610886623959
vn -0.20332409485543898 -0.16281196510320328 0.9654799720711196
vn -0.20332409485543898 -0.16281196510320328 0.9654799720711196
vn -0.20332409485543898 -0.16281196510320328 0.9654799720711196
vn -0.4019602127945187 -0.3092001889054403 0.8618719339385783
vn -0.4019602127945187 -0.3092001889054403 0.8618719339385783
vn -0.4019602127945187 -0.3092001889054403 0.8618719339385783
vn 0.5071272358746627 0 -0.8618712007220827
vn 0.5071272358746627 0 -0.8618712007220827
vn 0.5071272358746627 0 -0.8618712007220827
vn 0.8414318477705994 0.0024490356201268206 -0.5403577035463512
vn 0.8414318477705994 0.0024490356201268206 -0.5403577035463512
vn 0.8414318477705994 0.0024490356201268206 -0.5403577035463512
vn 0.9114093694078309 0.002652708881521704 -0.4114923140123153
vn 0.9114093694078309 0.002652708881521704 -0.4114923140123153
vn 0.9114093694078309 0.002652708881521704 -0.4114923140123153
vn 0.9859926711659002 0.004973062319674968 -0.16671448964711483
vn 0.9859926711659002 0.004973062319674968 -0.16671448964711483
vn 0.9859926711659002 0.004973062319674968 -0.16671448964711483
vn 0.9928396109007683 0.005007596102204562 -0.11935003564175409
vn 0.9928396109007683 0.005007596102204562 -0.11935003564175409
vn 0.9928396109007683 0.005007596102204562 -0.11935003564175409
vn 0.9989716910948001 0.0058190542646883335 -0.0449633072477986
vn 0.9989716910948001 0.0058190542646883335 -0.0449633072477986
vn 0.9989716910948001 0.0058190542646883335 -0.0449633072477986
vn 0.9999830348635871 0.005824945064981316 0
vn 0.9999830348635871 0.005824945064981316 0
vn 0.9999830348635871 0.005824945064981316 0
vn 0.9999830348635871 0.005824945064981316 0
vn 0.9999830348635871 0.005824945064981316 0
vn 0.9999830348635871 0.005824945064981316 0
vn 0.9928683810905085 0.005783502112875604 0.1190753078266996
vn 0.9928683810905085 0.005783502112875604 0.1190753078266996
vn 0.9928683810905085 0.005783502112875604 0.1190753078266996
vn 0.9989626975568829 0.005038479328883392 0.0452564096667855
vn 0.9989626975568829 0.005038479328883392 0.0452564096667855
vn 0.9989626975568829 0.005038479328883392 0.0452564096667855
vn 0.9123779730787627 0.004601771576211437 0.40932292623190464
vn 0.9123779730787627 0.004601771576211437 0.40932292623190464
vn 0.9123779730787627 0.004601771576211437 0.40932292623190464
vn 0.9855117841382272 0.002868388326469958 0.16958271041912493
vn 0.9855117841382272 0.002868388326469958 0.16958271041912493
vn 0.9855117841382272 0.002868388326469958 0.16958271041912493
vn 0.5103670909197556 0.0014854525083473858 0.8599553627584118
vn 0.5103670909197556 0.0014854525083473858 0.8599553627584118
vn 0.5103670909197556 0.0014854525083473858 0.8599553627584118
vn 0.8355950766814737 0 0.5493458544721005
vn 0.8355950766814737 0 0.5493458544721005
vn 0.8355950766814737 0 0.5493458544721005
vn -0.8096631305297624 -0.20654668260797523 -0.5493487807981238
vn -0.8096631305297624 -0.20654668260797523 -0.5493487807981238
vn -0.8096631305297624 -0.20654668260797523 -0.5493487807981238
vn -0.5929281216718951 -0.1499038364243256 -0.7911795512751245
vn -0.5929281216718951 -0.1499038364243256 -0.7911795512751245
vn -0.5929281216718951 -0.1499038364243256 -0.7911795512751245
vn -0.9552818198090846 -0.24151397402108057 -0.17060962779042765
vn -0.9552818198090846 -0.24151397402108057 -0.17060962779042765
vn -0.9552818198090846 -0.24151397402108057 -0.17060962779042765
vn -0.9169961854529932 -0.23030279688333663 -0.3256971255819925
vn -0.9169961854529932 -0.23030279688333663 -0.3256971255819925
vn -0.9169961854529932 -0.23030279688333663 -0.3256971255819925
vn -0.9688637888828693 -0.2433292725823096 -0.04575831832678313
vn -0.9688637888828693 -0.2433292725823096 -0.04575831832678313
vn -0.9688637888828693 -0.2433292725823096 -0.04575831832678313
vn -0.9659322757735986 -0.24200255323878847 -0.0917038867482963
vn -0.9659322757735986 -0.24200255323878847 -0.0917038867482963
vn -0.9659322757735986 -0.24200255323878847 -0.0917038867482963
vn -0.9700196289017886 -0.24302658197250004 0
vn -0.9700196289017886 -0.24302658197250004 0
vn -0.9700196289017886 -0.24302658197250004 0
vn -0.9700196289017886 -0.24302658197250004 0
vn -0.9700196289017886 -0.24302658197250004 0
vn -0.9700196289017886 -0.24302658197250004 0
vn -0.9690131323257832 -0.24277440647878842 0.045542693585757514
vn -0.9690131323257832 -0.24277440647878842 0.045542693585757514
vn -0.9690131323257832 -0.24277440647878842 0.045542693585757514
vn -0.9657742573453388 -0.24255337304183464 0.09191270355662548
vn -0.9657742573453388 -0.24255337304183464 0.09191270355662548
vn -0.9657742573453388 -0.24255337304183464 0.09191270355662548
vn -0.9560122157707768 -0.24010162718086608 0.16849881875594944
vn -0.9560122157707768 -0.24010162718086608 0.16849881875594944
vn -0.9560122157707768 -0.24010162718086608 0.16849881875594944
vn -0.9160242247610961 -0.23158885960590758 0.32751522064977046
vn -0.9160242247610961 -0.23158885960590758 0.32751522064977046
vn -0.9160242247610961 -0.23158885960590758 0.32751522064977046
vn -0.8142763484502166 -0.20586501335634524 0.5427463722867002
vn -0.8142763484502166 -0.20586501335634524 0.5427463722867002
vn -0.8142763484502166 -0.20586501335634524 0.5427463722867002
vn -0.5894716571565486 -0.150375400848433 0.793668951281821
vn -0.5894716571565486 -0.150375400848433 0.793668951281821
vn -0.5894716571565486 -0.150375400848433 0.793668951281821
vn 0.5894718230039353 -0.15037547204644697 -0.7936688146142732
vn 0.5894718230039353 -0.15037547204644697 -0.7936688146142732
vn 0.5894718230039353 -0.15037547204644697 -0.7936688146142732
vn 0.814276413724558 -0.2058650594932398 -0.5427462568564773
vn 0.814276413724558 -0.2058650594932398 -0.5427462568564773
vn 0.814276413724558 -0.2058650594932398 -0.5427462568564773
vn 0.9160239928574416 -0.23158884635184804 -0.3275158786302273
vn 0.9160239928574416 -0.23158884635184804 -0.3275158786302273
vn 0.9160239928574416 -0.23158884635184804 -0.3275158786302273
vn 0.9560116332429283 -0.24010152619942818 -0.16850226770252738
vn 0.9560116332429283 -0.24010152619942818 -0.16850226770252738
vn 0.9560116332429283 -0.24010152619942818 -0.16850226770252738
vn 0.9657742528257498 -0.24255341661022803 -0.09191263607126995
vn 0.9657742528257498 -0.24255341661022803 -0.09191263607126995
vn 0.9657742528257498 -0.24255341661022803 -0.09191263607126995
vn 0.9690132251825222 -0.24277447441433983 -0.04554035566624005
vn 0.9690132251825222 -0.24277447441433983 -0.04554035566624005
vn 0.9690132251825222 -0.24277447441433983 -0.04554035566624005
vn 0.9700196253889807 -0.24302659599356985 0
vn 0.9700196253889807 -0.24302659599356985 0
vn 0.9700196253889807 -0.24302659599356985 0
vn 0.9700196253889807 -0.24302659599356985 0
vn 0.9700196253889807 -0.24302659599356985 0
vn 0.9700196253889807 -0.24302659599356985 0
vn 0.9659322589075006 -0.2420025788155159 0.09170399690576903
vn 0.9659322589075006 -0.2420025788155159 0.09170399690576903
vn 0.9659322589075006 -0.2420025788155159 0.09170399690576903
vn 0.968863867036707 -0.2433293815490532 0.045756084028609825
vn 0.968863867036707 -0.2433293815490532 0.045756084028609825
vn 0.968863867036707 -0.2433293815490532 0.045756084028609825
vn 0.9169963641399552 -0.23030288625841502 0.32569655929276636
vn 0.9169963641399552 -0.23030288625841502 0.32569655929276636
vn 0.9169963641399552 -0.23030288625841502 0.32569655929276636
vn 0.9552813643757896 -0.24151387495620663 0.17061231807805616
vn 0.9552813643757896 -0.24151387495620663 0.17061231807805616
vn 0.9552813643757896 -0.24151387495620663 0.17061231807805616
vn 0.5929278205509715 -0.14990379093768322 0.7911797855602646
vn 0.5929278205509715 -0.14990379093768322 0.7911797855602646
vn 0.5929278205509715 -0.14990379093768322 0.7911797855602646
vn 0.8096629388730163 -0.20654666443058714 0.5493490701076217
vn 0.8096629388730163 -0.20654666443058714 0.5493490701076217
vn 0.8096629388730163 -0.20654666443058714 0.5493490701076217
vn -0.8355952400855042 0 -0.5493456059225817
vn -0.8355952400855042 0 -0.5493456059225817
vn -0.8355952400855042 0 -0.5493456059225817
vn -0.5103672754768679 0.0014854531071398418 -0.8599552532262277
vn -0.5103672754768679 0.0014854531071398418 -0.8599552532262277
vn -0.5103672754768679 0.0014854531071398418 -0.8599552532262277
vn -0.9855122610557563 0.002868389723687744 -0.1695799388169599
vn -0.9855122610557563 0.002868389723687744 -0.1695799388169599
vn -0.9855122610557563 0.002868389723687744 -0.1695799388169599
vn -0.9123776559343992 0.0046017924345278585 -0.40932363290926693
vn -0.9123776559343992 0.0046017924345278585 -0.40932363290926693
vn -0.9123776559343992 0.0046017924345278585 -0.40932363290926693
vn -0.9989625920897006 0.005038504078243115 -0.045258734870521455
vn -0.9989625920897006 0.005038504078243115 -0.045258734870521455
vn -0.9989625920897006 0.005038504078243115 -0.045258734870521455
vn -0.992868673493142 0.0057834792627320525 -0.11907287081273468
vn -0.992868673493142 0.0057834792627320525 -0.11907287081273468
vn -0.992868673493142 0.0057834792627320525 -0.11907287081273468
vn -0.9999830350073443 0.00582492038576993 0
vn -0.9999830350073443 0.00582492038576993 0
vn -0.9999830350073443 0.00582492038576993 0
vn -0.9999830350073443 0.00582492038576993 0
vn -0.9999830350073443 0.00582492038576993 0
vn -0.9999830350073443 0.00582492038576993 0
vn -0.9989715818970925 0.005819028711635428 0.04496573658769148
vn -0.9989715818970925 0.005819028711635428 0.04496573658769148
vn -0.9989715818970925 0.005819028711635428 0.04496573658769148
vn -0.99283987814584 0.005007622324629283 0.11934781138339903
vn -0.99283987814584 0.005007622324629283 0.11934781138339903
vn -0.99283987814584 0.005007622324629283 0.11934781138339903
vn -0.9859932632226199 0.004973090239229098 0.16671098719965008
vn -0.9859932632226199 0.004973090239229098 0.16671098719965008
vn -0.9859932632226199 0.004973090239229098 0.16671098719965008
vn -0.9114096992949348 0.0026527101384165672 0.41149158334045977
vn -0.9114096992949348 0.0026527101384165672 0.41149158334045977
vn -0.9114096992949348 0.0026527101384165672 0.41149158334045977
vn -0.8414317316612491 0.0024490351634880846 0.5403578843510286
vn -0.8414317316612491 0.0024490351634880846 0.5403578843510286
vn -0.8414317316612491 0.0024490351634880846 0.5403578843510286
vn -0.5071269806163846 0 0.8618713509166603
vn -0.5071269806163846 0 0.8618713509166603
vn -0.5071269806163846 0 0.8618713509166603
vn 0.4019602473188944 -0.30920028194475546 -0.8618718844588312
vn 0.4019602473188944 -0.30920028194475546 -0.8618718844588312
vn 0.4019602473188944 -0.30920028194475546 -0.8618718844588312
vn 0.2033250960197667 -0.16281275709606116 -0.9654796276749353
vn 0.2033250960197667 -0.16281275709606116 -0.9654796276749353
vn 0.2033250960197667 -0.16281275709606116 -0.9654796276749353
vn 0.7033266344490943 -0.5631894404687168 -0.43376180032253153
vn 0.7033266344490943 -0.5631894404687168 -0.43376180032253153
vn 0.7033266344490943 -0.5631894404687168 -0.43376180032253153
vn 0.5493881631070132 -0.45162659296939445 -0.702997913767003
vn 0.5493881631070132 -0.45162659296939445 -0.702997913767003
vn 0.5493881631070132 -0.45162659296939445 -0.702997913767003
vn 0.7656901413709297 -0.6294384545250742 -0.13238519317677308
vn 0.7656901413709297 -0.6294384545250742 -0.13238519317677308
vn 0.7656901413709297 -0.6294384545250742 -0.13238519317677308
vn 0.7440936551882633 -0.6172327984088197 -0.2556331451063948
vn 0.7440936551882633 -0.6172327984088197 -0.2556331451063948
vn 0.7440936551882633 -0.6172327984088197 -0.2556331451063948
vn 0.7696667074225119 -0.6384458939372931 0
vn 0.7696667074225119 -0.6384458939372931 0
vn 0.7696667074225119 -0.6384458939372931 0
vn 0.7696667074225119 -0.6384458939372931 0
vn 0.7696667074225119 -0.6384458939372931 0
vn 0.7696667074225119 -0.6384458939372931 0
vn 0.7627342548473063 -0.6326953342851523 0.1339144146696839
vn 0.7627342548473063 -0.6326953342851523 0.1339144146696839
vn 0.7627342548473063 -0.6326953342851523 0.1339144146696839
vn 0.74674028366635 -0.6138606684654091 0.25603520941679114
vn 0.74674028366635 -0.6138606684654091 0.25603520941679114
vn 0.74674028366635 -0.6138606684654091 0.25603520941679114
vn 0.6913639978051558 -0.5683384003290463 0.4461023259861946
vn 0.6913639978051558 -0.5683384003290463 0.4461023259861946
vn 0.6913639978051558 -0.5683384003290463 0.4461023259861946
vn 0.5538416411993282 -0.4434891864800162 0.7046820403195531
vn 0.5538416411993282 -0.4434891864800162 0.7046820403195531
vn 0.5538416411993282 -0.4434891864800162 0.7046820403195531
vn 0.37962508170927994 -0.30398508881804515 0.8737722032163232
vn 0.37962508170927994 -0.30398508881804515 0.8737722032163232
vn 0.37962508170927994 -0.30398508881804515 0.8737722032163232
vn 0.20514738902273716 -0.1578057285671283 0.9659254116175593
vn 0.20514738902273716 -0.1578057285671283 0.9659254116175593
vn 0.20514738902273716 -0.1578057285671283 0.9659254116175593
vn 0.2588204712185377 0 -0.9659254441613051
vn 0.2588204712185377 0 -0.9659254441613051
vn 0.2588204712185377 0 -0.9659254441613051
vn 0.2588204712185377 0 -0.9659254441613051
vn 0.2588204712185377 0 -0.9659254441613051
vn 0.2588204712185377 0 -0.9659254441613051
vn 0.7071071686166227 0 -0.70710639375626
vn 0.7071071686166227 0 -0.70710639375626
vn 0.7071071686166227 0 -0.70710639375626
vn 0.7071071686166227 0 -0.70710639375626
vn 0.7071071686166227 0 -0.70710639375626
vn 0.7071071686166227 0 -0.70710639375626
vn 0.9659246918926824 0 -0.25882327869035787
vn 0.9659246918926824 0 -0.25882327869035787
vn 0.9659246918926824 0 -0.25882327869035787
vn 0.9659246918926824 0 -0.25882327869035787
vn 0.9659246918926824 0 -0.25882327869035787
vn 0.9659246918926824 0 -0.25882327869035787
vn 1 0 0
vn 1 0 0
vn 1 0 0
vn 1 0 0
vn 1 0 0
vn 1 0 0
vn 0.9659246357449179 0 0.25882348823290263
vn 0.9659246357449179 0 0.25882348823290263
vn 0.9659246357449179 0 0.25882348823290263
vn 0.9659246282942182 0 0.25882351603877957
vn 0.9659246282942182 0 0.25882351603877957
vn 0.9659246282942182 0 0.25882351603877957
vn 0.7071079434761364 0 0.7071056188950483
vn 0.7071079434761364 0 0.7071056188950483
vn 0.7071079434761364 0 0.7071056188950483
vn 0.7071079136739108 0 0.7071056486973706
vn 0.7071079136739108 0 0.7071056486973706
vn 0.7071079136739108 0 0.7071056486973706
vn 0.25882035999484043 0 0.9659254739637739
vn 0.25882035999484043 0 0.9659254739637739
vn 0.25882035999484043 0 0.9659254739637739
vn 0.25882035999484043 0 0.9659254739637739
vn 0.25882035999484043 0 0.9659254739637739
vn 0.25882035999484043 0 0.9659254739637739
vn 0 0.25881818114932376 -0.9659260577842157
vn 0 0.25881818114932376 -0.9659260577842157
vn 0 0.25881818114932376 -0.9659260577842157
vn 0 0.25881818114932376 -0.9659260577842157
vn 0 0.25881818114932376 -0.9659260577842157
vn 0 0.25881818114932376 -0.9659260577842157
vn 0 0.7071071984189451 -0.7071063639539039
vn 0 0.7071071984189451 -0.7071063639539039
vn 0 0.7071071984189451 -0.7071063639539039
vn 0 0.7071071686166227 -0.70710639375626
vn 0 0.7071071686166227 -0.70710639375626
vn 0 0.7071071686166227 -0.70710639375626
vn 0 0.9659258520912373 -0.25881894880749623
vn 0 0.9659258520912373 -0.25881894880749623
vn 0 0.9659258520912373 -0.25881894880749623
vn 0 0.9659258520912373 -0.25881894880749623
vn 0 0.9659258520912373 -0.25881894880749623
vn 0 0.9659258520912373 -0.25881894880749623
vn 0 1 0
vn 0 1 0
vn 0 1 0
vn 0 1 0
vn 0 1 0
vn 0 1 0
vn 0 0.9659257884938344 0.2588191861562131
vn 0 0.9659257884938344 0.2588191861562131
vn 0 0.9659257884938344 0.2588191861562131
vn 0 0.9659257884938344 0.2588191861562131
vn 0 0.9659257884938344 0.2588191861562131
vn 0 0.9659257884938344 0.2588191861562131
vn 0 0.7071079434761364 0.7071056188950483
vn 0 0.7071079434761364 0.7071056188950483
vn 0 0.7071079434761364 0.7071056188950483
vn 0 0.7071079434761364 0.7071056188950483
vn 0 0.7071079434761364 0.7071056188950483
vn 0 0.7071079434761364 0.7071056188950483
vn 0 0.2588180550243744 0.9659260915791642
vn 0 0.2588180550243744 0.9659260915791642
vn 0 0.2588180550243744 0.9659260915791642
vn 0 0.25881802721841396 0.9659260990297178
vn 0 0.25881802721841396 0.9659260990297178
vn 0 0.25881802721841396 0.9659260990297178
vn -0.2528401333034108 0.05530879685525016 -0.9659258791343869
vn -0.2528401333034108 0.05530879685525016 -0.9659258791343869
vn -0.2528401333034108 0.05530879685525016 -0.9659258791343869
vn -0.6644122688162802 0.1391272563205737 -0.7343023516203064
vn -0.6644122688162802 0.1391272563205737 -0.7343023516203064
vn -0.6644122688162802 0.1391272563205737 -0.7343023516203064
vn -0.6946036143585085 0.14544929404831283 -0.704535536208745
vn -0.6946036143585085 0.14544929404831283 -0.704535536208745
vn -0.6946036143585085 0.14544929404831283 -0.704535536208745
vn -0.9436460156878221 0.19107790330816923 -0.27022478040300507
vn -0.9436460156878221 0.19107790330816923 -0.27022478040300507
vn -0.9436460156878221 0.19107790330816923 -0.27022478040300507
vn -0.9475113128053624 0.1918605858903971 -0.255757360964748
vn -0.9475113128053624 0.1918605858903971 -0.255757360964748
vn -0.9475113128053624 0.1918605858903971 -0.255757360964748
vn -0.977895597416064 0.19552629784809689 -0.0740922897749603
vn -0.977895597416064 0.19552629784809689 -0.0740922897749603
vn -0.977895597416064 0.19552629784809689 -0.0740922897749603
vn -0.9805908644688477 0.196065184365399 0
vn -0.9805908644688477 0.196065184365399 0
vn -0.9805908644688477 0.196065184365399 0
vn -0.9805908644688477 0.196065184365399 0
vn -0.9805908644688477 0.196065184365399 0
vn -0.9805908644688477 0.196065184365399 0
vn -0.9481033333178388 0.18956944839098117 0.2552714116158371
vn -0.9481033333178388 0.18956944839098117 0.2552714116158371
vn -0.9481033333178388 0.18956944839098117 0.2552714116158371
vn -0.9773488383613915 0.19790234641037824 0.07499272924027443
vn -0.9773488383613915 0.19790234641037824 0.07499272924027443
vn -0.9773488383613915 0.19790234641037824 0.07499272924027443
vn -0.6974393306434545 0.14122377694604446 0.7025910794314884
vn -0.6974393306434545 0.14122377694604446 0.7025910794314884
vn -0.6974393306434545 0.14122377694604446 0.7025910794314884
vn -0.9400791253374784 0.19685160543198055 0.278389445819294
vn -0.9400791253374784 0.19685160543198055 0.278389445819294
vn -0.9400791253374784 0.19685160543198055 0.278389445819294
vn -0.25504603407301296 0.053406386364165934 0.9654528877159927
vn -0.25504603407301296 0.053406386364165934 0.9654528877159927
vn -0.25504603407301296 0.053406386364165934 0.9654528877159927
vn -0.6480910776966451 0.1417699604990441 0.7482507823651777
vn -0.6480910776966451 0.1417699604990441 0.7482507823651777
vn -0.6480910776966451 0.1417699604990441 0.7482507823651777
vn 0.6480914268964069 0.14176998845771824 -0.7482504746113283
vn 0.6480914268964069 0.14176998845771824 -0.7482504746113283
vn 0.6480914268964069 0.14176998845771824 -0.7482504746113283
vn 0.2550462157291416 0.053406401860480054 -0.9654528388702169
vn 0.2550462157291416 0.053406401860480054 -0.9654528388702169
vn 0.2550462157291416 0.053406401860480054 -0.9654528388702169
vn 0.940078996303163 0.19685152644881332 -0.2783899373979054
vn 0.940078996303163 0.19685152644881332 -0.2783899373979054
vn 0.940078996303163 0.19685152644881332 -0.2783899373979054
vn 0.6974397435042226 0.14122383566545849 -0.702590657794921
vn 0.6974397435042226 0.14122383566545849 -0.702590657794921
vn 0.6974397435042226 0.14122383566545849 -0.702590657794921
vn 0.9773488495865751 0.19790231888103202 -0.07499265559578655
vn 0.9773488495865751 0.19790231888103202 -0.07499265559578655
vn 0.9773488495865751 0.19790231888103202 -0.07499265559578655
vn 0.9481028680399757 0.18956930467405725 -0.2552732464238405
vn 0.9481028680399757 0.18956930467405725 -0.2552732464238405
vn 0.9481028680399757 0.18956930467405725 -0.2552732464238405
vn 0.9805908759284188 0.19606512705204943 0
vn 0.9805908759284188 0.19606512705204943 0
vn 0.9805908759284188 0.19606512705204943 0
vn 0.9805908759284188 0.19606512705204943 0
vn 0.9805908759284188 0.19606512705204943 0
vn 0.9805908759284188 0.19606512705204943 0
vn 0.9778956084229214 0.19552622554306856 0.07409233531240088
vn 0.9778956084229214 0.19552622554306856 0.07409233531240088
vn 0.9778956084229214 0.19552622554306856 0.07409233531240088
vn 0.9475107111262374 0.19186042083706936 0.25575971382779233
vn 0.9475107111262374 0.19186042083706936 0.25575971382779233
vn 0.9475107111262374 0.19186042083706936 0.25575971382779233
vn 0.9436461693775262 0.1910779131219516 0.2702242367665805
vn 0.9436461693775262 0.1910779131219516 0.2702242367665805
vn 0.9436461693775262 0.1910779131219516 0.2702242367665805
vn 0.6946054708959489 0.14544962371519904 0.7045336377792929
vn 0.6946054708959489 0.14544962371519904 0.7045336377792929
vn 0.6946054708959489 0.14544962371519904 0.7045336377792929
vn 0.664412182873682 0.13912719120078937 0.7343024417211262
vn 0.664412182873682 0.13912719120078937 0.7343024417211262
vn 0.664412182873682 0.13912719120078937 0.7343024417211262
vn 0.25284000778316046 0.055308750771243795 0.965925914629241
vn 0.25284000778316046 0.055308750771243795 0.965925914629241
vn 0.25284000778316046 0.055308750771243795 0.965925914629241
vn 0 0.25881818114932376 -0.9659260577842157
vn 0 0.25881818114932376 -0.9659260577842157
vn 0 0.25881818114932376 -0.9659260577842157
vn 0 0.25881818114932376 -0.9659260577842157
vn 0 0.25881818114932376 -0.9659260577842157
vn 0 0.25881818114932376 -0.9659260577842157
vn 0 0.7071071686166227 -0.70710639375626
vn 0 0.7071071686166227 -0.70710639375626
vn 0 0.7071071686166227 -0.70710639375626
vn 0 0.7071071686166227 -0.70710639375626
vn 0 0.7071071686166227 -0.70710639375626
vn 0 0.7071071686166227 -0.70710639375626
vn 0 0.9659258520912373 -0.25881894880749623
vn 0 0.9659258520912373 -0.25881894880749623
vn 0 0.9659258520912373 -0.25881894880749623
vn 0 0.9659258520912373 -0.25881894880749623
vn 0 0.9659258520912373 -0.25881894880749623
vn 0 0.9659258520912373 -0.25881894880749623
vn 0 1 0
vn 0 1 0
vn 0 1 0
vn 0 1 0
vn 0 1 0
vn 0 1 0
vn 0 0.9659257884938344 0.2588191861562131
vn 0 0.9659257884938344 0.2588191861562131
vn 0 0.9659257884938344 0.2588191861562131
vn 0 0.9659257884938344 0.2588191861562131
vn 0 0.9659257884938344 0.2588191861562131
vn 0 0.9659257884938344 0.2588191861562131
vn 0 0.7071079136739108 0.7071056486973706
vn 0 0.7071079136739108 0.7071056486973706
vn 0 0.7071079136739108 0.7071056486973706
vn 0 0.7071079136739108 0.7071056486973706
vn 0 0.7071079136739108 0.7071056486973706
vn 0 0.7071079136739108 0.7071056486973706
vn 0 0.25881802721841396 0.9659260990297178
vn 0 0.25881802721841396 0.9659260990297178
vn 0 0.25881802721841396 0.9659260990297178
vn 0 0.25881802721841396 0.9659260990297178
vn 0 0.25881802721841396 0.9659260990297178
vn 0 0.25881802721841396 0.9659260990297178
vn -0.2588190471264927 0 -0.9659258257467466
vn -0.2588190471264927 0 -0.9659258257467466
vn -0.2588190471264927 0 -0.9659258257467466
vn -0.2588190471264927 0 -0.9659258257467466
vn -0.2588190471264927 0 -0.9659258257467466
vn -0.2588190471264927 0 -0.9659258257467466
vn -0.7071066023725876 0 -0.7071069600004624
vn -0.7071066023725876 0 -0.7071069600004624
vn -0.7071066023725876 0 -0.7071069600004624
vn -0.7071066023725876 0 -0.7071069600004624
vn -0.7071066023725876 0 -0.7071069600004624
vn -0.7071066023725876 0 -0.7071069600004624
vn -0.9659258520912373 0 -0.25881894880749623
vn -0.9659258520912373 0 -0.25881894880749623
vn -0.9659258520912373 0 -0.25881894880749623
vn -0.965925844640659 0 -0.25881897661344216
vn -0.965925844640659 0 -0.25881897661344216
vn -0.965925844640659 0 -0.25881897661344216
vn -1 0 0
vn -1 0 0
vn -1 0 0
vn -1 0 0
vn -1 0 0
vn -1 0 0
vn -0.9659257884938344 0 0.2588191861562131
vn -0.9659257884938344 0 0.2588191861562131
vn -0.9659257884938344 0 0.2588191861562131
vn -0.9659257884938344 0 0.2588191861562131
vn -0.9659257884938344 0 0.2588191861562131
vn -0.9659257884938344 0 0.2588191861562131
vn -0.7071073772327543 0 0.7071061851398384
vn -0.7071073772327543 0 0.7071061851398384
vn -0.7071073772327543 0 0.7071061851398384
vn -0.707107347430432 0 0.7071062149422096
vn -0.707107347430432 0 0.7071062149422096
vn -0.707107347430432 0 0.7071062149422096
vn -0.2588188931956025 0 0.9659258669923917
vn -0.2588188931956025 0 0.9659258669923917
vn -0.2588188931956025 0 0.9659258669923917
vn -0.2588188931956025 0 0.9659258669923917
vn -0.2588188931956025 0 0.9659258669923917
vn -0.2588188931956025 0 0.9659258669923917
f 1753/1753/1753 1754/1754/1754 1755/1755/1755
f 1756/1756/1756 1757/1757/1757 1758/1758/1758
f 1759/1759/1759 1760/1760/1760 1761/1761/1761
f 1762/1762/1762 1763/1763/1763 1764/1764/1764
f 1765/1765/1765 1766/1766/1766 1767/1767/1767
f 1768/1768/1768 1769/1769/1769 1770/1770/1770
f 1771/1771/1771 1772/1772/1772 1773/1773/1773
f 1774/1774/1774 1775/1775/1775 1776/1776/1776
f 1777/1777/1777 1778/1778/1778 1779/1779/1779
f 1780/1780/1780 1781/1781/1781 1782/1782/1782
f 1783/1783/1783 1784/1784/1784 1785/1785/1785
f 1786/1786/1786 1787/1787/1787 1788/1788/1788
f 1789/1789/1789 1790/1790/1790 1791/1791/1791
f 1792/1792/1792 1793/1793/1793 1794/1794/1794
f 1795/1795/1795 1796/1796/1796 1797/1797/1797
f 1798/1798/1798 1799/1799/1799 1800/1800/1800
f 1801/1801/1801 1802/1802/1802 1803/1803/1803
f 1804/1804/1804 1805/1805/1805 1806/1806/1806
f 1807/1807/1807 1808/1808/1808 1809/1809/1809
f 1810/1810/1810 1811/1811/1811 1812/1812/1812
f 1813/1813/1813 1814/1814/1814 1815/1815/1815
f 1816/1816/1816 1817/1817/1817 1818/1818/1818
f 1819/1819/1819 1820/1820/1820 1821/1821/1821
f 1822/1822/1822 1823/1823/1823 1824/1824/1824
f 1825/1825/1825 1826/1826/1826 1827/1827/1827
f 1828/1828/1828 1829/1829/1829 1830/1830/1830
f 1831/1831/1831 1832/1832/1832 1833/1833/1833
f 1834/1834/1834 1835/1835/1835 1836/1836/1836
f 1837/1837/1837 1838/1838/1838 1839/1839/1839
f 1840/1840/1840 1841/1841/1841 1842/1842/1842
f 1843/1843/1843 1844/1844/1844 1845/1845/1845
f 1846/1846/1846 1847/1847/1847 1848/1848/1848
f 1849/1849/1849 1850/1850/1850 1851/1851/1851
f 1852/1852/1852 1853/1853/1853 1854/1854/1854
f 1855/1855/1855 1856/1856/1856 1857/1857/1857
f 1858/1858/1858 1859/1859/1859 1860/1860/1860
f 1861/1861/1861 1862/1862/1862 1863/1863/1863
f 1864/1864/1864 1865/1865/1865 1866/1866/1866
f 1867/1867/1867 1868/1868/1868 1869/1869/1869
f 1870/1870/1870 1871/1871/1871 1872/1872/1872
f 1873/1873/1873 1874/1874/1874 1875/1875/1875
f 1876/1876/1876 1877/1877/1877 1878/1878/1878
f 1879/1879/1879 1880/1880/1880 1881/1881/1881
f 1882/1882/1882 1883/1883/1883 1884/1884/1884
f 1885/1885/1885 1886/1886/1886 1887/1887/1887
f 1888/1888/1888 1889/1889/1889 1890/1890/1890
f 1891/1891/1891 1892/1892/1892 1893/1893/1893
f 1894/1894/1894 1895/1895/1895 1896/1896/1896
f 1897/1897/1897 1898/1898/1898 1899/1899/1899
f 1900/1900/1900 1901/1901/1901 1902/1902/1902
f 1903/1903/1903 1904/1904/1904 1905/1905/1905
f 1906/1906/1906 1907/1907/1907 1908/1908/1908
f 1909/1909/1909 1910/1910/1910 1911/1911/1911
f 1912/1912/1912 1913/1913/1913 1914/1914/1914
f 1915/1915/1915 1916/1916/1916 1917/1917/1917
f 1918/1918/1918 1919/1919/1919 1920/1920/1920
f 1921/1921/1921 1922/1922/1922 1923/1923/1923
f 1924/1924/1924 1925/1925/1925 1926/1926/1926
f 1927/1927/1927 1928/1928/1928 1929/1929/1929
f 1930/1930/1930 1931/1931/1931 1932/1932/1932
f 1933/1933/1933 1934/1934/1934 1935/1935/1935
f 1936/1936/1936 1937/1937/1937 1938/1938/1938
f 1939/1939/1939 1940/1940/1940 1941/1941/1941
f 1942/1942/1942 1943/1943/1943 1944/1944/1944
f 1945/1945/1945 1946/1946/1946 1947/1947/1947
f 1948/1948/1948 1949/1949/1949 1950/1950/1950
f 1951/1951/1951 1952/1952/1952 1953/1953/1953
f 1954/1954/1954 1955/1955/1955 1956/1956/1956
f 1957/1957/1957 1958/1958/1958 1959/1959/1959
f 1960/1960/1960 1961/1961/1961 1962/1962/1962
f 1963/1963/1963 1964/1964/1964 1965/1965/1965
f 1966/1966/1966 1967/1967/1967 1968/1968/1968
f 1969/1969/1969 1970/1970/1970 1971/1971/1971
f 1972/1972/1972 1973/1973/1973 1974/1974/1974
f 1975/1975/1975 1976/1976/1976 1977/1977/1977
f 1978/1978/1978 1979/1979/1979 1980/1980/1980
f 1981/1981/1981 1982/1982/1982 1983/1983/1983
f 1984/1984/1984 1985/1985/1985 1986/1986/1986
f 1987/1987/1987 1988/1988/1988 1989/1989/1989
f 1990/1990/1990 1991/1991/1991 1992/1992/1992
f 1993/1993/1993 1994/1994/1994 1995/1995/1995
f 1996/1996/1996 1997/1997/1997 1998/1998/1998
f 1999/1999/1999 2000/2000/2000 2001/2001/2001
f 2002/2002/2002 2003/2003/2003 2004/2004/2004
f 2005/2005/2005 2006/2006/2006 2007/2007/2007
f 2008/2008/2008 2009/2009/2009 2010/2010/2010
f 2011/2011/2011 2012/2012/2012 2013/2013/2013
f 2014/2014/2014 2015/2015/2015 2016/2016/2016
f 2017/2017/2017 2018/2018/2018 2019/2019/2019
f 2020/2020/2020 2021/2021/2021 2022/2022/2022
f 2023/2023/2023 2024/2024/2024 2025/2025/2025
f 2026/2026/2026 2027/2027/2027 2028/2028/2028
f 2029/2029/2029 2030/2030/2030 2031/2031/2031
f 2032/2032/2032 2033/2033/2033 2034/2034/2034
f 2035/2035/2035 2036/2036/2036 2037/2037/2037
f 2038/2038/2038 2039/2039/2039 2040/2040/2040
f 2041/2041/2041 2042/2042/2042 2043/2043/2043
f 2044/2044/2044 2045/2045/2045 2046/2046/2046
f 2047/2047/2047 2048/2048/2048 2049/2049/2049
f 2050/2050/2050 2051/2051/2051 2052/2052/2052
f 2053/2053/2053 2054/2054/2054 2055/2055/2055
f 2056/2056/2056 2057/2057/2057 2058/2058/2058
f 2059/2059/2059 2060/2060/2060 2061/2061/2061
f 2062/2062/2062 2063/2063/2063 2064/2064/2064
f 2065/2065/2065 2066/2066/2066 2067/2067/2067
f 2068/2068/2068 2069/2069/2069 2070/2070/2070
f 2071/2071/2071 2072/2072/2072 2073/2073/2073
f 2074/2074/2074 2075/2075/2075 2076/2076/2076
f 2077/2077/2077 2078/2078/2078 2079/2079/2079
f 2080/2080/2080 2081/2081/2081 2082/2082/2082
f 2083/2083/2083 2084/2084/2084 2085/2085/2085
f 2086/2086/2086 2087/2087/2087 2088/2088/2088
f 2089/2089/2089 2090/2090/2090 2091/2091/2091
f 2092/2092/2092 2093/2093/2093 2094/2094/2094
f 2095/2095/2095 2096/2096/2096 2097/2097/2097
f 2098/2098/2098 2099/2099/2099 2100/2100/2100
f 2101/2101/2101 2102/2102/2102 2103/2103/2103
f 2104/2104/2104 2105/2105/2105 2106/2106/2106
f 2107/2107/2107 2108/2108/2108 2109/2109/2109
f 2110/2110/2110 2111/2111/2111 2112/2112/2112
f 2113/2113/2113 2114/2114/2114 2115/2115/2115
f 2116/2116/2116 2117/2117/2117 2118/2118/2118
f 2119/2119/2119 2120/2120/2120 2121/2121/2121
f 2122/2122/2122 2123/2123/2123 2124/2124/2124
f 2125/2125/2125 2126/2126/2126 2127/2127/2127
f 2128/2128/2128 2129/2129/2129 2130/2130/2130
f 2131/2131/2131 2132/2132/2132 2133/2133/2133
f 2134/2134/2134 2135/2135/2135 2136/2136/2136
f 2137/2137/2137 2138/2138/2138 2139/2139/2139
f 2140/2140/2140 2141/2141/2141 2142/2142/2142
f 2143/2143/2143 2144/2144/2144 2145/2145/2145
f 2146/2146/2146 2147/2147/2147 2148/2148/2148
f 2149/2149/2149 2150/2150/2150 2151/2151/2151
f 2152/2152/2152 2153/2153/2153 2154/2154/2154
f 2155/2155/2155 2156/2156/2156 2157/2157/2157
f 2158/2158/2158 2159/2159/2159 2160/2160/2160
f 2161/2161/2161 2162/2162/2162 2163/2163/2163
f 2164/2164/2164 2165/2165/2165 2166/2166/2166
f 2167/2167/2167 2168/2168/2168 2169/2169/2169
f 2170/2170/2170 2171/2171/2171 2172/2172/2172
f 2173/2173/2173 2174/2174/2174 2175/2175/2175
f 2176/2176/2176 2177/2177/2177 2178/2178/2178
f 2179/2179/2179 2180/2180/2180 2181/2181/2181
f 2182/2182/2182 2183/2183/2183 2184/2184/2184
f 2185/2185/2185 2186/2186/2186 2187/2187/2187
f 2188/2188/2188 2189/2189/2189 2190/2190/2190
f 2191/2191/2191 2192/2192/2192 2193/2193/2193
f 2194/2194/2194 2195/2195/2195 2196/2196/2196
f 2197/2197/2197 2198/2198/2198 2199/2199/2199
f 2200/2200/2200 2201/2201/2201 2202/2202/2202
f 2203/2203/2203 2204/2204/2204 2205/2205/2205
f 2206/2206/2206 2207/2207/2207 2208/2208/2208
f 2209/2209/2209 2210/2210/2210 2211/2211/2211
f 2212/2212/2212 2213/2213/2213 2214/2214/2214
f 2215/2215/2215 2216/2216/2216 2217/2217/2217
f 2218/2218/2218 2219/2219/2219 2220/2220/2220
f 2221/2221/2221 2222/2222/2222 2223/2223/2223
f 2224/2224/2224 2225/2225/2225 2226/2226/2226
f 2227/2227/2227 2228/2228/2228 2229/2229/2229
f 2230/2230/2230 2231/2231/2231 2232/2232/2232
f 2233/2233/2233 2234/2234/2234 2235/2235/2235
f 2236/2236/2236 2237/2237/2237 2238/2238/2238
f 2239/2239/2239 2240/2240/2240 2241/2241/2241
f 2242/2242/2242 2243/2243/2243 2244/2244/2244
f 2245/2245/2245 2246/2246/2246 2247/2247/2247
f 2248/2248/2248 2249/2249/2249 2250/2250/2250
f 2251/2251/2251 2252/2252/2252 2253/2253/2253
f 2254/2254/2254 2255/2255/2255 2256/2256/2256
f 2257/2257/2257 2258/2258/2258 2259/2259/2259
f 2260/2260/2260 2261/2261/2261 2262/2262/2262
f 2263/2263/2263 2264/2264/2264 2265/2265/2265
f 2266/2266/2266 2267/2267/2267 2268/2268/2268
f 2269/2269/2269 2270/2270/2270 2271/2271/2271
f 2272/2272/2272 2273/2273/2273 2274/2274/2274
f 2275/2275/2275 2276/2276/2276 2277/2277/2277
f 2278/2278/2278 2279/2279/2279 2280/2280/2280
f 2281/2281/2281 2282/2282/2282 2283/2283/2283
f 2284/2284/2284 2285/2285/2285 2286/2286/2286
f 2287/2287/2287 2288/2288/2288 2289/2289/2289
f 2290/2290/2290 2291/2291/2291 2292/2292/2292
f 2293/2293/2293 2294/2294/2294 2295/2295/2295
f 2296/2296/2296 2297/2297/2297 2298/2298/2298
f 2299/2299/2299 2300/2300/2300 2301/2301/2301
f 2302/2302/2302 2303/2303/2303 2304/2304/2304
f 2305/2305/2305 2306/2306/2306 2307/2307/2307
f 2308/2308/2308 2309/2309/2309 2310/2310/2310
f 2311/2311/2311 2312/2312/2312 2313/2313/2313
f 2314/2314/2314 2315/2315/2315 2316/2316/2316
o traco-codigo-1
usemtl branco-frio
v -0.043199995994567864 0.11055555214881899 0.01686400055885315
v -0.043199995994567864 0.11055555214881899 -0.01686400055885315
v -0.043199995994567864 0.09855555167198182 0.01686400055885315
v -0.043199995994567864 0.09855555167198182 -0.01686400055885315
v -0.09119999790191649 0.11055555214881899 -0.01686400055885315
v -0.09119999790191649 0.11055555214881899 0.01686400055885315
v -0.09119999790191649 0.09855555167198182 -0.01686400055885315
v -0.09119999790191649 0.09855555167198182 0.01686400055885315
v -0.09119999790191649 0.11055555214881899 -0.01686400055885315
v -0.043199995994567864 0.11055555214881899 -0.01686400055885315
v -0.09119999790191649 0.11055555214881899 0.01686400055885315
v -0.043199995994567864 0.11055555214881899 0.01686400055885315
v -0.09119999790191649 0.09855555167198182 0.01686400055885315
v -0.043199995994567864 0.09855555167198182 0.01686400055885315
v -0.09119999790191649 0.09855555167198182 -0.01686400055885315
v -0.043199995994567864 0.09855555167198182 -0.01686400055885315
v -0.09119999790191649 0.11055555214881899 0.01686400055885315
v -0.043199995994567864 0.11055555214881899 0.01686400055885315
v -0.09119999790191649 0.09855555167198182 0.01686400055885315
v -0.043199995994567864 0.09855555167198182 0.01686400055885315
v -0.043199995994567864 0.11055555214881899 -0.01686400055885315
v -0.09119999790191649 0.11055555214881899 -0.01686400055885315
v -0.043199995994567864 0.09855555167198182 -0.01686400055885315
v -0.09119999790191649 0.09855555167198182 -0.01686400055885315
vt 0 1
vt 1 1
vt 0 0
vt 1 0
vt 0 1
vt 1 1
vt 0 0
vt 1 0
vt 0 1
vt 1 1
vt 0 0
vt 1 0
vt 0 1
vt 1 1
vt 0 0
vt 1 0
vt 0 1
vt 1 1
vt 0 0
vt 1 0
vt 0 1
vt 1 1
vt 0 0
vt 1 0
vn 1 0 0
vn 1 0 0
vn 1 0 0
vn 1 0 0
vn -1 0 0
vn -1 0 0
vn -1 0 0
vn -1 0 0
vn 0 1 0
vn 0 1 0
vn 0 1 0
vn 0 1 0
vn 0 -1 0
vn 0 -1 0
vn 0 -1 0
vn 0 -1 0
vn 0 0 1
vn 0 0 1
vn 0 0 1
vn 0 0 1
vn 0 0 -1
vn 0 0 -1
vn 0 0 -1
vn 0 0 -1
f 2317/2317/2317 2319/2319/2319 2318/2318/2318
f 2319/2319/2319 2320/2320/2320 2318/2318/2318
f 2321/2321/2321 2323/2323/2323 2322/2322/2322
f 2323/2323/2323 2324/2324/2324 2322/2322/2322
f 2325/2325/2325 2327/2327/2327 2326/2326/2326
f 2327/2327/2327 2328/2328/2328 2326/2326/2326
f 2329/2329/2329 2331/2331/2331 2330/2330/2330
f 2331/2331/2331 2332/2332/2332 2330/2330/2330
f 2333/2333/2333 2335/2335/2335 2334/2334/2334
f 2335/2335/2335 2336/2336/2336 2334/2334/2334
f 2337/2337/2337 2339/2339/2339 2338/2338/2338
f 2339/2339/2339 2340/2340/2340 2338/2338/2338
o traco-codigo-2
usemtl branco-frio
v -0.05919999670982361 0.076955552148819 0.01686400055885315
v -0.05919999670982361 0.076955552148819 -0.01686400055885315
v -0.05919999670982361 0.06495555167198183 0.01686400055885315
v -0.05919999670982361 0.06495555167198183 -0.01686400055885315
v -0.09119999718666076 0.076955552148819 -0.01686400055885315
v -0.09119999718666076 0.076955552148819 0.01686400055885315
v -0.09119999718666076 0.06495555167198183 -0.01686400055885315
v -0.09119999718666076 0.06495555167198183 0.01686400055885315
v -0.09119999718666076 0.076955552148819 -0.01686400055885315
v -0.05919999670982361 0.076955552148819 -0.01686400055885315
v -0.09119999718666076 0.076955552148819 0.01686400055885315
v -0.05919999670982361 0.076955552148819 0.01686400055885315
v -0.09119999718666076 0.06495555167198183 0.01686400055885315
v -0.05919999670982361 0.06495555167198183 0.01686400055885315
v -0.09119999718666076 0.06495555167198183 -0.01686400055885315
v -0.05919999670982361 0.06495555167198183 -0.01686400055885315
v -0.09119999718666076 0.076955552148819 0.01686400055885315
v -0.05919999670982361 0.076955552148819 0.01686400055885315
v -0.09119999718666076 0.06495555167198183 0.01686400055885315
v -0.05919999670982361 0.06495555167198183 0.01686400055885315
v -0.05919999670982361 0.076955552148819 -0.01686400055885315
v -0.09119999718666076 0.076955552148819 -0.01686400055885315
v -0.05919999670982361 0.06495555167198183 -0.01686400055885315
v -0.09119999718666076 0.06495555167198183 -0.01686400055885315
vt 0 1
vt 1 1
vt 0 0
vt 1 0
vt 0 1
vt 1 1
vt 0 0
vt 1 0
vt 0 1
vt 1 1
vt 0 0
vt 1 0
vt 0 1
vt 1 1
vt 0 0
vt 1 0
vt 0 1
vt 1 1
vt 0 0
vt 1 0
vt 0 1
vt 1 1
vt 0 0
vt 1 0
vn 1 0 0
vn 1 0 0
vn 1 0 0
vn 1 0 0
vn -1 0 0
vn -1 0 0
vn -1 0 0
vn -1 0 0
vn 0 1 0
vn 0 1 0
vn 0 1 0
vn 0 1 0
vn 0 -1 0
vn 0 -1 0
vn 0 -1 0
vn 0 -1 0
vn 0 0 1
vn 0 0 1
vn 0 0 1
vn 0 0 1
vn 0 0 -1
vn 0 0 -1
vn 0 0 -1
vn 0 0 -1
f 2341/2341/2341 2343/2343/2343 2342/2342/2342
f 2343/2343/2343 2344/2344/2344 2342/2342/2342
f 2345/2345/2345 2347/2347/2347 2346/2346/2346
f 2347/2347/2347 2348/2348/2348 2346/2346/2346
f 2349/2349/2349 2351/2351/2351 2350/2350/2350
f 2351/2351/2351 2352/2352/2352 2350/2350/2350
f 2353/2353/2353 2355/2355/2355 2354/2354/2354
f 2355/2355/2355 2356/2356/2356 2354/2354/2354
f 2357/2357/2357 2359/2359/2359 2358/2358/2358
f 2359/2359/2359 2360/2360/2360 2358/2358/2358
f 2361/2361/2361 2363/2363/2363 2362/2362/2362
f 2363/2363/2363 2364/2364/2364 2362/2362/2362
o traco-codigo-3
usemtl branco-frio
v -0.043199995994567864 0.04335555214881898 0.01686400055885315
v -0.043199995994567864 0.04335555214881898 -0.01686400055885315
v -0.043199995994567864 0.03135555167198181 0.01686400055885315
v -0.043199995994567864 0.03135555167198181 -0.01686400055885315
v -0.09119999790191649 0.04335555214881898 -0.01686400055885315
v -0.09119999790191649 0.04335555214881898 0.01686400055885315
v -0.09119999790191649 0.03135555167198181 -0.01686400055885315
v -0.09119999790191649 0.03135555167198181 0.01686400055885315
v -0.09119999790191649 0.04335555214881898 -0.01686400055885315
v -0.043199995994567864 0.04335555214881898 -0.01686400055885315
v -0.09119999790191649 0.04335555214881898 0.01686400055885315
v -0.043199995994567864 0.04335555214881898 0.01686400055885315
v -0.09119999790191649 0.03135555167198181 0.01686400055885315
v -0.043199995994567864 0.03135555167198181 0.01686400055885315
v -0.09119999790191649 0.03135555167198181 -0.01686400055885315
v -0.043199995994567864 0.03135555167198181 -0.01686400055885315
v -0.09119999790191649 0.04335555214881898 0.01686400055885315
v -0.043199995994567864 0.04335555214881898 0.01686400055885315
v -0.09119999790191649 0.03135555167198181 0.01686400055885315
v -0.043199995994567864 0.03135555167198181 0.01686400055885315
v -0.043199995994567864 0.04335555214881898 -0.01686400055885315
v -0.09119999790191649 0.04335555214881898 -0.01686400055885315
v -0.043199995994567864 0.03135555167198181 -0.01686400055885315
v -0.09119999790191649 0.03135555167198181 -0.01686400055885315
vt 0 1
vt 1 1
vt 0 0
vt 1 0
vt 0 1
vt 1 1
vt 0 0
vt 1 0
vt 0 1
vt 1 1
vt 0 0
vt 1 0
vt 0 1
vt 1 1
vt 0 0
vt 1 0
vt 0 1
vt 1 1
vt 0 0
vt 1 0
vt 0 1
vt 1 1
vt 0 0
vt 1 0
vn 1 0 0
vn 1 0 0
vn 1 0 0
vn 1 0 0
vn -1 0 0
vn -1 0 0
vn -1 0 0
vn -1 0 0
vn 0 1 0
vn 0 1 0
vn 0 1 0
vn 0 1 0
vn 0 -1 0
vn 0 -1 0
vn 0 -1 0
vn 0 -1 0
vn 0 0 1
vn 0 0 1
vn 0 0 1
vn 0 0 1
vn 0 0 -1
vn 0 0 -1
vn 0 0 -1
vn 0 0 -1
f 2365/2365/2365 2367/2367/2367 2366/2366/2366
f 2367/2367/2367 2368/2368/2368 2366/2366/2366
f 2369/2369/2369 2371/2371/2371 2370/2370/2370
f 2371/2371/2371 2372/2372/2372 2370/2370/2370
f 2373/2373/2373 2375/2375/2375 2374/2374/2374
f 2375/2375/2375 2376/2376/2376 2374/2374/2374
f 2377/2377/2377 2379/2379/2379 2378/2378/2378
f 2379/2379/2379 2380/2380/2380 2378/2378/2378
f 2381/2381/2381 2383/2383/2383 2382/2382/2382
f 2383/2383/2383 2384/2384/2384 2382/2382/2382
f 2385/2385/2385 2387/2387/2387 2386/2386/2386
f 2387/2387/2387 2388/2388/2388 2386/2386/2386
o chevron-esq
usemtl gradiente-fm
v -0.033215997795104986 0.3912115523338318 -0.023088000917434695
v -0.033215997795104986 0.3734515516281128 -0.023088000917434695
v -0.0580799970188141 0.3509555519104004 -0.023088000917434695
v -0.033215997795104986 0.328459552192688 -0.023088000917434695
v -0.033215997795104986 0.310699551486969 -0.023088000917434695
v -0.07820799678945542 0.3509555519104004 -0.023088000917434695
v -0.07820799678945542 0.3509555519104004 -0.023088000917434695
v -0.033215997795104986 0.3912115523338318 -0.023088000917434695
v -0.0580799970188141 0.3509555519104004 -0.023088000917434695
v -0.0580799970188141 0.3509555519104004 -0.023088000917434695
v -0.033215997795104986 0.328459552192688 -0.023088000917434695
v -0.07820799678945542 0.3509555519104004 -0.023088000917434695
v -0.0580799970188141 0.3509555519104004 0.023088000917434695
v -0.033215997795104986 0.3734515516281128 0.023088000917434695
v -0.033215997795104986 0.3912115523338318 0.023088000917434695
v -0.07820799678945542 0.3509555519104004 0.023088000917434695
v -0.033215997795104986 0.310699551486969 0.023088000917434695
v -0.033215997795104986 0.328459552192688 0.023088000917434695
v -0.0580799970188141 0.3509555519104004 0.023088000917434695
v -0.033215997795104986 0.3912115523338318 0.023088000917434695
v -0.07820799678945542 0.3509555519104004 0.023088000917434695
v -0.07820799678945542 0.3509555519104004 0.023088000917434695
v -0.033215997795104986 0.328459552192688 0.023088000917434695
v -0.0580799970188141 0.3509555519104004 0.023088000917434695
v -0.033215997795104986 0.3912115523338318 -0.023088000917434695
v -0.07820799678945542 0.3509555519104004 -0.023088000917434695
v -0.032361682609558115 0.39312229709625246 -0.022691434478759768
v -0.07820799678945542 0.3509555519104004 -0.023088000917434695
v -0.08030103273773194 0.3509555519104004 -0.022691434478759768
v -0.032361682609558115 0.39312229709625246 -0.022691434478759768
v -0.032361682609558115 0.39312229709625246 -0.022691434478759768
v -0.08030103273773194 0.3509555519104004 -0.022691434478759768
v -0.03173628149414063 0.39452106037139895 -0.021608000564575198
v -0.08030103273773194 0.3509555519104004 -0.022691434478759768
v -0.08183324218177797 0.3509555519104004 -0.021608000564575198
v -0.03173628149414063 0.39452106037139895 -0.021608000564575198
v -0.03173628149414063 0.39452106037139895 -0.021608000564575198
v -0.08183324218177797 0.3509555519104004 -0.021608000564575198
v -0.03150736742401124 0.3950330418586731 -0.0201280002117157
v -0.08183324218177797 0.3509555519104004 -0.021608000564575198
v -0.08239406912708283 0.3509555519104004 -0.0201280002117157
v -0.03150736742401124 0.3950330418586731 -0.0201280002117157
v -0.03150736742401124 0.3950330418586731 -0.0201280002117157
v -0.08239406912708283 0.3509555519104004 -0.0201280002117157
v -0.03150736742401124 0.3950330418586731 0.0201280002117157
v -0.08239406912708283 0.3509555519104004 -0.0201280002117157
v -0.08239406912708283 0.3509555519104004 0.0201280002117157
v -0.03150736742401124 0.3950330418586731 0.0201280002117157
v -0.03150736742401124 0.3950330418586731 0.0201280002117157
v -0.08239406912708283 0.3509555519104004 0.0201280002117157
v -0.03173628149414063 0.39452106037139895 0.021607998800277712
v -0.08239406912708283 0.3509555519104004 0.0201280002117157
v -0.08183324218177797 0.3509555519104004 0.021607998800277712
v -0.03173628149414063 0.39452106037139895 0.021607998800277712
v -0.03173628149414063 0.39452106037139895 0.021607998800277712
v -0.08183324218177797 0.3509555519104004 0.021607998800277712
v -0.032361682609558115 0.39312229709625246 0.02269143624305725
v -0.08183324218177797 0.3509555519104004 0.021607998800277712
v -0.08030103273773194 0.3509555519104004 0.02269143624305725
v -0.032361682609558115 0.39312229709625246 0.02269143624305725
v -0.032361682609558115 0.39312229709625246 0.02269143624305725
v -0.08030103273773194 0.3509555519104004 0.02269143624305725
v -0.033215997795104986 0.3912115523338318 0.023088000917434695
v -0.08030103273773194 0.3509555519104004 0.02269143624305725
v -0.07820799678945542 0.3509555519104004 0.023088000917434695
v -0.033215997795104986 0.3912115523338318 0.023088000917434695
v -0.07820799678945542 0.3509555519104004 -0.023088000917434695
v -0.033215997795104986 0.310699551486969 -0.023088000917434695
v -0.08030103273773194 0.3509555519104004 -0.022691434478759768
v -0.033215997795104986 0.310699551486969 -0.023088000917434695
v -0.032361682609558115 0.30878880672454834 -0.022691434478759768
v -0.08030103273773194 0.3509555519104004 -0.022691434478759768
v -0.08030103273773194 0.3509555519104004 -0.022691434478759768
v -0.032361682609558115 0.30878880672454834 -0.022691434478759768
v -0.08183324218177797 0.3509555519104004 -0.021608000564575198
v -0.032361682609558115 0.30878880672454834 -0.022691434478759768
v -0.03173628149414063 0.30739004344940185 -0.021608000564575198
v -0.08183324218177797 0.3509555519104004 -0.021608000564575198
v -0.08183324218177797 0.3509555519104004 -0.021608000564575198
v -0.03173628149414063 0.30739004344940185 -0.021608000564575198
v -0.08239406912708283 0.3509555519104004 -0.0201280002117157
v -0.03173628149414063 0.30739004344940185 -0.021608000564575198
v -0.03150736742401124 0.3068780619621277 -0.0201280002117157
v -0.08239406912708283 0.3509555519104004 -0.0201280002117157
v -0.08239406912708283 0.3509555519104004 -0.0201280002117157
v -0.03150736742401124 0.3068780619621277 -0.0201280002117157
v -0.08239406912708283 0.3509555519104004 0.0201280002117157
v -0.03150736742401124 0.3068780619621277 -0.0201280002117157
v -0.03150736742401124 0.3068780619621277 0.0201280002117157
v -0.08239406912708283 0.3509555519104004 0.0201280002117157
v -0.08239406912708283 0.3509555519104004 0.0201280002117157
v -0.03150736742401124 0.3068780619621277 0.0201280002117157
v -0.08183324218177797 0.3509555519104004 0.021607998800277712
v -0.03150736742401124 0.3068780619621277 0.0201280002117157
v -0.03173628149414063 0.30739004344940185 0.021607998800277712
v -0.08183324218177797 0.3509555519104004 0.021607998800277712
v -0.08183324218177797 0.3509555519104004 0.021607998800277712
v -0.03173628149414063 0.30739004344940185 0.021607998800277712
v -0.08030103273773194 0.3509555519104004 0.02269143624305725
v -0.03173628149414063 0.30739004344940185 0.021607998800277712
v -0.032361682609558115 0.30878880672454834 0.02269143624305725
v -0.08030103273773194 0.3509555519104004 0.02269143624305725
v -0.08030103273773194 0.3509555519104004 0.02269143624305725
v -0.032361682609558115 0.30878880672454834 0.02269143624305725
v -0.07820799678945542 0.3509555519104004 0.023088000917434695
v -0.032361682609558115 0.30878880672454834 0.02269143624305725
v -0.033215997795104986 0.310699551486969 0.023088000917434695
v -0.07820799678945542 0.3509555519104004 0.023088000917434695
v -0.033215997795104986 0.310699551486969 -0.023088000917434695
v -0.033215997795104986 0.328459552192688 -0.023088000917434695
v -0.032361682609558115 0.30878880672454834 -0.022691434478759768
v -0.033215997795104986 0.328459552192688 -0.023088000917434695
v -0.031735995677948006 0.3291163613319397 -0.022691434478759768
v -0.032361682609558115 0.30878880672454834 -0.022691434478759768
v -0.032361682609558115 0.30878880672454834 -0.022691434478759768
v -0.031735995677948006 0.3291163613319397 -0.022691434478759768
v -0.03173628149414063 0.30739004344940185 -0.021608000564575198
v -0.031735995677948006 0.3291163613319397 -0.022691434478759768
v -0.030652561763763436 0.3295971800327301 -0.021608000564575198
v -0.03173628149414063 0.30739004344940185 -0.021608000564575198
v -0.03173628149414063 0.30739004344940185 -0.021608000564575198
v -0.030652561763763436 0.3295971800327301 -0.021608000564575198
v -0.03150736742401124 0.3068780619621277 -0.0201280002117157
v -0.030652561763763436 0.3295971800327301 -0.021608000564575198
v -0.03025599708938599 0.3297731722354889 -0.0201280002117157
v -0.03150736742401124 0.3068780619621277 -0.0201280002117157
v -0.03150736742401124 0.3068780619621277 -0.0201280002117157
v -0.03025599708938599 0.3297731722354889 -0.0201280002117157
v -0.03150736742401124 0.3068780619621277 0.0201280002117157
v -0.03025599708938599 0.3297731722354889 -0.0201280002117157
v -0.03025599708938599 0.3297731722354889 0.0201280002117157
v -0.03150736742401124 0.3068780619621277 0.0201280002117157
v -0.03150736742401124 0.3068780619621277 0.0201280002117157
v -0.03025599708938599 0.3297731722354889 0.0201280002117157
v -0.03173628149414063 0.30739004344940185 0.021607998800277712
v -0.03025599708938599 0.3297731722354889 0.0201280002117157
v -0.030652561763763436 0.3295971800327301 0.021607998800277712
v -0.03173628149414063 0.30739004344940185 0.021607998800277712
v -0.03173628149414063 0.30739004344940185 0.021607998800277712
v -0.030652561763763436 0.3295971800327301 0.021607998800277712
v -0.032361682609558115 0.30878880672454834 0.02269143624305725
v -0.030652561763763436 0.3295971800327301 0.021607998800277712
v -0.031735995677948006 0.3291163613319397 0.02269143624305725
v -0.032361682609558115 0.30878880672454834 0.02269143624305725
v -0.032361682609558115 0.30878880672454834 0.02269143624305725
v -0.031735995677948006 0.3291163613319397 0.02269143624305725
v -0.033215997795104986 0.310699551486969 0.023088000917434695
v -0.031735995677948006 0.3291163613319397 0.02269143624305725
v -0.033215997795104986 0.328459552192688 0.023088000917434695
v -0.033215997795104986 0.310699551486969 0.023088000917434695
v -0.033215997795104986 0.328459552192688 -0.023088000917434695
v -0.0580799970188141 0.3509555519104004 -0.023088000917434695
v -0.031735995677948006 0.3291163613319397 -0.022691434478759768
v -0.0580799970188141 0.3509555519104004 -0.023088000917434695
v -0.05598696151161195 0.3509555519104004 -0.022691434478759768
v -0.031735995677948006 0.3291163613319397 -0.022691434478759768
v -0.031735995677948006 0.3291163613319397 -0.022691434478759768
v -0.05598696151161195 0.3509555519104004 -0.022691434478759768
v -0.030652561763763436 0.3295971800327301 -0.021608000564575198
v -0.05598696151161195 0.3509555519104004 -0.022691434478759768
v -0.05445475206756593 0.3509555519104004 -0.021608000564575198
v -0.030652561763763436 0.3295971800327301 -0.021608000564575198
v -0.030652561763763436 0.3295971800327301 -0.021608000564575198
v -0.05445475206756593 0.3509555519104004 -0.021608000564575198
v -0.03025599708938599 0.3297731722354889 -0.0201280002117157
v -0.05445475206756593 0.3509555519104004 -0.021608000564575198
v -0.053893924240112315 0.3509555519104004 -0.0201280002117157
v -0.03025599708938599 0.3297731722354889 -0.0201280002117157
v -0.03025599708938599 0.3297731722354889 -0.0201280002117157
v -0.053893924240112315 0.3509555519104004 -0.0201280002117157
v -0.03025599708938599 0.3297731722354889 0.0201280002117157
v -0.053893924240112315 0.3509555519104004 -0.0201280002117157
v -0.053893924240112315 0.3509555519104004 0.0201280002117157
v -0.03025599708938599 0.3297731722354889 0.0201280002117157
v -0.03025599708938599 0.3297731722354889 0.0201280002117157
v -0.053893924240112315 0.3509555519104004 0.0201280002117157
v -0.030652561763763436 0.3295971800327301 0.021607998800277712
v -0.053893924240112315 0.3509555519104004 0.0201280002117157
v -0.05445475206756593 0.3509555519104004 0.021607998800277712
v -0.030652561763763436 0.3295971800327301 0.021607998800277712
v -0.030652561763763436 0.3295971800327301 0.021607998800277712
v -0.05445475206756593 0.3509555519104004 0.021607998800277712
v -0.031735995677948006 0.3291163613319397 0.02269143624305725
v -0.05445475206756593 0.3509555519104004 0.021607998800277712
v -0.05598696151161195 0.3509555519104004 0.02269143624305725
v -0.031735995677948006 0.3291163613319397 0.02269143624305725
v -0.031735995677948006 0.3291163613319397 0.02269143624305725
v -0.05598696151161195 0.3509555519104004 0.02269143624305725
v -0.033215997795104986 0.328459552192688 0.023088000917434695
v -0.05598696151161195 0.3509555519104004 0.02269143624305725
v -0.0580799970188141 0.3509555519104004 0.023088000917434695
v -0.033215997795104986 0.328459552192688 0.023088000917434695
v -0.0580799970188141 0.3509555519104004 -0.023088000917434695
v -0.033215997795104986 0.3734515516281128 -0.023088000917434695
v -0.05598696151161195 0.3509555519104004 -0.022691434478759768
v -0.033215997795104986 0.3734515516281128 -0.023088000917434695
v -0.031735995677948006 0.3727947424888611 -0.022691434478759768
v -0.05598696151161195 0.3509555519104004 -0.022691434478759768
v -0.05598696151161195 0.3509555519104004 -0.022691434478759768
v -0.031735995677948006 0.3727947424888611 -0.022691434478759768
v -0.05445475206756593 0.3509555519104004 -0.021608000564575198
v -0.031735995677948006 0.3727947424888611 -0.022691434478759768
v -0.030652561763763436 0.3723139237880707 -0.021608000564575198
v -0.05445475206756593 0.3509555519104004 -0.021608000564575198
v -0.05445475206756593 0.3509555519104004 -0.021608000564575198
v -0.030652561763763436 0.3723139237880707 -0.021608000564575198
v -0.053893924240112315 0.3509555519104004 -0.0201280002117157
v -0.030652561763763436 0.3723139237880707 -0.021608000564575198
v -0.03025599708938599 0.3721379315853119 -0.0201280002117157
v -0.053893924240112315 0.3509555519104004 -0.0201280002117157
v -0.053893924240112315 0.3509555519104004 -0.0201280002117157
v -0.03025599708938599 0.3721379315853119 -0.0201280002117157
v -0.053893924240112315 0.3509555519104004 0.0201280002117157
v -0.03025599708938599 0.3721379315853119 -0.0201280002117157
v -0.03025599708938599 0.3721379315853119 0.0201280002117157
v -0.053893924240112315 0.3509555519104004 0.0201280002117157
v -0.053893924240112315 0.3509555519104004 0.0201280002117157
v -0.03025599708938599 0.3721379315853119 0.0201280002117157
v -0.05445475206756593 0.3509555519104004 0.021607998800277712
v -0.03025599708938599 0.3721379315853119 0.0201280002117157
v -0.030652561763763436 0.3723139237880707 0.021607998800277712
v -0.05445475206756593 0.3509555519104004 0.021607998800277712
v -0.05445475206756593 0.3509555519104004 0.021607998800277712
v -0.030652561763763436 0.3723139237880707 0.021607998800277712
v -0.05598696151161195 0.3509555519104004 0.02269143624305725
v -0.030652561763763436 0.3723139237880707 0.021607998800277712
v -0.031735995677948006 0.3727947424888611 0.02269143624305725
v -0.05598696151161195 0.3509555519104004 0.02269143624305725
v -0.05598696151161195 0.3509555519104004 0.02269143624305725
v -0.031735995677948006 0.3727947424888611 0.02269143624305725
v -0.0580799970188141 0.3509555519104004 0.023088000917434695
v -0.031735995677948006 0.3727947424888611 0.02269143624305725
v -0.033215997795104986 0.3734515516281128 0.023088000917434695
v -0.0580799970188141 0.3509555519104004 0.023088000917434695
v -0.033215997795104986 0.3734515516281128 -0.023088000917434695
v -0.033215997795104986 0.3912115523338318 -0.023088000917434695
v -0.031735995677948006 0.3727947424888611 -0.022691434478759768
v -0.033215997795104986 0.3912115523338318 -0.023088000917434695
v -0.032361682609558115 0.39312229709625246 -0.022691434478759768
v -0.031735995677948006 0.3727947424888611 -0.022691434478759768
v -0.031735995677948006 0.3727947424888611 -0.022691434478759768
v -0.032361682609558115 0.39312229709625246 -0.022691434478759768
v -0.030652561763763436 0.3723139237880707 -0.021608000564575198
v -0.032361682609558115 0.39312229709625246 -0.022691434478759768
v -0.03173628149414063 0.39452106037139895 -0.021608000564575198
v -0.030652561763763436 0.3723139237880707 -0.021608000564575198
v -0.030652561763763436 0.3723139237880707 -0.021608000564575198
v -0.03173628149414063 0.39452106037139895 -0.021608000564575198
v -0.03025599708938599 0.3721379315853119 -0.0201280002117157
v -0.03173628149414063 0.39452106037139895 -0.021608000564575198
v -0.03150736742401124 0.3950330418586731 -0.0201280002117157
v -0.03025599708938599 0.3721379315853119 -0.0201280002117157
v -0.03025599708938599 0.3721379315853119 -0.0201280002117157
v -0.03150736742401124 0.3950330418586731 -0.0201280002117157
v -0.03025599708938599 0.3721379315853119 0.0201280002117157
v -0.03150736742401124 0.3950330418586731 -0.0201280002117157
v -0.03150736742401124 0.3950330418586731 0.0201280002117157
v -0.03025599708938599 0.3721379315853119 0.0201280002117157
v -0.03025599708938599 0.3721379315853119 0.0201280002117157
v -0.03150736742401124 0.3950330418586731 0.0201280002117157
v -0.030652561763763436 0.3723139237880707 0.021607998800277712
v -0.03150736742401124 0.3950330418586731 0.0201280002117157
v -0.03173628149414063 0.39452106037139895 0.021607998800277712
v -0.030652561763763436 0.3723139237880707 0.021607998800277712
v -0.030652561763763436 0.3723139237880707 0.021607998800277712
v -0.03173628149414063 0.39452106037139895 0.021607998800277712
v -0.031735995677948006 0.3727947424888611 0.02269143624305725
v -0.03173628149414063 0.39452106037139895 0.021607998800277712
v -0.032361682609558115 0.39312229709625246 0.02269143624305725
v -0.031735995677948006 0.3727947424888611 0.02269143624305725
v -0.031735995677948006 0.3727947424888611 0.02269143624305725
v -0.032361682609558115 0.39312229709625246 0.02269143624305725
v -0.033215997795104986 0.3734515516281128 0.023088000917434695
v -0.032361682609558115 0.39312229709625246 0.02269143624305725
v -0.033215997795104986 0.3912115523338318 0.023088000917434695
v -0.033215997795104986 0.3734515516281128 0.023088000917434695
vt 0.3199999928474426 0.3400000035762787
vt 0.3199999928474426 0.1899999976158142
vt 0.10999999940395355 0
vt 0.3199999928474426 -0.1899999976158142
vt 0.3199999928474426 -0.3400000035762787
vt -0.05999999865889549 0
vt -0.05999999865889549 0
vt 0.3199999928474426 0.3400000035762787
vt 0.10999999940395355 0
vt 0.10999999940395355 0
vt 0.3199999928474426 -0.1899999976158142
vt -0.05999999865889549 0
vt 0.10999999940395355 0
vt 0.3199999928474426 0.1899999976158142
vt 0.3199999928474426 0.3400000035762787
vt -0.05999999865889549 0
vt 0.3199999928474426 -0.3400000035762787
vt 0.3199999928474426 -0.1899999976158142
vt 0.10999999940395355 0
vt 0.3199999928474426 0.3400000035762787
vt -0.05999999865889549 0
vt -0.05999999865889549 0
vt 0.3199999928474426 -0.1899999976158142
vt 0.10999999940395355 0
vt 0.3199999928474426 1.024999976158142
vt -0.05999999865889549 1.024999976158142
vt 0.3272154927253723 1.0216506719589233
vt -0.05999999865889549 1.024999976158142
vt -0.0776776671409607 1.0216506719589233
vt 0.3272154927253723 1.0216506719589233
vt 0.3272154927253723 1.0216506719589233
vt -0.0776776671409607 1.0216506719589233
vt 0.33249759674072266 1.0125000476837158
vt -0.0776776671409607 1.0216506719589233
vt -0.09061862528324127 1.0125000476837158
vt 0.33249759674072266 1.0125000476837158
vt 0.33249759674072266 1.0125000476837158
vt -0.09061862528324127 1.0125000476837158
vt 0.334430992603302 1
vt -0.09061862528324127 1.0125000476837158
vt -0.09535533934831619 1
vt 0.334430992603302 1
vt 0.334430992603302 1
vt -0.09535533934831619 1
vt 0.334430992603302 0.6600000262260437
vt -0.09535533934831619 1
vt -0.09535533934831619 0.6600000262260437
vt 0.334430992603302 0.6600000262260437
vt 0.334430992603302 0.6600000262260437
vt -0.09535533934831619 0.6600000262260437
vt 0.33249759674072266 0.6474999785423279
vt -0.09535533934831619 0.6600000262260437
vt -0.09061862528324127 0.6474999785423279
vt 0.33249759674072266 0.6474999785423279
vt 0.33249759674072266 0.6474999785423279
vt -0.09061862528324127 0.6474999785423279
vt 0.3272154927253723 0.6383493542671204
vt -0.09061862528324127 0.6474999785423279
vt -0.0776776671409607 0.6383493542671204
vt 0.3272154927253723 0.6383493542671204
vt 0.3272154927253723 0.6383493542671204
vt -0.0776776671409607 0.6383493542671204
vt 0.3199999928474426 0.6349999904632568
vt -0.0776776671409607 0.6383493542671204
vt -0.05999999865889549 0.6349999904632568
vt 0.3199999928474426 0.6349999904632568
vt -0.05999999865889549 1.024999976158142
vt 0.3199999928474426 1.024999976158142
vt -0.0776776671409607 1.0216506719589233
vt 0.3199999928474426 1.024999976158142
vt 0.3272154927253723 1.0216506719589233
vt -0.0776776671409607 1.0216506719589233
vt -0.0776776671409607 1.0216506719589233
vt 0.3272154927253723 1.0216506719589233
vt -0.09061862528324127 1.0125000476837158
vt 0.3272154927253723 1.0216506719589233
vt 0.33249759674072266 1.0125000476837158
vt -0.09061862528324127 1.0125000476837158
vt -0.09061862528324127 1.0125000476837158
vt 0.33249759674072266 1.0125000476837158
vt -0.09535533934831619 1
vt 0.33249759674072266 1.0125000476837158
vt 0.334430992603302 1
vt -0.09535533934831619 1
vt -0.09535533934831619 1
vt 0.334430992603302 1
vt -0.09535533934831619 0.6600000262260437
vt 0.334430992603302 1
vt 0.334430992603302 0.6600000262260437
vt -0.09535533934831619 0.6600000262260437
vt -0.09535533934831619 0.6600000262260437
vt 0.334430992603302 0.6600000262260437
vt -0.09061862528324127 0.6474999785423279
vt 0.334430992603302 0.6600000262260437
vt 0.33249759674072266 0.6474999785423279
vt -0.09061862528324127 0.6474999785423279
vt -0.09061862528324127 0.6474999785423279
vt 0.33249759674072266 0.6474999785423279
vt -0.0776776671409607 0.6383493542671204
vt 0.33249759674072266 0.6474999785423279
vt 0.3272154927253723 0.6383493542671204
vt -0.0776776671409607 0.6383493542671204
vt -0.0776776671409607 0.6383493542671204
vt 0.3272154927253723 0.6383493542671204
vt -0.05999999865889549 0.6349999904632568
vt 0.3272154927253723 0.6383493542671204
vt 0.3199999928474426 0.6349999904632568
vt -0.05999999865889549 0.6349999904632568
vt -0.3400000035762787 1.024999976158142
vt -0.1899999976158142 1.024999976158142
vt -0.35613805055618286 1.0216506719589233
vt -0.1899999976158142 1.024999976158142
vt -0.184452623128891 1.0216506719589233
vt -0.35613805055618286 1.0216506719589233
vt -0.35613805055618286 1.0216506719589233
vt -0.184452623128891 1.0216506719589233
vt -0.3679519295692444 1.0125000476837158
vt -0.184452623128891 1.0216506719589233
vt -0.18039165437221527 1.0125000476837158
vt -0.3679519295692444 1.0125000476837158
vt -0.3679519295692444 1.0125000476837158
vt -0.18039165437221527 1.0125000476837158
vt -0.37227609753608704 1
vt -0.18039165437221527 1.0125000476837158
vt -0.17890523374080658 1
vt -0.37227609753608704 1
vt -0.37227609753608704 1
vt -0.17890523374080658 1
vt -0.37227609753608704 0.6600000262260437
vt -0.17890523374080658 1
vt -0.17890523374080658 0.6600000262260437
vt -0.37227609753608704 0.6600000262260437
vt -0.37227609753608704 0.6600000262260437
vt -0.17890523374080658 0.6600000262260437
vt -0.3679519295692444 0.6474999785423279
vt -0.17890523374080658 0.6600000262260437
vt -0.18039165437221527 0.6474999785423279
vt -0.3679519295692444 0.6474999785423279
vt -0.3679519295692444 0.6474999785423279
vt -0.18039165437221527 0.6474999785423279
vt -0.35613805055618286 0.6383493542671204
vt -0.18039165437221527 0.6474999785423279
vt -0.184452623128891 0.6383493542671204
vt -0.35613805055618286 0.6383493542671204
vt -0.35613805055618286 0.6383493542671204
vt -0.184452623128891 0.6383493542671204
vt -0.3400000035762787 0.6349999904632568
vt -0.184452623128891 0.6383493542671204
vt -0.1899999976158142 0.6349999904632568
vt -0.3400000035762787 0.6349999904632568
vt 0.3199999928474426 1.024999976158142
vt 0.10999999940395355 1.024999976158142
vt 0.33250001072883606 1.0216506719589233
vt 0.10999999940395355 1.024999976158142
vt 0.12767766416072845 1.0216506719589233
vt 0.33250001072883606 1.0216506719589233
vt 0.33250001072883606 1.0216506719589233
vt 0.12767766416072845 1.0216506719589233
vt 0.3416506350040436 1.0125000476837158
vt 0.12767766416072845 1.0216506719589233
vt 0.14061862230300903 1.0125000476837158
vt 0.3416506350040436 1.0125000476837158
vt 0.3416506350040436 1.0125000476837158
vt 0.14061862230300903 1.0125000476837158
vt 0.3449999988079071 1
vt 0.14061862230300903 1.0125000476837158
vt 0.14535534381866455 1
vt 0.3449999988079071 1
vt 0.3449999988079071 1
vt 0.14535534381866455 1
vt 0.3449999988079071 0.6600000262260437
vt 0.14535534381866455 1
vt 0.14535534381866455 0.6600000262260437
vt 0.3449999988079071 0.6600000262260437
vt 0.3449999988079071 0.6600000262260437
vt 0.14535534381866455 0.6600000262260437
vt 0.3416506350040436 0.6474999785423279
vt 0.14535534381866455 0.6600000262260437
vt 0.14061862230300903 0.6474999785423279
vt 0.3416506350040436 0.6474999785423279
vt 0.3416506350040436 0.6474999785423279
vt 0.14061862230300903 0.6474999785423279
vt 0.33250001072883606 0.6383493542671204
vt 0.14061862230300903 0.6474999785423279
vt 0.12767766416072845 0.6383493542671204
vt 0.33250001072883606 0.6383493542671204
vt 0.33250001072883606 0.6383493542671204
vt 0.12767766416072845 0.6383493542671204
vt 0.3199999928474426 0.6349999904632568
vt 0.12767766416072845 0.6383493542671204
vt 0.10999999940395355 0.6349999904632568
vt 0.3199999928474426 0.6349999904632568
vt 0.10999999940395355 1.024999976158142
vt 0.3199999928474426 1.024999976158142
vt 0.12767766416072845 1.0216506719589233
vt 0.3199999928474426 1.024999976158142
vt 0.33250001072883606 1.0216506719589233
vt 0.12767766416072845 1.0216506719589233
vt 0.12767766416072845 1.0216506719589233
vt 0.33250001072883606 1.0216506719589233
vt 0.14061862230300903 1.0125000476837158
vt 0.33250001072883606 1.0216506719589233
vt 0.3416506350040436 1.0125000476837158
vt 0.14061862230300903 1.0125000476837158
vt 0.14061862230300903 1.0125000476837158
vt 0.3416506350040436 1.0125000476837158
vt 0.14535534381866455 1
vt 0.3416506350040436 1.0125000476837158
vt 0.3449999988079071 1
vt 0.14535534381866455 1
vt 0.14535534381866455 1
vt 0.3449999988079071 1
vt 0.14535534381866455 0.6600000262260437
vt 0.3449999988079071 1
vt 0.3449999988079071 0.6600000262260437
vt 0.14535534381866455 0.6600000262260437
vt 0.14535534381866455 0.6600000262260437
vt 0.3449999988079071 0.6600000262260437
vt 0.14061862230300903 0.6474999785423279
vt 0.3449999988079071 0.6600000262260437
vt 0.3416506350040436 0.6474999785423279
vt 0.14061862230300903 0.6474999785423279
vt 0.14061862230300903 0.6474999785423279
vt 0.3416506350040436 0.6474999785423279
vt 0.12767766416072845 0.6383493542671204
vt 0.3416506350040436 0.6474999785423279
vt 0.33250001072883606 0.6383493542671204
vt 0.12767766416072845 0.6383493542671204
vt 0.12767766416072845 0.6383493542671204
vt 0.33250001072883606 0.6383493542671204
vt 0.10999999940395355 0.6349999904632568
vt 0.33250001072883606 0.6383493542671204
vt 0.3199999928474426 0.6349999904632568
vt 0.10999999940395355 0.6349999904632568
vt 0.1899999976158142 1.024999976158142
vt 0.3400000035762787 1.024999976158142
vt 0.184452623128891 1.0216506719589233
vt 0.3400000035762787 1.024999976158142
vt 0.35613805055618286 1.0216506719589233
vt 0.184452623128891 1.0216506719589233
vt 0.184452623128891 1.0216506719589233
vt 0.35613805055618286 1.0216506719589233
vt 0.18039165437221527 1.0125000476837158
vt 0.35613805055618286 1.0216506719589233
vt 0.3679519295692444 1.0125000476837158
vt 0.18039165437221527 1.0125000476837158
vt 0.18039165437221527 1.0125000476837158
vt 0.3679519295692444 1.0125000476837158
vt 0.17890523374080658 1
vt 0.3679519295692444 1.0125000476837158
vt 0.37227609753608704 1
vt 0.17890523374080658 1
vt 0.17890523374080658 1
vt 0.37227609753608704 1
vt 0.17890523374080658 0.6600000262260437
vt 0.37227609753608704 1
vt 0.37227609753608704 0.6600000262260437
vt 0.17890523374080658 0.6600000262260437
vt 0.17890523374080658 0.6600000262260437
vt 0.37227609753608704 0.6600000262260437
vt 0.18039165437221527 0.6474999785423279
vt 0.37227609753608704 0.6600000262260437
vt 0.3679519295692444 0.6474999785423279
vt 0.18039165437221527 0.6474999785423279
vt 0.18039165437221527 0.6474999785423279
vt 0.3679519295692444 0.6474999785423279
vt 0.184452623128891 0.6383493542671204
vt 0.3679519295692444 0.6474999785423279
vt 0.35613805055618286 0.6383493542671204
vt 0.184452623128891 0.6383493542671204
vt 0.184452623128891 0.6383493542671204
vt 0.35613805055618286 0.6383493542671204
vt 0.1899999976158142 0.6349999904632568
vt 0.35613805055618286 0.6383493542671204
vt 0.3400000035762787 0.6349999904632568
vt 0.1899999976158142 0.6349999904632568
vn 0 0 -1
vn 0 0 -1
vn 0 0 -1
vn 0 0 -1
vn 0 0 -1
vn 0 0 -1
vn 0 0 -1
vn 0 0 -1
vn 0 0 -1
vn 0 0 -1
vn 0 0 -1
vn 0 0 -1
vn 0 0 1
vn 0 0 1
vn 0 0 1
vn 0 0 1
vn 0 0 1
vn 0 0 1
vn 0 0 1
vn 0 0 1
vn 0 0 1
vn 0 0 1
vn 0 0 1
vn 0 0 1
vn -0.2807480435561291 0.3137772128794231 -0.9070415628387856
vn -0.2807480435561291 0.3137772128794231 -0.9070415628387856
vn -0.2807480435561291 0.3137772128794231 -0.9070415628387856
vn -0.18212268832937062 0.2070551765621935 -0.9612281104162954
vn -0.18212268832937062 0.2070551765621935 -0.9612281104162954
vn -0.18212268832937062 0.2070551765621935 -0.9612281104162954
vn -0.5692839008026345 0.6472185829196325 -0.5069752915186688
vn -0.5692839008026345 0.6472185829196325 -0.5069752915186688
vn -0.5692839008026345 0.6472185829196325 -0.5069752915186688
vn -0.4809958735573599 0.5531079882761687 -0.6802312275439008
vn -0.4809958735573599 0.5531079882761687 -0.6802312275439008
vn -0.4809958735573599 0.5531079882761687 -0.6802312275439008
vn -0.6480088775251862 0.7451599773400039 -0.1575471447510014
vn -0.6480088775251862 0.7451599773400039 -0.1575471447510014
vn -0.6480088775251862 0.7451599773400039 -0.1575471447510014
vn -0.6354589944302889 0.7336264121024118 -0.24079899057801
vn -0.6354589944302889 0.7336264121024118 -0.24079899057801
vn -0.6354589944302889 0.7336264121024118 -0.24079899057801
vn -0.6547242335388835 0.7558678310504566 0
vn -0.6547242335388835 0.7558678310504566 0
vn -0.6547242335388835 0.7558678310504566 0
vn -0.6547242335388835 0.7558678310504566 0
vn -0.6547242335388835 0.7558678310504566 0
vn -0.6547242335388835 0.7558678310504566 0
vn -0.6464798408169722 0.7463498066704644 0.1581953902622417
vn -0.6464798408169722 0.7463498066704644 0.1581953902622417
vn -0.6464798408169722 0.7463498066704644 0.1581953902622417
vn -0.6368114858898775 0.7322839395746791 0.24131175536992414
vn -0.6368114858898775 0.7322839395746791 0.24131175536992414
vn -0.6368114858898775 0.7322839395746791 0.24131175536992414
vn -0.5638278750577811 0.6483583482302189 0.5115951324905363
vn -0.5638278750577811 0.6483583482302189 0.5115951324905363
vn -0.5638278750577811 0.6483583482302189 0.5115951324905363
vn -0.48266202989057444 0.5487381904324443 0.6825860848734293
vn -0.48266202989057444 0.5487381904324443 0.6825860848734293
vn -0.48266202989057444 0.5487381904324443 0.6825860848734293
vn -0.2738067746825232 0.311290793870348 0.9100153250300361
vn -0.2738067746825232 0.311290793870348 0.9100153250300361
vn -0.2738067746825232 0.311290793870348 0.9100153250300361
vn -0.1822538485135806 0.20369545671353945 0.9619208364601796
vn -0.1822538485135806 0.20369545671353945 0.9619208364601796
vn -0.1822538485135806 0.20369545671353945 0.9619208364601796
vn -0.1822539271217163 -0.20369556560662413 -0.9619207985072938
vn -0.1822539271217163 -0.20369556560662413 -0.9619207985072938
vn -0.1822539271217163 -0.20369556560662413 -0.9619207985072938
vn -0.27380690449722594 -0.3112909251369267 -0.9100152410685456
vn -0.27380690449722594 -0.3112909251369267 -0.9100152410685456
vn -0.27380690449722594 -0.3112909251369267 -0.9100152410685456
vn -0.48266155093347346 -0.5487376515804796 -0.6825868567357812
vn -0.48266155093347346 -0.5487376515804796 -0.6825868567357812
vn -0.48266155093347346 -0.5487376515804796 -0.6825868567357812
vn -0.5638275790020925 -0.6483579928648631 -0.5115959091361909
vn -0.5638275790020925 -0.6483579928648631 -0.5115959091361909
vn -0.5638275790020925 -0.6483579928648631 -0.5115959091361909
vn -0.6368115556710446 -0.7322839512768925 -0.24131153570877178
vn -0.6368115556710446 -0.7322839512768925 -0.24131153570877178
vn -0.6368115556710446 -0.7322839512768925 -0.24131153570877178
vn -0.6464798560564025 -0.7463498242641232 -0.1581952449797576
vn -0.6464798560564025 -0.7463498242641232 -0.1581952449797576
vn -0.6464798560564025 -0.7463498242641232 -0.1581952449797576
vn -0.6547242335388835 -0.7558678310504566 0
vn -0.6547242335388835 -0.7558678310504566 0
vn -0.6547242335388835 -0.7558678310504566 0
vn -0.6547242335388835 -0.7558678310504566 0
vn -0.6547242335388835 -0.7558678310504566 0
vn -0.6547242335388835 -0.7558678310504566 0
vn -0.6354589524793633 -0.7336263728786804 0.24079922078507957
vn -0.6354589524793633 -0.7336263728786804 0.24079922078507957
vn -0.6354589524793633 -0.7336263728786804 0.24079922078507957
vn -0.6480088277365615 -0.7451599886276666 0.15754729614913413
vn -0.6480088277365615 -0.7451599886276666 0.15754729614913413
vn -0.6480088277365615 -0.7451599886276666 0.15754729614913413
vn -0.48099635088356624 -0.5531085252803387 0.6802304533751061
vn -0.48099635088356624 -0.5531085252803387 0.6802304533751061
vn -0.48099635088356624 -0.5531085252803387 0.6802304533751061
vn -0.5692842113099572 -0.6472189547406674 0.5069744681713251
vn -0.5692842113099572 -0.6472189547406674 0.5069744681713251
vn -0.5692842113099572 -0.6472189547406674 0.5069744681713251
vn -0.18212259085248866 -0.20705509492166677 0.9612281464710429
vn -0.18212259085248866 -0.20705509492166677 0.9612281464710429
vn -0.18212259085248866 -0.20705509492166677 0.9612281464710429
vn -0.2807479165129652 -0.3137770551123051 0.9070416567383652
vn -0.2807479165129652 -0.3137770551123051 0.9070416567383652
vn -0.2807479165129652 -0.3137770551123051 0.9070416567383652
vn 0.42104018562203965 0 -0.9070419847456668
vn 0.42104018562203965 0 -0.9070419847456668
vn 0.42104018562203965 0 -0.9070419847456668
vn 0.26214983290701116 -0.008069034429236007 -0.9649934485737226
vn 0.26214983290701116 -0.008069034429236007 -0.9649934485737226
vn 0.26214983290701116 -0.008069034429236007 -0.9649934485737226
vn 0.8507607098665447 -0.026186617446750243 -0.5249004435262654
vn 0.8507607098665447 -0.026186617446750243 -0.5249004435262654
vn 0.8507607098665447 -0.026186617446750243 -0.5249004435262654
vn 0.7143706768788274 -0.03486165820497974 -0.6988985625989548
vn 0.7143706768788274 -0.03486165820497974 -0.6988985625989548
vn 0.7143706768788274 -0.03486165820497974 -0.6988985625989548
vn 0.9844636848956307 -0.04804233428356993 -0.16888809087174284
vn 0.9844636848956307 -0.04804233428356993 -0.16888809087174284
vn 0.9844636848956307 -0.04804233428356993 -0.16888809087174284
vn 0.966130229836892 -0.052805452073224915 -0.2525944639667636
vn 0.966130229836892 -0.052805452073224915 -0.2525944639667636
vn 0.966130229836892 -0.052805452073224915 -0.2525944639667636
vn 0.9985096627004694 -0.054575209516728763 0
vn 0.9985096627004694 -0.054575209516728763 0
vn 0.9985096627004694 -0.054575209516728763 0
vn 0.9985096627004694 -0.054575209516728763 0
vn 0.9985096627004694 -0.054575209516728763 0
vn 0.9985096627004694 -0.054575209516728763 0
vn 0.9838416676207544 -0.05377350802144702 0.1707746552866679
vn 0.9838416676207544 -0.05377350802144702 0.1707746552866679
vn 0.9838416676207544 -0.05377350802144702 0.1707746552866679
vn 0.9662389674055549 -0.0471529584141011 0.25329598571601014
vn 0.9662389674055549 -0.0471529584141011 0.25329598571601014
vn 0.9662389674055549 -0.0471529584141011 0.25329598571601014
vn 0.8414687407917555 -0.04106410540876744 0.5387430718972772
vn 0.8414687407917555 -0.04106410540876744 0.5387430718972772
vn 0.8414687407917555 -0.04106410540876744 0.5387430718972772
vn 0.7117829388931001 -0.021908847818629597 0.7020577257519224
vn 0.7117829388931001 -0.021908847818629597 0.7020577257519224
vn 0.7117829388931001 -0.021908847818629597 0.7020577257519224
vn 0.39831796433130423 -0.012260320640917496 0.9171654615328403
vn 0.39831796433130423 -0.012260320640917496 0.9171654615328403
vn 0.39831796433130423 -0.012260320640917496 0.9171654615328403
vn 0.2588186280409089 0 0.9659259380402939
vn 0.2588186280409089 0 0.9659259380402939
vn 0.2588186280409089 0 0.9659259380402939
vn 0.173645113608551 0.1919235489727924 -0.965925838700654
vn 0.173645113608551 0.1919235489727924 -0.965925838700654
vn 0.173645113608551 0.1919235489727924 -0.965925838700654
vn 0.182302643287647 0.20243493211022887 -0.9621776574582597
vn 0.182302643287647 0.20243493211022887 -0.9621776574582597
vn 0.182302643287647 0.20243493211022887 -0.9621776574582597
vn 0.4734334877999372 0.5257163568683577 -0.7067411440907118
vn 0.4734334877999372 0.5257163568683577 -0.7067411440907118
vn 0.4734334877999372 0.5257163568683577 -0.7067411440907118
vn 0.4855322620435957 0.5410866827220921 -0.6866466517035026
vn 0.4855322620435957 0.5410866827220921 -0.6866466517035026
vn 0.4855322620435957 0.5410866827220921 -0.6866466517035026
vn 0.6451872594776168 0.7190094002579221 -0.2583774033241013
vn 0.6451872594776168 0.7190094002579221 -0.2583774033241013
vn 0.6451872594776168 0.7190094002579221 -0.2583774033241013
vn 0.6469978052485658 0.7220004154495855 -0.24517185828345983
vn 0.6469978052485658 0.7220004154495855 -0.24517185828345983
vn 0.6469978052485658 0.7220004154495855 -0.24517185828345983
vn 0.6673660264695399 0.7447298749978125 0
vn 0.6673660264695399 0.7447298749978125 0
vn 0.6673660264695399 0.7447298749978125 0
vn 0.6673660264695399 0.7447298749978125 0
vn 0.6673660264695399 0.7447298749978125 0
vn 0.6673660264695399 0.7447298749978125 0
vn 0.6447179334119668 0.7194562572934331 0.25830501384666993
vn 0.6447179334119668 0.7194562572934331 0.25830501384666993
vn 0.6447179334119668 0.7194562572934331 0.25830501384666993
vn 0.6474525916468122 0.7215339528029672 0.24534444465353547
vn 0.6474525916468122 0.7215339528029672 0.24534444465353547
vn 0.6474525916468122 0.7215339528029672 0.24534444465353547
vn 0.4726848239191635 0.5267692731810045 0.7064582012184909
vn 0.4726848239191635 0.5267692731810045 0.7064582012184909
vn 0.4726848239191635 0.5267692731810045 0.7064582012184909
vn 0.48604110741032575 0.5397162532683516 0.6873648287956815
vn 0.48604110741032575 0.5397162532683516 0.6873648287956815
vn 0.48604110741032575 0.5397162532683516 0.6873648287956815
vn 0.17336611645083022 0.19251151599862434 0.9658589471939827
vn 0.17336611645083022 0.19251151599862434 0.9658589471939827
vn 0.17336611645083022 0.19251151599862434 0.9658589471939827
vn 0.18233725348479346 0.20153063447156647 0.9623609142941697
vn 0.18233725348479346 0.20153063447156647 0.9623609142941697
vn 0.18233725348479346 0.20153063447156647 0.9623609142941697
vn 0.18233734599780818 -0.20153075711385596 -0.9623608710829797
vn 0.18233734599780818 -0.20153075711385596 -0.9623608710829797
vn 0.18233734599780818 -0.20153075711385596 -0.9623608710829797
vn 0.1733661996893139 -0.19251161345706283 -0.9658589128280812
vn 0.1733661996893139 -0.19251161345706283 -0.9658589128280812
vn 0.1733661996893139 -0.19251161345706283 -0.9658589128280812
vn 0.48604060230751583 -0.5397157185329196 -0.6873656058292718
vn 0.48604060230751583 -0.5397157185329196 -0.6873656058292718
vn 0.48604060230751583 -0.5397157185329196 -0.6873656058292718
vn 0.472684320140692 -0.5267686803229218 -0.7064589803548251
vn 0.472684320140692 -0.5267686803229218 -0.7064589803548251
vn 0.472684320140692 -0.5267686803229218 -0.7064589803548251
vn 0.6474526339261242 -0.7215339930999192 -0.24534421457089614
vn 0.6474526339261242 -0.7215339930999192 -0.24534421457089614
vn 0.6474526339261242 -0.7215339930999192 -0.24534421457089614
vn 0.644717980298624 -0.7194563027057695 -0.2583047703326578
vn 0.644717980298624 -0.7194563027057695 -0.2583047703326578
vn 0.644717980298624 -0.7194563027057695 -0.2583047703326578
vn 0.6673660264695399 -0.7447298749978125 0
vn 0.6673660264695399 -0.7447298749978125 0
vn 0.6673660264695399 -0.7447298749978125 0
vn 0.6673660264695399 -0.7447298749978125 0
vn 0.6673660264695399 -0.7447298749978125 0
vn 0.6673660264695399 -0.7447298749978125 0
vn 0.6469977351391802 -0.7220004037270911 0.2451720778202299
vn 0.6469977351391802 -0.7220004037270911 0.2451720778202299
vn 0.6469977351391802 -0.7220004037270911 0.2451720778202299
vn 0.6451872175580089 -0.7190093603618313 0.25837761902267115
vn 0.6451872175580089 -0.7190093603618313 0.25837761902267115
vn 0.6451872175580089 -0.7190093603618313 0.25837761902267115
vn 0.4855327282097604 -0.541087266876575 0.686645861752057
vn 0.4855327282097604 -0.541087266876575 0.686645861752057
vn 0.4855327282097604 -0.541087266876575 0.686645861752057
vn 0.47343400662977464 -0.5257169068467397 0.7067403874280673
vn 0.47343400662977464 -0.5257169068467397 0.7067403874280673
vn 0.47343400662977464 -0.5257169068467397 0.7067403874280673
vn 0.1823025358404462 -0.20243482431636992 0.9621777004951545
vn 0.1823025358404462 -0.20243482431636992 0.9621777004951545
vn 0.1823025358404462 -0.20243482431636992 0.9621777004951545
vn 0.17364502037628424 -0.19192344043670126 0.9659258770265241
vn 0.17364502037628424 -0.19192344043670126 0.9659258770265241
vn 0.17364502037628424 -0.19192344043670126 0.9659258770265241
vn 0.2588187392647115 0 -0.9659259082380104
vn 0.2588187392647115 0 -0.9659259082380104
vn 0.2588187392647115 0 -0.9659259082380104
vn 0.3983181365182504 0.01226032695619525 -0.9171653866689233
vn 0.3983181365182504 0.01226032695619525 -0.9171653866689233
vn 0.3983181365182504 0.01226032695619525 -0.9171653866689233
vn 0.7117821991515204 0.02190882471320777 -0.7020584764609792
vn 0.7117821991515204 0.02190882471320777 -0.7020584764609792
vn 0.7117821991515204 0.02190882471320777 -0.7020584764609792
vn 0.8414682066674625 0.041064083170121286 -0.5387439078460582
vn 0.8414682066674625 0.041064083170121286 -0.5387439078460582
vn 0.8414682066674625 0.041064083170121286 -0.5387439078460582
vn 0.9662390295441123 0.04715296226304764 -0.25329574796168836
vn 0.9662390295441123 0.04715296226304764 -0.25329574796168836
vn 0.9662390295441123 0.04715296226304764 -0.25329574796168836
vn 0.9838416972683265 0.05377350265880307 -0.17077448617396732
vn 0.9838416972683265 0.05377350265880307 -0.17077448617396732
vn 0.9838416972683265 0.05377350265880307 -0.17077448617396732
vn 0.9985096627004694 0.054575209516728763 0
vn 0.9985096627004694 0.054575209516728763 0
vn 0.9985096627004694 0.054575209516728763 0
vn 0.9985096627004694 0.054575209516728763 0
vn 0.9985096627004694 0.054575209516728763 0
vn 0.9985096627004694 0.054575209516728763 0
vn 0.9661301747670689 0.05280545604637326 0.2525946737686429
vn 0.9661301747670689 0.05280545604637326 0.2525946737686429
vn 0.9661301747670689 0.05280545604637326 0.2525946737686429
vn 0.9844636558051046 0.048042335772674694 0.16888826001932092
vn 0.9844636558051046 0.048042335772674694 0.16888826001932092
vn 0.9844636558051046 0.048042335772674694 0.16888826001932092
vn 0.7143714423394072 0.03486169127387722 0.6988977785423559
vn 0.7143714423394072 0.03486169127387722 0.6988977785423559
vn 0.7143714423394072 0.03486169127387722 0.6988977785423559
vn 0.8507611873478778 0.026186628642448945 0.5248996690633096
vn 0.8507611873478778 0.026186628642448945 0.5248996690633096
vn 0.8507611873478778 0.026186628642448945 0.5248996690633096
vn 0.2621497218999343 0.008069030025089198 0.9649934787666916
vn 0.2621497218999343 0.008069030025089198 0.9649934787666916
vn 0.2621497218999343 0.008069030025089198 0.9649934787666916
vn 0.42103996846202224 0 0.9070420855492315
vn 0.42103996846202224 0 0.9070420855492315
vn 0.42103996846202224 0 0.9070420855492315
f 2389/2389/2389 2390/2390/2390 2391/2391/2391
f 2392/2392/2392 2393/2393/2393 2394/2394/2394
f 2395/2395/2395 2396/2396/2396 2397/2397/2397
f 2398/2398/2398 2399/2399/2399 2400/2400/2400
f 2401/2401/2401 2402/2402/2402 2403/2403/2403
f 2404/2404/2404 2405/2405/2405 2406/2406/2406
f 2407/2407/2407 2408/2408/2408 2409/2409/2409
f 2410/2410/2410 2411/2411/2411 2412/2412/2412
f 2413/2413/2413 2414/2414/2414 2415/2415/2415
f 2416/2416/2416 2417/2417/2417 2418/2418/2418
f 2419/2419/2419 2420/2420/2420 2421/2421/2421
f 2422/2422/2422 2423/2423/2423 2424/2424/2424
f 2425/2425/2425 2426/2426/2426 2427/2427/2427
f 2428/2428/2428 2429/2429/2429 2430/2430/2430
f 2431/2431/2431 2432/2432/2432 2433/2433/2433
f 2434/2434/2434 2435/2435/2435 2436/2436/2436
f 2437/2437/2437 2438/2438/2438 2439/2439/2439
f 2440/2440/2440 2441/2441/2441 2442/2442/2442
f 2443/2443/2443 2444/2444/2444 2445/2445/2445
f 2446/2446/2446 2447/2447/2447 2448/2448/2448
f 2449/2449/2449 2450/2450/2450 2451/2451/2451
f 2452/2452/2452 2453/2453/2453 2454/2454/2454
f 2455/2455/2455 2456/2456/2456 2457/2457/2457
f 2458/2458/2458 2459/2459/2459 2460/2460/2460
f 2461/2461/2461 2462/2462/2462 2463/2463/2463
f 2464/2464/2464 2465/2465/2465 2466/2466/2466
f 2467/2467/2467 2468/2468/2468 2469/2469/2469
f 2470/2470/2470 2471/2471/2471 2472/2472/2472
f 2473/2473/2473 2474/2474/2474 2475/2475/2475
f 2476/2476/2476 2477/2477/2477 2478/2478/2478
f 2479/2479/2479 2480/2480/2480 2481/2481/2481
f 2482/2482/2482 2483/2483/2483 2484/2484/2484
f 2485/2485/2485 2486/2486/2486 2487/2487/2487
f 2488/2488/2488 2489/2489/2489 2490/2490/2490
f 2491/2491/2491 2492/2492/2492 2493/2493/2493
f 2494/2494/2494 2495/2495/2495 2496/2496/2496
f 2497/2497/2497 2498/2498/2498 2499/2499/2499
f 2500/2500/2500 2501/2501/2501 2502/2502/2502
f 2503/2503/2503 2504/2504/2504 2505/2505/2505
f 2506/2506/2506 2507/2507/2507 2508/2508/2508
f 2509/2509/2509 2510/2510/2510 2511/2511/2511
f 2512/2512/2512 2513/2513/2513 2514/2514/2514
f 2515/2515/2515 2516/2516/2516 2517/2517/2517
f 2518/2518/2518 2519/2519/2519 2520/2520/2520
f 2521/2521/2521 2522/2522/2522 2523/2523/2523
f 2524/2524/2524 2525/2525/2525 2526/2526/2526
f 2527/2527/2527 2528/2528/2528 2529/2529/2529
f 2530/2530/2530 2531/2531/2531 2532/2532/2532
f 2533/2533/2533 2534/2534/2534 2535/2535/2535
f 2536/2536/2536 2537/2537/2537 2538/2538/2538
f 2539/2539/2539 2540/2540/2540 2541/2541/2541
f 2542/2542/2542 2543/2543/2543 2544/2544/2544
f 2545/2545/2545 2546/2546/2546 2547/2547/2547
f 2548/2548/2548 2549/2549/2549 2550/2550/2550
f 2551/2551/2551 2552/2552/2552 2553/2553/2553
f 2554/2554/2554 2555/2555/2555 2556/2556/2556
f 2557/2557/2557 2558/2558/2558 2559/2559/2559
f 2560/2560/2560 2561/2561/2561 2562/2562/2562
f 2563/2563/2563 2564/2564/2564 2565/2565/2565
f 2566/2566/2566 2567/2567/2567 2568/2568/2568
f 2569/2569/2569 2570/2570/2570 2571/2571/2571
f 2572/2572/2572 2573/2573/2573 2574/2574/2574
f 2575/2575/2575 2576/2576/2576 2577/2577/2577
f 2578/2578/2578 2579/2579/2579 2580/2580/2580
f 2581/2581/2581 2582/2582/2582 2583/2583/2583
f 2584/2584/2584 2585/2585/2585 2586/2586/2586
f 2587/2587/2587 2588/2588/2588 2589/2589/2589
f 2590/2590/2590 2591/2591/2591 2592/2592/2592
f 2593/2593/2593 2594/2594/2594 2595/2595/2595
f 2596/2596/2596 2597/2597/2597 2598/2598/2598
f 2599/2599/2599 2600/2600/2600 2601/2601/2601
f 2602/2602/2602 2603/2603/2603 2604/2604/2604
f 2605/2605/2605 2606/2606/2606 2607/2607/2607
f 2608/2608/2608 2609/2609/2609 2610/2610/2610
f 2611/2611/2611 2612/2612/2612 2613/2613/2613
f 2614/2614/2614 2615/2615/2615 2616/2616/2616
f 2617/2617/2617 2618/2618/2618 2619/2619/2619
f 2620/2620/2620 2621/2621/2621 2622/2622/2622
f 2623/2623/2623 2624/2624/2624 2625/2625/2625
f 2626/2626/2626 2627/2627/2627 2628/2628/2628
f 2629/2629/2629 2630/2630/2630 2631/2631/2631
f 2632/2632/2632 2633/2633/2633 2634/2634/2634
f 2635/2635/2635 2636/2636/2636 2637/2637/2637
f 2638/2638/2638 2639/2639/2639 2640/2640/2640
f 2641/2641/2641 2642/2642/2642 2643/2643/2643
f 2644/2644/2644 2645/2645/2645 2646/2646/2646
f 2647/2647/2647 2648/2648/2648 2649/2649/2649
f 2650/2650/2650 2651/2651/2651 2652/2652/2652
f 2653/2653/2653 2654/2654/2654 2655/2655/2655
f 2656/2656/2656 2657/2657/2657 2658/2658/2658
f 2659/2659/2659 2660/2660/2660 2661/2661/2661
f 2662/2662/2662 2663/2663/2663 2664/2664/2664
o chevron-dir
usemtl gradiente-fm
v 0.023616003898620633 0.3734515516281128 -0.023088000917434695
v 0.023616003898620633 0.3912115523338318 -0.023088000917434695
v 0.06860800289297107 0.3509555519104004 -0.023088000917434695
v 0.023616003898620633 0.310699551486969 -0.023088000917434695
v 0.023616003898620633 0.328459552192688 -0.023088000917434695
v 0.04848000312232974 0.3509555519104004 -0.023088000917434695
v 0.04848000312232974 0.3509555519104004 -0.023088000917434695
v 0.023616003898620633 0.3734515516281128 -0.023088000917434695
v 0.06860800289297107 0.3509555519104004 -0.023088000917434695
v 0.06860800289297107 0.3509555519104004 -0.023088000917434695
v 0.023616003898620633 0.310699551486969 -0.023088000917434695
v 0.04848000312232974 0.3509555519104004 -0.023088000917434695
v 0.06860800289297107 0.3509555519104004 0.023088000917434695
v 0.023616003898620633 0.3912115523338318 0.023088000917434695
v 0.023616003898620633 0.3734515516281128 0.023088000917434695
v 0.04848000312232974 0.3509555519104004 0.023088000917434695
v 0.023616003898620633 0.328459552192688 0.023088000917434695
v 0.023616003898620633 0.310699551486969 0.023088000917434695
v 0.06860800289297107 0.3509555519104004 0.023088000917434695
v 0.023616003898620633 0.3734515516281128 0.023088000917434695
v 0.04848000312232974 0.3509555519104004 0.023088000917434695
v 0.04848000312232974 0.3509555519104004 0.023088000917434695
v 0.023616003898620633 0.310699551486969 0.023088000917434695
v 0.06860800289297107 0.3509555519104004 0.023088000917434695
v 0.023616003898620633 0.3912115523338318 -0.023088000917434695
v 0.023616003898620633 0.3734515516281128 -0.023088000917434695
v 0.022761688713073762 0.39312229709625246 -0.022691434478759768
v 0.023616003898620633 0.3734515516281128 -0.023088000917434695
v 0.022136001781463653 0.3727947424888611 -0.022691434478759768
v 0.022761688713073762 0.39312229709625246 -0.022691434478759768
v 0.022761688713073762 0.39312229709625246 -0.022691434478759768
v 0.022136001781463653 0.3727947424888611 -0.022691434478759768
v 0.022136287597656276 0.39452106037139895 -0.021608000564575198
v 0.022136001781463653 0.3727947424888611 -0.022691434478759768
v 0.021052567867279083 0.3723139237880707 -0.021608000564575198
v 0.022136287597656276 0.39452106037139895 -0.021608000564575198
v 0.022136287597656276 0.39452106037139895 -0.021608000564575198
v 0.021052567867279083 0.3723139237880707 -0.021608000564575198
v 0.021907373527526884 0.3950330418586731 -0.0201280002117157
v 0.021052567867279083 0.3723139237880707 -0.021608000564575198
v 0.02065600319290164 0.3721379315853119 -0.0201280002117157
v 0.021907373527526884 0.3950330418586731 -0.0201280002117157
v 0.021907373527526884 0.3950330418586731 -0.0201280002117157
v 0.02065600319290164 0.3721379315853119 -0.0201280002117157
v 0.021907373527526884 0.3950330418586731 0.0201280002117157
v 0.02065600319290164 0.3721379315853119 -0.0201280002117157
v 0.02065600319290164 0.3721379315853119 0.0201280002117157
v 0.021907373527526884 0.3950330418586731 0.0201280002117157
v 0.021907373527526884 0.3950330418586731 0.0201280002117157
v 0.02065600319290164 0.3721379315853119 0.0201280002117157
v 0.022136287597656276 0.39452106037139895 0.021607998800277712
v 0.02065600319290164 0.3721379315853119 0.0201280002117157
v 0.021052567867279083 0.3723139237880707 0.021607998800277712
v 0.022136287597656276 0.39452106037139895 0.021607998800277712
v 0.022136287597656276 0.39452106037139895 0.021607998800277712
v 0.021052567867279083 0.3723139237880707 0.021607998800277712
v 0.022761688713073762 0.39312229709625246 0.02269143624305725
v 0.021052567867279083 0.3723139237880707 0.021607998800277712
v 0.022136001781463653 0.3727947424888611 0.02269143624305725
v 0.022761688713073762 0.39312229709625246 0.02269143624305725
v 0.022761688713073762 0.39312229709625246 0.02269143624305725
v 0.022136001781463653 0.3727947424888611 0.02269143624305725
v 0.023616003898620633 0.3912115523338318 0.023088000917434695
v 0.022136001781463653 0.3727947424888611 0.02269143624305725
v 0.023616003898620633 0.3734515516281128 0.023088000917434695
v 0.023616003898620633 0.3912115523338318 0.023088000917434695
v 0.023616003898620633 0.3734515516281128 -0.023088000917434695
v 0.04848000312232974 0.3509555519104004 -0.023088000917434695
v 0.022136001781463653 0.3727947424888611 -0.022691434478759768
v 0.04848000312232974 0.3509555519104004 -0.023088000917434695
v 0.04638696761512759 0.3509555519104004 -0.022691434478759768
v 0.022136001781463653 0.3727947424888611 -0.022691434478759768
v 0.022136001781463653 0.3727947424888611 -0.022691434478759768
v 0.04638696761512759 0.3509555519104004 -0.022691434478759768
v 0.021052567867279083 0.3723139237880707 -0.021608000564575198
v 0.04638696761512759 0.3509555519104004 -0.022691434478759768
v 0.044854758171081574 0.3509555519104004 -0.021608000564575198
v 0.021052567867279083 0.3723139237880707 -0.021608000564575198
v 0.021052567867279083 0.3723139237880707 -0.021608000564575198
v 0.044854758171081574 0.3509555519104004 -0.021608000564575198
v 0.02065600319290164 0.3721379315853119 -0.0201280002117157
v 0.044854758171081574 0.3509555519104004 -0.021608000564575198
v 0.044293930343627955 0.3509555519104004 -0.0201280002117157
v 0.02065600319290164 0.3721379315853119 -0.0201280002117157
v 0.02065600319290164 0.3721379315853119 -0.0201280002117157
v 0.044293930343627955 0.3509555519104004 -0.0201280002117157
v 0.02065600319290164 0.3721379315853119 0.0201280002117157
v 0.044293930343627955 0.3509555519104004 -0.0201280002117157
v 0.044293930343627955 0.3509555519104004 0.0201280002117157
v 0.02065600319290164 0.3721379315853119 0.0201280002117157
v 0.02065600319290164 0.3721379315853119 0.0201280002117157
v 0.044293930343627955 0.3509555519104004 0.0201280002117157
v 0.021052567867279083 0.3723139237880707 0.021607998800277712
v 0.044293930343627955 0.3509555519104004 0.0201280002117157
v 0.044854758171081574 0.3509555519104004 0.021607998800277712
v 0.021052567867279083 0.3723139237880707 0.021607998800277712
v 0.021052567867279083 0.3723139237880707 0.021607998800277712
v 0.044854758171081574 0.3509555519104004 0.021607998800277712
v 0.022136001781463653 0.3727947424888611 0.02269143624305725
v 0.044854758171081574 0.3509555519104004 0.021607998800277712
v 0.04638696761512759 0.3509555519104004 0.02269143624305725
v 0.022136001781463653 0.3727947424888611 0.02269143624305725
v 0.022136001781463653 0.3727947424888611 0.02269143624305725
v 0.04638696761512759 0.3509555519104004 0.02269143624305725
v 0.023616003898620633 0.3734515516281128 0.023088000917434695
v 0.04638696761512759 0.3509555519104004 0.02269143624305725
v 0.04848000312232974 0.3509555519104004 0.023088000917434695
v 0.023616003898620633 0.3734515516281128 0.023088000917434695
v 0.04848000312232974 0.3509555519104004 -0.023088000917434695
v 0.023616003898620633 0.328459552192688 -0.023088000917434695
v 0.04638696761512759 0.3509555519104004 -0.022691434478759768
v 0.023616003898620633 0.328459552192688 -0.023088000917434695
v 0.022136001781463653 0.3291163613319397 -0.022691434478759768
v 0.04638696761512759 0.3509555519104004 -0.022691434478759768
v 0.04638696761512759 0.3509555519104004 -0.022691434478759768
v 0.022136001781463653 0.3291163613319397 -0.022691434478759768
v 0.044854758171081574 0.3509555519104004 -0.021608000564575198
v 0.022136001781463653 0.3291163613319397 -0.022691434478759768
v 0.021052567867279083 0.3295971800327301 -0.021608000564575198
v 0.044854758171081574 0.3509555519104004 -0.021608000564575198
v 0.044854758171081574 0.3509555519104004 -0.021608000564575198
v 0.021052567867279083 0.3295971800327301 -0.021608000564575198
v 0.044293930343627955 0.3509555519104004 -0.0201280002117157
v 0.021052567867279083 0.3295971800327301 -0.021608000564575198
v 0.02065600319290164 0.3297731722354889 -0.0201280002117157
v 0.044293930343627955 0.3509555519104004 -0.0201280002117157
v 0.044293930343627955 0.3509555519104004 -0.0201280002117157
v 0.02065600319290164 0.3297731722354889 -0.0201280002117157
v 0.044293930343627955 0.3509555519104004 0.0201280002117157
v 0.02065600319290164 0.3297731722354889 -0.0201280002117157
v 0.02065600319290164 0.3297731722354889 0.0201280002117157
v 0.044293930343627955 0.3509555519104004 0.0201280002117157
v 0.044293930343627955 0.3509555519104004 0.0201280002117157
v 0.02065600319290164 0.3297731722354889 0.0201280002117157
v 0.044854758171081574 0.3509555519104004 0.021607998800277712
v 0.02065600319290164 0.3297731722354889 0.0201280002117157
v 0.021052567867279083 0.3295971800327301 0.021607998800277712
v 0.044854758171081574 0.3509555519104004 0.021607998800277712
v 0.044854758171081574 0.3509555519104004 0.021607998800277712
v 0.021052567867279083 0.3295971800327301 0.021607998800277712
v 0.04638696761512759 0.3509555519104004 0.02269143624305725
v 0.021052567867279083 0.3295971800327301 0.021607998800277712
v 0.022136001781463653 0.3291163613319397 0.02269143624305725
v 0.04638696761512759 0.3509555519104004 0.02269143624305725
v 0.04638696761512759 0.3509555519104004 0.02269143624305725
v 0.022136001781463653 0.3291163613319397 0.02269143624305725
v 0.04848000312232974 0.3509555519104004 0.023088000917434695
v 0.022136001781463653 0.3291163613319397 0.02269143624305725
v 0.023616003898620633 0.328459552192688 0.023088000917434695
v 0.04848000312232974 0.3509555519104004 0.023088000917434695
v 0.023616003898620633 0.328459552192688 -0.023088000917434695
v 0.023616003898620633 0.310699551486969 -0.023088000917434695
v 0.022136001781463653 0.3291163613319397 -0.022691434478759768
v 0.023616003898620633 0.310699551486969 -0.023088000917434695
v 0.022761688713073762 0.30878880672454834 -0.022691434478759768
v 0.022136001781463653 0.3291163613319397 -0.022691434478759768
v 0.022136001781463653 0.3291163613319397 -0.022691434478759768
v 0.022761688713073762 0.30878880672454834 -0.022691434478759768
v 0.021052567867279083 0.3295971800327301 -0.021608000564575198
v 0.022761688713073762 0.30878880672454834 -0.022691434478759768
v 0.022136287597656276 0.30739004344940185 -0.021608000564575198
v 0.021052567867279083 0.3295971800327301 -0.021608000564575198
v 0.021052567867279083 0.3295971800327301 -0.021608000564575198
v 0.022136287597656276 0.30739004344940185 -0.021608000564575198
v 0.02065600319290164 0.3297731722354889 -0.0201280002117157
v 0.022136287597656276 0.30739004344940185 -0.021608000564575198
v 0.021907373527526884 0.3068780619621277 -0.0201280002117157
v 0.02065600319290164 0.3297731722354889 -0.0201280002117157
v 0.02065600319290164 0.3297731722354889 -0.0201280002117157
v 0.021907373527526884 0.3068780619621277 -0.0201280002117157
v 0.02065600319290164 0.3297731722354889 0.0201280002117157
v 0.021907373527526884 0.3068780619621277 -0.0201280002117157
v 0.021907373527526884 0.3068780619621277 0.0201280002117157
v 0.02065600319290164 0.3297731722354889 0.0201280002117157
v 0.02065600319290164 0.3297731722354889 0.0201280002117157
v 0.021907373527526884 0.3068780619621277 0.0201280002117157
v 0.021052567867279083 0.3295971800327301 0.021607998800277712
v 0.021907373527526884 0.3068780619621277 0.0201280002117157
v 0.022136287597656276 0.30739004344940185 0.021607998800277712
v 0.021052567867279083 0.3295971800327301 0.021607998800277712
v 0.021052567867279083 0.3295971800327301 0.021607998800277712
v 0.022136287597656276 0.30739004344940185 0.021607998800277712
v 0.022136001781463653 0.3291163613319397 0.02269143624305725
v 0.022136287597656276 0.30739004344940185 0.021607998800277712
v 0.022761688713073762 0.30878880672454834 0.02269143624305725
v 0.022136001781463653 0.3291163613319397 0.02269143624305725
v 0.022136001781463653 0.3291163613319397 0.02269143624305725
v 0.022761688713073762 0.30878880672454834 0.02269143624305725
v 0.023616003898620633 0.328459552192688 0.023088000917434695
v 0.022761688713073762 0.30878880672454834 0.02269143624305725
v 0.023616003898620633 0.310699551486969 0.023088000917434695
v 0.023616003898620633 0.328459552192688 0.023088000917434695
v 0.023616003898620633 0.310699551486969 -0.023088000917434695
v 0.06860800289297107 0.3509555519104004 -0.023088000917434695
v 0.022761688713073762 0.30878880672454834 -0.022691434478759768
v 0.06860800289297107 0.3509555519104004 -0.023088000917434695
v 0.0707010388412476 0.3509555519104004 -0.022691434478759768
v 0.022761688713073762 0.30878880672454834 -0.022691434478759768
v 0.022761688713073762 0.30878880672454834 -0.022691434478759768
v 0.0707010388412476 0.3509555519104004 -0.022691434478759768
v 0.022136287597656276 0.30739004344940185 -0.021608000564575198
v 0.0707010388412476 0.3509555519104004 -0.022691434478759768
v 0.07223324828529361 0.3509555519104004 -0.021608000564575198
v 0.022136287597656276 0.30739004344940185 -0.021608000564575198
v 0.022136287597656276 0.30739004344940185 -0.021608000564575198
v 0.07223324828529361 0.3509555519104004 -0.021608000564575198
v 0.021907373527526884 0.3068780619621277 -0.0201280002117157
v 0.07223324828529361 0.3509555519104004 -0.021608000564575198
v 0.07279407523059848 0.3509555519104004 -0.0201280002117157
v 0.021907373527526884 0.3068780619621277 -0.0201280002117157
v 0.021907373527526884 0.3068780619621277 -0.0201280002117157
v 0.07279407523059848 0.3509555519104004 -0.0201280002117157
v 0.021907373527526884 0.3068780619621277 0.0201280002117157
v 0.07279407523059848 0.3509555519104004 -0.0201280002117157
v 0.07279407523059848 0.3509555519104004 0.0201280002117157
v 0.021907373527526884 0.3068780619621277 0.0201280002117157
v 0.021907373527526884 0.3068780619621277 0.0201280002117157
v 0.07279407523059848 0.3509555519104004 0.0201280002117157
v 0.022136287597656276 0.30739004344940185 0.021607998800277712
v 0.07279407523059848 0.3509555519104004 0.0201280002117157
v 0.07223324828529361 0.3509555519104004 0.021607998800277712
v 0.022136287597656276 0.30739004344940185 0.021607998800277712
v 0.022136287597656276 0.30739004344940185 0.021607998800277712
v 0.07223324828529361 0.3509555519104004 0.021607998800277712
v 0.022761688713073762 0.30878880672454834 0.02269143624305725
v 0.07223324828529361 0.3509555519104004 0.021607998800277712
v 0.0707010388412476 0.3509555519104004 0.02269143624305725
v 0.022761688713073762 0.30878880672454834 0.02269143624305725
v 0.022761688713073762 0.30878880672454834 0.02269143624305725
v 0.0707010388412476 0.3509555519104004 0.02269143624305725
v 0.023616003898620633 0.310699551486969 0.023088000917434695
v 0.0707010388412476 0.3509555519104004 0.02269143624305725
v 0.06860800289297107 0.3509555519104004 0.023088000917434695
v 0.023616003898620633 0.310699551486969 0.023088000917434695
v 0.06860800289297107 0.3509555519104004 -0.023088000917434695
v 0.023616003898620633 0.3912115523338318 -0.023088000917434695
v 0.0707010388412476 0.3509555519104004 -0.022691434478759768
v 0.023616003898620633 0.3912115523338318 -0.023088000917434695
v 0.022761688713073762 0.39312229709625246 -0.022691434478759768
v 0.0707010388412476 0.3509555519104004 -0.022691434478759768
v 0.0707010388412476 0.3509555519104004 -0.022691434478759768
v 0.022761688713073762 0.39312229709625246 -0.022691434478759768
v 0.07223324828529361 0.3509555519104004 -0.021608000564575198
v 0.022761688713073762 0.39312229709625246 -0.022691434478759768
v 0.022136287597656276 0.39452106037139895 -0.021608000564575198
v 0.07223324828529361 0.3509555519104004 -0.021608000564575198
v 0.07223324828529361 0.3509555519104004 -0.021608000564575198
v 0.022136287597656276 0.39452106037139895 -0.021608000564575198
v 0.07279407523059848 0.3509555519104004 -0.0201280002117157
v 0.022136287597656276 0.39452106037139895 -0.021608000564575198
v 0.021907373527526884 0.3950330418586731 -0.0201280002117157
v 0.07279407523059848 0.3509555519104004 -0.0201280002117157
v 0.07279407523059848 0.3509555519104004 -0.0201280002117157
v 0.021907373527526884 0.3950330418586731 -0.0201280002117157
v 0.07279407523059848 0.3509555519104004 0.0201280002117157
v 0.021907373527526884 0.3950330418586731 -0.0201280002117157
v 0.021907373527526884 0.3950330418586731 0.0201280002117157
v 0.07279407523059848 0.3509555519104004 0.0201280002117157
v 0.07279407523059848 0.3509555519104004 0.0201280002117157
v 0.021907373527526884 0.3950330418586731 0.0201280002117157
v 0.07223324828529361 0.3509555519104004 0.021607998800277712
v 0.021907373527526884 0.3950330418586731 0.0201280002117157
v 0.022136287597656276 0.39452106037139895 0.021607998800277712
v 0.07223324828529361 0.3509555519104004 0.021607998800277712
v 0.07223324828529361 0.3509555519104004 0.021607998800277712
v 0.022136287597656276 0.39452106037139895 0.021607998800277712
v 0.0707010388412476 0.3509555519104004 0.02269143624305725
v 0.022136287597656276 0.39452106037139895 0.021607998800277712
v 0.022761688713073762 0.39312229709625246 0.02269143624305725
v 0.0707010388412476 0.3509555519104004 0.02269143624305725
v 0.0707010388412476 0.3509555519104004 0.02269143624305725
v 0.022761688713073762 0.39312229709625246 0.02269143624305725
v 0.06860800289297107 0.3509555519104004 0.023088000917434695
v 0.022761688713073762 0.39312229709625246 0.02269143624305725
v 0.023616003898620633 0.3912115523338318 0.023088000917434695
v 0.06860800289297107 0.3509555519104004 0.023088000917434695
vt -0.3199999928474426 0.1899999976158142
vt -0.3199999928474426 0.3400000035762787
vt 0.05999999865889549 0
vt -0.3199999928474426 -0.3400000035762787
vt -0.3199999928474426 -0.1899999976158142
vt -0.10999999940395355 0
vt -0.10999999940395355 0
vt -0.3199999928474426 0.1899999976158142
vt 0.05999999865889549 0
vt 0.05999999865889549 0
vt -0.3199999928474426 -0.3400000035762787
vt -0.10999999940395355 0
vt 0.05999999865889549 0
vt -0.3199999928474426 0.3400000035762787
vt -0.3199999928474426 0.1899999976158142
vt -0.10999999940395355 0
vt -0.3199999928474426 -0.1899999976158142
vt -0.3199999928474426 -0.3400000035762787
vt 0.05999999865889549 0
vt -0.3199999928474426 0.1899999976158142
vt -0.10999999940395355 0
vt -0.10999999940395355 0
vt -0.3199999928474426 -0.3400000035762787
vt 0.05999999865889549 0
vt 0.3400000035762787 1.024999976158142
vt 0.1899999976158142 1.024999976158142
vt 0.35613805055618286 1.0216506719589233
vt 0.1899999976158142 1.024999976158142
vt 0.184452623128891 1.0216506719589233
vt 0.35613805055618286 1.0216506719589233
vt 0.35613805055618286 1.0216506719589233
vt 0.184452623128891 1.0216506719589233
vt 0.3679519295692444 1.0125000476837158
vt 0.184452623128891 1.0216506719589233
vt 0.18039165437221527 1.0125000476837158
vt 0.3679519295692444 1.0125000476837158
vt 0.3679519295692444 1.0125000476837158
vt 0.18039165437221527 1.0125000476837158
vt 0.37227609753608704 1
vt 0.18039165437221527 1.0125000476837158
vt 0.17890523374080658 1
vt 0.37227609753608704 1
vt 0.37227609753608704 1
vt 0.17890523374080658 1
vt 0.37227609753608704 0.6600000262260437
vt 0.17890523374080658 1
vt 0.17890523374080658 0.6600000262260437
vt 0.37227609753608704 0.6600000262260437
vt 0.37227609753608704 0.6600000262260437
vt 0.17890523374080658 0.6600000262260437
vt 0.3679519295692444 0.6474999785423279
vt 0.17890523374080658 0.6600000262260437
vt 0.18039165437221527 0.6474999785423279
vt 0.3679519295692444 0.6474999785423279
vt 0.3679519295692444 0.6474999785423279
vt 0.18039165437221527 0.6474999785423279
vt 0.35613805055618286 0.6383493542671204
vt 0.18039165437221527 0.6474999785423279
vt 0.184452623128891 0.6383493542671204
vt 0.35613805055618286 0.6383493542671204
vt 0.35613805055618286 0.6383493542671204
vt 0.184452623128891 0.6383493542671204
vt 0.3400000035762787 0.6349999904632568
vt 0.184452623128891 0.6383493542671204
vt 0.1899999976158142 0.6349999904632568
vt 0.3400000035762787 0.6349999904632568
vt -0.3199999928474426 1.024999976158142
vt -0.10999999940395355 1.024999976158142
vt -0.33250001072883606 1.0216506719589233
vt -0.10999999940395355 1.024999976158142
vt -0.12767766416072845 1.0216506719589233
vt -0.33250001072883606 1.0216506719589233
vt -0.33250001072883606 1.0216506719589233
vt -0.12767766416072845 1.0216506719589233
vt -0.3416506350040436 1.0125000476837158
vt -0.12767766416072845 1.0216506719589233
vt -0.14061862230300903 1.0125000476837158
vt -0.3416506350040436 1.0125000476837158
vt -0.3416506350040436 1.0125000476837158
vt -0.14061862230300903 1.0125000476837158
vt -0.3449999988079071 1
vt -0.14061862230300903 1.0125000476837158
vt -0.14535534381866455 1
vt -0.3449999988079071 1
vt -0.3449999988079071 1
vt -0.14535534381866455 1
vt -0.3449999988079071 0.6600000262260437
vt -0.14535534381866455 1
vt -0.14535534381866455 0.6600000262260437
vt -0.3449999988079071 0.6600000262260437
vt -0.3449999988079071 0.6600000262260437
vt -0.14535534381866455 0.6600000262260437
vt -0.3416506350040436 0.6474999785423279
vt -0.14535534381866455 0.6600000262260437
vt -0.14061862230300903 0.6474999785423279
vt -0.3416506350040436 0.6474999785423279
vt -0.3416506350040436 0.6474999785423279
vt -0.14061862230300903 0.6474999785423279
vt -0.33250001072883606 0.6383493542671204
vt -0.14061862230300903 0.6474999785423279
vt -0.12767766416072845 0.6383493542671204
vt -0.33250001072883606 0.6383493542671204
vt -0.33250001072883606 0.6383493542671204
vt -0.12767766416072845 0.6383493542671204
vt -0.3199999928474426 0.6349999904632568
vt -0.12767766416072845 0.6383493542671204
vt -0.10999999940395355 0.6349999904632568
vt -0.3199999928474426 0.6349999904632568
vt -0.10999999940395355 1.024999976158142
vt -0.3199999928474426 1.024999976158142
vt -0.12767766416072845 1.0216506719589233
vt -0.3199999928474426 1.024999976158142
vt -0.33250001072883606 1.0216506719589233
vt -0.12767766416072845 1.0216506719589233
vt -0.12767766416072845 1.0216506719589233
vt -0.33250001072883606 1.0216506719589233
vt -0.14061862230300903 1.0125000476837158
vt -0.33250001072883606 1.0216506719589233
vt -0.3416506350040436 1.0125000476837158
vt -0.14061862230300903 1.0125000476837158
vt -0.14061862230300903 1.0125000476837158
vt -0.3416506350040436 1.0125000476837158
vt -0.14535534381866455 1
vt -0.3416506350040436 1.0125000476837158
vt -0.3449999988079071 1
vt -0.14535534381866455 1
vt -0.14535534381866455 1
vt -0.3449999988079071 1
vt -0.14535534381866455 0.6600000262260437
vt -0.3449999988079071 1
vt -0.3449999988079071 0.6600000262260437
vt -0.14535534381866455 0.6600000262260437
vt -0.14535534381866455 0.6600000262260437
vt -0.3449999988079071 0.6600000262260437
vt -0.14061862230300903 0.6474999785423279
vt -0.3449999988079071 0.6600000262260437
vt -0.3416506350040436 0.6474999785423279
vt -0.14061862230300903 0.6474999785423279
vt -0.14061862230300903 0.6474999785423279
vt -0.3416506350040436 0.6474999785423279
vt -0.12767766416072845 0.6383493542671204
vt -0.3416506350040436 0.6474999785423279
vt -0.33250001072883606 0.6383493542671204
vt -0.12767766416072845 0.6383493542671204
vt -0.12767766416072845 0.6383493542671204
vt -0.33250001072883606 0.6383493542671204
vt -0.10999999940395355 0.6349999904632568
vt -0.33250001072883606 0.6383493542671204
vt -0.3199999928474426 0.6349999904632568
vt -0.10999999940395355 0.6349999904632568
vt -0.1899999976158142 1.024999976158142
vt -0.3400000035762787 1.024999976158142
vt -0.184452623128891 1.0216506719589233
vt -0.3400000035762787 1.024999976158142
vt -0.35613805055618286 1.0216506719589233
vt -0.184452623128891 1.0216506719589233
vt -0.184452623128891 1.0216506719589233
vt -0.35613805055618286 1.0216506719589233
vt -0.18039165437221527 1.0125000476837158
vt -0.35613805055618286 1.0216506719589233
vt -0.3679519295692444 1.0125000476837158
vt -0.18039165437221527 1.0125000476837158
vt -0.18039165437221527 1.0125000476837158
vt -0.3679519295692444 1.0125000476837158
vt -0.17890523374080658 1
vt -0.3679519295692444 1.0125000476837158
vt -0.37227609753608704 1
vt -0.17890523374080658 1
vt -0.17890523374080658 1
vt -0.37227609753608704 1
vt -0.17890523374080658 0.6600000262260437
vt -0.37227609753608704 1
vt -0.37227609753608704 0.6600000262260437
vt -0.17890523374080658 0.6600000262260437
vt -0.17890523374080658 0.6600000262260437
vt -0.37227609753608704 0.6600000262260437
vt -0.18039165437221527 0.6474999785423279
vt -0.37227609753608704 0.6600000262260437
vt -0.3679519295692444 0.6474999785423279
vt -0.18039165437221527 0.6474999785423279
vt -0.18039165437221527 0.6474999785423279
vt -0.3679519295692444 0.6474999785423279
vt -0.184452623128891 0.6383493542671204
vt -0.3679519295692444 0.6474999785423279
vt -0.35613805055618286 0.6383493542671204
vt -0.184452623128891 0.6383493542671204
vt -0.184452623128891 0.6383493542671204
vt -0.35613805055618286 0.6383493542671204
vt -0.1899999976158142 0.6349999904632568
vt -0.35613805055618286 0.6383493542671204
vt -0.3400000035762787 0.6349999904632568
vt -0.1899999976158142 0.6349999904632568
vt -0.3199999928474426 1.024999976158142
vt 0.05999999865889549 1.024999976158142
vt -0.3272154927253723 1.0216506719589233
vt 0.05999999865889549 1.024999976158142
vt 0.0776776671409607 1.0216506719589233
vt -0.3272154927253723 1.0216506719589233
vt -0.3272154927253723 1.0216506719589233
vt 0.0776776671409607 1.0216506719589233
vt -0.33249759674072266 1.0125000476837158
vt 0.0776776671409607 1.0216506719589233
vt 0.09061862528324127 1.0125000476837158
vt -0.33249759674072266 1.0125000476837158
vt -0.33249759674072266 1.0125000476837158
vt 0.09061862528324127 1.0125000476837158
vt -0.334430992603302 1
vt 0.09061862528324127 1.0125000476837158
vt 0.09535533934831619 1
vt -0.334430992603302 1
vt -0.334430992603302 1
vt 0.09535533934831619 1
vt -0.334430992603302 0.6600000262260437
vt 0.09535533934831619 1
vt 0.09535533934831619 0.6600000262260437
vt -0.334430992603302 0.6600000262260437
vt -0.334430992603302 0.6600000262260437
vt 0.09535533934831619 0.6600000262260437
vt -0.33249759674072266 0.6474999785423279
vt 0.09535533934831619 0.6600000262260437
vt 0.09061862528324127 0.6474999785423279
vt -0.33249759674072266 0.6474999785423279
vt -0.33249759674072266 0.6474999785423279
vt 0.09061862528324127 0.6474999785423279
vt -0.3272154927253723 0.6383493542671204
vt 0.09061862528324127 0.6474999785423279
vt 0.0776776671409607 0.6383493542671204
vt -0.3272154927253723 0.6383493542671204
vt -0.3272154927253723 0.6383493542671204
vt 0.0776776671409607 0.6383493542671204
vt -0.3199999928474426 0.6349999904632568
vt 0.0776776671409607 0.6383493542671204
vt 0.05999999865889549 0.6349999904632568
vt -0.3199999928474426 0.6349999904632568
vt 0.05999999865889549 1.024999976158142
vt -0.3199999928474426 1.024999976158142
vt 0.0776776671409607 1.0216506719589233
vt -0.3199999928474426 1.024999976158142
vt -0.3272154927253723 1.0216506719589233
vt 0.0776776671409607 1.0216506719589233
vt 0.0776776671409607 1.0216506719589233
vt -0.3272154927253723 1.0216506719589233
vt 0.09061862528324127 1.0125000476837158
vt -0.3272154927253723 1.0216506719589233
vt -0.33249759674072266 1.0125000476837158
vt 0.09061862528324127 1.0125000476837158
vt 0.09061862528324127 1.0125000476837158
vt -0.33249759674072266 1.0125000476837158
vt 0.09535533934831619 1
vt -0.33249759674072266 1.0125000476837158
vt -0.334430992603302 1
vt 0.09535533934831619 1
vt 0.09535533934831619 1
vt -0.334430992603302 1
vt 0.09535533934831619 0.6600000262260437
vt -0.334430992603302 1
vt -0.334430992603302 0.6600000262260437
vt 0.09535533934831619 0.6600000262260437
vt 0.09535533934831619 0.6600000262260437
vt -0.334430992603302 0.6600000262260437
vt 0.09061862528324127 0.6474999785423279
vt -0.334430992603302 0.6600000262260437
vt -0.33249759674072266 0.6474999785423279
vt 0.09061862528324127 0.6474999785423279
vt 0.09061862528324127 0.6474999785423279
vt -0.33249759674072266 0.6474999785423279
vt 0.0776776671409607 0.6383493542671204
vt -0.33249759674072266 0.6474999785423279
vt -0.3272154927253723 0.6383493542671204
vt 0.0776776671409607 0.6383493542671204
vt 0.0776776671409607 0.6383493542671204
vt -0.3272154927253723 0.6383493542671204
vt 0.05999999865889549 0.6349999904632568
vt -0.3272154927253723 0.6383493542671204
vt -0.3199999928474426 0.6349999904632568
vt 0.05999999865889549 0.6349999904632568
vn 0 0 -1
vn 0 0 -1
vn 0 0 -1
vn 0 0 -1
vn 0 0 -1
vn 0 0 -1
vn 0 0 -1
vn 0 0 -1
vn 0 0 -1
vn 0 0 -1
vn 0 0 -1
vn 0 0 -1
vn 0 0 1
vn 0 0 1
vn 0 0 1
vn 0 0 1
vn 0 0 1
vn 0 0 1
vn 0 0 1
vn 0 0 1
vn 0 0 1
vn 0 0 1
vn 0 0 1
vn 0 0 1
vn -0.42104018562203965 0 -0.9070419847456668
vn -0.42104018562203965 0 -0.9070419847456668
vn -0.42104018562203965 0 -0.9070419847456668
vn -0.26214983290701116 0.008069034429236007 -0.9649934485737226
vn -0.26214983290701116 0.008069034429236007 -0.9649934485737226
vn -0.26214983290701116 0.008069034429236007 -0.9649934485737226
vn -0.8507607098665447 0.026186617446750243 -0.5249004435262654
vn -0.8507607098665447 0.026186617446750243 -0.5249004435262654
vn -0.8507607098665447 0.026186617446750243 -0.5249004435262654
vn -0.7143706768788274 0.03486165820497974 -0.6988985625989548
vn -0.7143706768788274 0.03486165820497974 -0.6988985625989548
vn -0.7143706768788274 0.03486165820497974 -0.6988985625989548
vn -0.9844636848956307 0.04804233428356993 -0.16888809087174284
vn -0.9844636848956307 0.04804233428356993 -0.16888809087174284
vn -0.9844636848956307 0.04804233428356993 -0.16888809087174284
vn -0.966130229836892 0.052805452073224915 -0.2525944639667636
vn -0.966130229836892 0.052805452073224915 -0.2525944639667636
vn -0.966130229836892 0.052805452073224915 -0.2525944639667636
vn -0.9985096627004694 0.054575209516728763 0
vn -0.9985096627004694 0.054575209516728763 0
vn -0.9985096627004694 0.054575209516728763 0
vn -0.9985096627004694 0.054575209516728763 0
vn -0.9985096627004694 0.054575209516728763 0
vn -0.9985096627004694 0.054575209516728763 0
vn -0.9838416676207544 0.05377350802144702 0.1707746552866679
vn -0.9838416676207544 0.05377350802144702 0.1707746552866679
vn -0.9838416676207544 0.05377350802144702 0.1707746552866679
vn -0.9662389674055549 0.0471529584141011 0.25329598571601014
vn -0.9662389674055549 0.0471529584141011 0.25329598571601014
vn -0.9662389674055549 0.0471529584141011 0.25329598571601014
vn -0.8414687407917555 0.04106410540876744 0.5387430718972772
vn -0.8414687407917555 0.04106410540876744 0.5387430718972772
vn -0.8414687407917555 0.04106410540876744 0.5387430718972772
vn -0.7117829388931001 0.021908847818629597 0.7020577257519224
vn -0.7117829388931001 0.021908847818629597 0.7020577257519224
vn -0.7117829388931001 0.021908847818629597 0.7020577257519224
vn -0.39831796433130423 0.012260320640917496 0.9171654615328403
vn -0.39831796433130423 0.012260320640917496 0.9171654615328403
vn -0.39831796433130423 0.012260320640917496 0.9171654615328403
vn -0.2588186280409089 0 0.9659259380402939
vn -0.2588186280409089 0 0.9659259380402939
vn -0.2588186280409089 0 0.9659259380402939
vn -0.173645113608551 -0.1919235489727924 -0.965925838700654
vn -0.173645113608551 -0.1919235489727924 -0.965925838700654
vn -0.173645113608551 -0.1919235489727924 -0.965925838700654
vn -0.182302643287647 -0.20243493211022887 -0.9621776574582597
vn -0.182302643287647 -0.20243493211022887 -0.9621776574582597
vn -0.182302643287647 -0.20243493211022887 -0.9621776574582597
vn -0.4734334877999372 -0.5257163568683577 -0.7067411440907118
vn -0.4734334877999372 -0.5257163568683577 -0.7067411440907118
vn -0.4734334877999372 -0.5257163568683577 -0.7067411440907118
vn -0.4855322620435957 -0.5410866827220921 -0.6866466517035026
vn -0.4855322620435957 -0.5410866827220921 -0.6866466517035026
vn -0.4855322620435957 -0.5410866827220921 -0.6866466517035026
vn -0.6451872594776168 -0.7190094002579221 -0.2583774033241013
vn -0.6451872594776168 -0.7190094002579221 -0.2583774033241013
vn -0.6451872594776168 -0.7190094002579221 -0.2583774033241013
vn -0.6469978052485658 -0.7220004154495855 -0.24517185828345983
vn -0.6469978052485658 -0.7220004154495855 -0.24517185828345983
vn -0.6469978052485658 -0.7220004154495855 -0.24517185828345983
vn -0.6673660264695399 -0.7447298749978125 0
vn -0.6673660264695399 -0.7447298749978125 0
vn -0.6673660264695399 -0.7447298749978125 0
vn -0.6673660264695399 -0.7447298749978125 0
vn -0.6673660264695399 -0.7447298749978125 0
vn -0.6673660264695399 -0.7447298749978125 0
vn -0.6447179334119668 -0.7194562572934331 0.25830501384666993
vn -0.6447179334119668 -0.7194562572934331 0.25830501384666993
vn -0.6447179334119668 -0.7194562572934331 0.25830501384666993
vn -0.6474525916468122 -0.7215339528029672 0.24534444465353547
vn -0.6474525916468122 -0.7215339528029672 0.24534444465353547
vn -0.6474525916468122 -0.7215339528029672 0.24534444465353547
vn -0.4726848239191635 -0.5267692731810045 0.7064582012184909
vn -0.4726848239191635 -0.5267692731810045 0.7064582012184909
vn -0.4726848239191635 -0.5267692731810045 0.7064582012184909
vn -0.48604110741032575 -0.5397162532683516 0.6873648287956815
vn -0.48604110741032575 -0.5397162532683516 0.6873648287956815
vn -0.48604110741032575 -0.5397162532683516 0.6873648287956815
vn -0.17336611645083022 -0.19251151599862434 0.9658589471939827
vn -0.17336611645083022 -0.19251151599862434 0.9658589471939827
vn -0.17336611645083022 -0.19251151599862434 0.9658589471939827
vn -0.18233725348479346 -0.20153063447156647 0.9623609142941697
vn -0.18233725348479346 -0.20153063447156647 0.9623609142941697
vn -0.18233725348479346 -0.20153063447156647 0.9623609142941697
vn -0.18233734599780818 0.20153075711385596 -0.9623608710829797
vn -0.18233734599780818 0.20153075711385596 -0.9623608710829797
vn -0.18233734599780818 0.20153075711385596 -0.9623608710829797
vn -0.1733661996893139 0.19251161345706283 -0.9658589128280812
vn -0.1733661996893139 0.19251161345706283 -0.9658589128280812
vn -0.1733661996893139 0.19251161345706283 -0.9658589128280812
vn -0.48604060230751583 0.5397157185329196 -0.6873656058292718
vn -0.48604060230751583 0.5397157185329196 -0.6873656058292718
vn -0.48604060230751583 0.5397157185329196 -0.6873656058292718
vn -0.472684320140692 0.5267686803229218 -0.7064589803548251
vn -0.472684320140692 0.5267686803229218 -0.7064589803548251
vn -0.472684320140692 0.5267686803229218 -0.7064589803548251
vn -0.6474526339261242 0.7215339930999192 -0.24534421457089614
vn -0.6474526339261242 0.7215339930999192 -0.24534421457089614
vn -0.6474526339261242 0.7215339930999192 -0.24534421457089614
vn -0.644717980298624 0.7194563027057695 -0.2583047703326578
vn -0.644717980298624 0.7194563027057695 -0.2583047703326578
vn -0.644717980298624 0.7194563027057695 -0.2583047703326578
vn -0.6673660264695399 0.7447298749978125 0
vn -0.6673660264695399 0.7447298749978125 0
vn -0.6673660264695399 0.7447298749978125 0
vn -0.6673660264695399 0.7447298749978125 0
vn -0.6673660264695399 0.7447298749978125 0
vn -0.6673660264695399 0.7447298749978125 0
vn -0.6469977351391802 0.7220004037270911 0.2451720778202299
vn -0.6469977351391802 0.7220004037270911 0.2451720778202299
vn -0.6469977351391802 0.7220004037270911 0.2451720778202299
vn -0.6451872175580089 0.7190093603618313 0.25837761902267115
vn -0.6451872175580089 0.7190093603618313 0.25837761902267115
vn -0.6451872175580089 0.7190093603618313 0.25837761902267115
vn -0.4855327282097604 0.541087266876575 0.686645861752057
vn -0.4855327282097604 0.541087266876575 0.686645861752057
vn -0.4855327282097604 0.541087266876575 0.686645861752057
vn -0.47343400662977464 0.5257169068467397 0.7067403874280673
vn -0.47343400662977464 0.5257169068467397 0.7067403874280673
vn -0.47343400662977464 0.5257169068467397 0.7067403874280673
vn -0.1823025358404462 0.20243482431636992 0.9621777004951545
vn -0.1823025358404462 0.20243482431636992 0.9621777004951545
vn -0.1823025358404462 0.20243482431636992 0.9621777004951545
vn -0.17364502037628424 0.19192344043670126 0.9659258770265241
vn -0.17364502037628424 0.19192344043670126 0.9659258770265241
vn -0.17364502037628424 0.19192344043670126 0.9659258770265241
vn -0.2588187392647115 0 -0.9659259082380104
vn -0.2588187392647115 0 -0.9659259082380104
vn -0.2588187392647115 0 -0.9659259082380104
vn -0.3983181365182504 -0.01226032695619525 -0.9171653866689233
vn -0.3983181365182504 -0.01226032695619525 -0.9171653866689233
vn -0.3983181365182504 -0.01226032695619525 -0.9171653866689233
vn -0.7117821991515204 -0.02190882471320777 -0.7020584764609792
vn -0.7117821991515204 -0.02190882471320777 -0.7020584764609792
vn -0.7117821991515204 -0.02190882471320777 -0.7020584764609792
vn -0.8414682066674625 -0.041064083170121286 -0.5387439078460582
vn -0.8414682066674625 -0.041064083170121286 -0.5387439078460582
vn -0.8414682066674625 -0.041064083170121286 -0.5387439078460582
vn -0.9662390295441123 -0.04715296226304764 -0.25329574796168836
vn -0.9662390295441123 -0.04715296226304764 -0.25329574796168836
vn -0.9662390295441123 -0.04715296226304764 -0.25329574796168836
vn -0.9838416972683265 -0.05377350265880307 -0.17077448617396732
vn -0.9838416972683265 -0.05377350265880307 -0.17077448617396732
vn -0.9838416972683265 -0.05377350265880307 -0.17077448617396732
vn -0.9985096627004694 -0.054575209516728763 0
vn -0.9985096627004694 -0.054575209516728763 0
vn -0.9985096627004694 -0.054575209516728763 0
vn -0.9985096627004694 -0.054575209516728763 0
vn -0.9985096627004694 -0.054575209516728763 0
vn -0.9985096627004694 -0.054575209516728763 0
vn -0.9661301747670689 -0.05280545604637326 0.2525946737686429
vn -0.9661301747670689 -0.05280545604637326 0.2525946737686429
vn -0.9661301747670689 -0.05280545604637326 0.2525946737686429
vn -0.9844636558051046 -0.048042335772674694 0.16888826001932092
vn -0.9844636558051046 -0.048042335772674694 0.16888826001932092
vn -0.9844636558051046 -0.048042335772674694 0.16888826001932092
vn -0.7143714423394072 -0.03486169127387722 0.6988977785423559
vn -0.7143714423394072 -0.03486169127387722 0.6988977785423559
vn -0.7143714423394072 -0.03486169127387722 0.6988977785423559
vn -0.8507611873478778 -0.026186628642448945 0.5248996690633096
vn -0.8507611873478778 -0.026186628642448945 0.5248996690633096
vn -0.8507611873478778 -0.026186628642448945 0.5248996690633096
vn -0.2621497218999343 -0.008069030025089198 0.9649934787666916
vn -0.2621497218999343 -0.008069030025089198 0.9649934787666916
vn -0.2621497218999343 -0.008069030025089198 0.9649934787666916
vn -0.42103996846202224 0 0.9070420855492315
vn -0.42103996846202224 0 0.9070420855492315
vn -0.42103996846202224 0 0.9070420855492315
vn 0.2807480435561291 -0.3137772128794231 -0.9070415628387856
vn 0.2807480435561291 -0.3137772128794231 -0.9070415628387856
vn 0.2807480435561291 -0.3137772128794231 -0.9070415628387856
vn 0.18212268832937062 -0.2070551765621935 -0.9612281104162954
vn 0.18212268832937062 -0.2070551765621935 -0.9612281104162954
vn 0.18212268832937062 -0.2070551765621935 -0.9612281104162954
vn 0.5692839008026345 -0.6472185829196325 -0.5069752915186688
vn 0.5692839008026345 -0.6472185829196325 -0.5069752915186688
vn 0.5692839008026345 -0.6472185829196325 -0.5069752915186688
vn 0.4809958735573599 -0.5531079882761687 -0.6802312275439008
vn 0.4809958735573599 -0.5531079882761687 -0.6802312275439008
vn 0.4809958735573599 -0.5531079882761687 -0.6802312275439008
vn 0.6480088775251862 -0.7451599773400039 -0.1575471447510014
vn 0.6480088775251862 -0.7451599773400039 -0.1575471447510014
vn 0.6480088775251862 -0.7451599773400039 -0.1575471447510014
vn 0.6354589944302889 -0.7336264121024118 -0.24079899057801
vn 0.6354589944302889 -0.7336264121024118 -0.24079899057801
vn 0.6354589944302889 -0.7336264121024118 -0.24079899057801
vn 0.6547242335388835 -0.7558678310504566 0
vn 0.6547242335388835 -0.7558678310504566 0
vn 0.6547242335388835 -0.7558678310504566 0
vn 0.6547242335388835 -0.7558678310504566 0
vn 0.6547242335388835 -0.7558678310504566 0
vn 0.6547242335388835 -0.7558678310504566 0
vn 0.6464798408169722 -0.7463498066704644 0.1581953902622417
vn 0.6464798408169722 -0.7463498066704644 0.1581953902622417
vn 0.6464798408169722 -0.7463498066704644 0.1581953902622417
vn 0.6368114858898775 -0.7322839395746791 0.24131175536992414
vn 0.6368114858898775 -0.7322839395746791 0.24131175536992414
vn 0.6368114858898775 -0.7322839395746791 0.24131175536992414
vn 0.5638278750577811 -0.6483583482302189 0.5115951324905363
vn 0.5638278750577811 -0.6483583482302189 0.5115951324905363
vn 0.5638278750577811 -0.6483583482302189 0.5115951324905363
vn 0.48266202989057444 -0.5487381904324443 0.6825860848734293
vn 0.48266202989057444 -0.5487381904324443 0.6825860848734293
vn 0.48266202989057444 -0.5487381904324443 0.6825860848734293
vn 0.2738067746825232 -0.311290793870348 0.9100153250300361
vn 0.2738067746825232 -0.311290793870348 0.9100153250300361
vn 0.2738067746825232 -0.311290793870348 0.9100153250300361
vn 0.1822538485135806 -0.20369545671353945 0.9619208364601796
vn 0.1822538485135806 -0.20369545671353945 0.9619208364601796
vn 0.1822538485135806 -0.20369545671353945 0.9619208364601796
vn 0.1822539271217163 0.20369556560662413 -0.9619207985072938
vn 0.1822539271217163 0.20369556560662413 -0.9619207985072938
vn 0.1822539271217163 0.20369556560662413 -0.9619207985072938
vn 0.27380690449722594 0.3112909251369267 -0.9100152410685456
vn 0.27380690449722594 0.3112909251369267 -0.9100152410685456
vn 0.27380690449722594 0.3112909251369267 -0.9100152410685456
vn 0.48266155093347346 0.5487376515804796 -0.6825868567357812
vn 0.48266155093347346 0.5487376515804796 -0.6825868567357812
vn 0.48266155093347346 0.5487376515804796 -0.6825868567357812
vn 0.5638275790020925 0.6483579928648631 -0.5115959091361909
vn 0.5638275790020925 0.6483579928648631 -0.5115959091361909
vn 0.5638275790020925 0.6483579928648631 -0.5115959091361909
vn 0.6368115556710446 0.7322839512768925 -0.24131153570877178
vn 0.6368115556710446 0.7322839512768925 -0.24131153570877178
vn 0.6368115556710446 0.7322839512768925 -0.24131153570877178
vn 0.6464798560564025 0.7463498242641232 -0.1581952449797576
vn 0.6464798560564025 0.7463498242641232 -0.1581952449797576
vn 0.6464798560564025 0.7463498242641232 -0.1581952449797576
vn 0.6547242335388835 0.7558678310504566 0
vn 0.6547242335388835 0.7558678310504566 0
vn 0.6547242335388835 0.7558678310504566 0
vn 0.6547242335388835 0.7558678310504566 0
vn 0.6547242335388835 0.7558678310504566 0
vn 0.6547242335388835 0.7558678310504566 0
vn 0.6354589524793633 0.7336263728786804 0.24079922078507957
vn 0.6354589524793633 0.7336263728786804 0.24079922078507957
vn 0.6354589524793633 0.7336263728786804 0.24079922078507957
vn 0.6480088277365615 0.7451599886276666 0.15754729614913413
vn 0.6480088277365615 0.7451599886276666 0.15754729614913413
vn 0.6480088277365615 0.7451599886276666 0.15754729614913413
vn 0.48099635088356624 0.5531085252803387 0.6802304533751061
vn 0.48099635088356624 0.5531085252803387 0.6802304533751061
vn 0.48099635088356624 0.5531085252803387 0.6802304533751061
vn 0.5692842113099572 0.6472189547406674 0.5069744681713251
vn 0.5692842113099572 0.6472189547406674 0.5069744681713251
vn 0.5692842113099572 0.6472189547406674 0.5069744681713251
vn 0.18212259085248866 0.20705509492166677 0.9612281464710429
vn 0.18212259085248866 0.20705509492166677 0.9612281464710429
vn 0.18212259085248866 0.20705509492166677 0.9612281464710429
vn 0.2807479165129652 0.3137770551123051 0.9070416567383652
vn 0.2807479165129652 0.3137770551123051 0.9070416567383652
vn 0.2807479165129652 0.3137770551123051 0.9070416567383652
f 2665/2665/2665 2666/2666/2666 2667/2667/2667
f 2668/2668/2668 2669/2669/2669 2670/2670/2670
f 2671/2671/2671 2672/2672/2672 2673/2673/2673
f 2674/2674/2674 2675/2675/2675 2676/2676/2676
f 2677/2677/2677 2678/2678/2678 2679/2679/2679
f 2680/2680/2680 2681/2681/2681 2682/2682/2682
f 2683/2683/2683 2684/2684/2684 2685/2685/2685
f 2686/2686/2686 2687/2687/2687 2688/2688/2688
f 2689/2689/2689 2690/2690/2690 2691/2691/2691
f 2692/2692/2692 2693/2693/2693 2694/2694/2694
f 2695/2695/2695 2696/2696/2696 2697/2697/2697
f 2698/2698/2698 2699/2699/2699 2700/2700/2700
f 2701/2701/2701 2702/2702/2702 2703/2703/2703
f 2704/2704/2704 2705/2705/2705 2706/2706/2706
f 2707/2707/2707 2708/2708/2708 2709/2709/2709
f 2710/2710/2710 2711/2711/2711 2712/2712/2712
f 2713/2713/2713 2714/2714/2714 2715/2715/2715
f 2716/2716/2716 2717/2717/2717 2718/2718/2718
f 2719/2719/2719 2720/2720/2720 2721/2721/2721
f 2722/2722/2722 2723/2723/2723 2724/2724/2724
f 2725/2725/2725 2726/2726/2726 2727/2727/2727
f 2728/2728/2728 2729/2729/2729 2730/2730/2730
f 2731/2731/2731 2732/2732/2732 2733/2733/2733
f 2734/2734/2734 2735/2735/2735 2736/2736/2736
f 2737/2737/2737 2738/2738/2738 2739/2739/2739
f 2740/2740/2740 2741/2741/2741 2742/2742/2742
f 2743/2743/2743 2744/2744/2744 2745/2745/2745
f 2746/2746/2746 2747/2747/2747 2748/2748/2748
f 2749/2749/2749 2750/2750/2750 2751/2751/2751
f 2752/2752/2752 2753/2753/2753 2754/2754/2754
f 2755/2755/2755 2756/2756/2756 2757/2757/2757
f 2758/2758/2758 2759/2759/2759 2760/2760/2760
f 2761/2761/2761 2762/2762/2762 2763/2763/2763
f 2764/2764/2764 2765/2765/2765 2766/2766/2766
f 2767/2767/2767 2768/2768/2768 2769/2769/2769
f 2770/2770/2770 2771/2771/2771 2772/2772/2772
f 2773/2773/2773 2774/2774/2774 2775/2775/2775
f 2776/2776/2776 2777/2777/2777 2778/2778/2778
f 2779/2779/2779 2780/2780/2780 2781/2781/2781
f 2782/2782/2782 2783/2783/2783 2784/2784/2784
f 2785/2785/2785 2786/2786/2786 2787/2787/2787
f 2788/2788/2788 2789/2789/2789 2790/2790/2790
f 2791/2791/2791 2792/2792/2792 2793/2793/2793
f 2794/2794/2794 2795/2795/2795 2796/2796/2796
f 2797/2797/2797 2798/2798/2798 2799/2799/2799
f 2800/2800/2800 2801/2801/2801 2802/2802/2802
f 2803/2803/2803 2804/2804/2804 2805/2805/2805
f 2806/2806/2806 2807/2807/2807 2808/2808/2808
f 2809/2809/2809 2810/2810/2810 2811/2811/2811
f 2812/2812/2812 2813/2813/2813 2814/2814/2814
f 2815/2815/2815 2816/2816/2816 2817/2817/2817
f 2818/2818/2818 2819/2819/2819 2820/2820/2820
f 2821/2821/2821 2822/2822/2822 2823/2823/2823
f 2824/2824/2824 2825/2825/2825 2826/2826/2826
f 2827/2827/2827 2828/2828/2828 2829/2829/2829
f 2830/2830/2830 2831/2831/2831 2832/2832/2832
f 2833/2833/2833 2834/2834/2834 2835/2835/2835
f 2836/2836/2836 2837/2837/2837 2838/2838/2838
f 2839/2839/2839 2840/2840/2840 2841/2841/2841
f 2842/2842/2842 2843/2843/2843 2844/2844/2844
f 2845/2845/2845 2846/2846/2846 2847/2847/2847
f 2848/2848/2848 2849/2849/2849 2850/2850/2850
f 2851/2851/2851 2852/2852/2852 2853/2853/2853
f 2854/2854/2854 2855/2855/2855 2856/2856/2856
f 2857/2857/2857 2858/2858/2858 2859/2859/2859
f 2860/2860/2860 2861/2861/2861 2862/2862/2862
f 2863/2863/2863 2864/2864/2864 2865/2865/2865
f 2866/2866/2866 2867/2867/2867 2868/2868/2868
f 2869/2869/2869 2870/2870/2870 2871/2871/2871
f 2872/2872/2872 2873/2873/2873 2874/2874/2874
f 2875/2875/2875 2876/2876/2876 2877/2877/2877
f 2878/2878/2878 2879/2879/2879 2880/2880/2880
f 2881/2881/2881 2882/2882/2882 2883/2883/2883
f 2884/2884/2884 2885/2885/2885 2886/2886/2886
f 2887/2887/2887 2888/2888/2888 2889/2889/2889
f 2890/2890/2890 2891/2891/2891 2892/2892/2892
f 2893/2893/2893 2894/2894/2894 2895/2895/2895
f 2896/2896/2896 2897/2897/2897 2898/2898/2898
f 2899/2899/2899 2900/2900/2900 2901/2901/2901
f 2902/2902/2902 2903/2903/2903 2904/2904/2904
f 2905/2905/2905 2906/2906/2906 2907/2907/2907
f 2908/2908/2908 2909/2909/2909 2910/2910/2910
f 2911/2911/2911 2912/2912/2912 2913/2913/2913
f 2914/2914/2914 2915/2915/2915 2916/2916/2916
f 2917/2917/2917 2918/2918/2918 2919/2919/2919
f 2920/2920/2920 2921/2921/2921 2922/2922/2922
f 2923/2923/2923 2924/2924/2924 2925/2925/2925
f 2926/2926/2926 2927/2927/2927 2928/2928/2928
f 2929/2929/2929 2930/2930/2930 2931/2931/2931
f 2932/2932/2932 2933/2933/2933 2934/2934/2934
f 2935/2935/2935 2936/2936/2936 2937/2937/2937
f 2938/2938/2938 2939/2939/2939 2940/2940/2940
o barra
usemtl gradiente-fm
v 0.0015688590293127204 0.38644846426474244 0.01247936041355133
v 0.0015688590293127204 0.38644846426474244 -0.01247936041355133
v 0.01324374186256423 0.3821762604799259 0.01247936041355133
v 0.01324374186256423 0.3821762604799259 -0.01247936041355133
v -0.022843735759048578 0.3197348433408749 -0.01247936041355133
v -0.022843735759048578 0.3197348433408749 0.01247936041355133
v -0.011168852925797071 0.31546263955605836 -0.01247936041355133
v -0.011168852925797071 0.31546263955605836 0.01247936041355133
v -0.022843735759048578 0.3197348433408749 -0.01247936041355133
v 0.0015688590293127204 0.38644846426474244 -0.01247936041355133
v -0.022843735759048578 0.3197348433408749 0.01247936041355133
v 0.0015688590293127204 0.38644846426474244 0.01247936041355133
v -0.011168852925797071 0.31546263955605836 0.01247936041355133
v 0.01324374186256423 0.3821762604799259 0.01247936041355133
v -0.011168852925797071 0.31546263955605836 -0.01247936041355133
v 0.01324374186256423 0.3821762604799259 -0.01247936041355133
v -0.022843735759048578 0.3197348433408749 0.01247936041355133
v 0.0015688590293127204 0.38644846426474244 0.01247936041355133
v -0.011168852925797071 0.31546263955605836 0.01247936041355133
v 0.01324374186256423 0.3821762604799259 0.01247936041355133
v 0.0015688590293127204 0.38644846426474244 -0.01247936041355133
v -0.022843735759048578 0.3197348433408749 -0.01247936041355133
v 0.01324374186256423 0.3821762604799259 -0.01247936041355133
v -0.011168852925797071 0.31546263955605836 -0.01247936041355133
vt 0 1
vt 1 1
vt 0 0
vt 1 0
vt 0 1
vt 1 1
vt 0 0
vt 1 0
vt 0 1
vt 1 1
vt 0 0
vt 1 0
vt 0 1
vt 1 1
vt 0 0
vt 1 0
vt 0 1
vt 1 1
vt 0 0
vt 1 0
vt 0 1
vt 1 1
vt 0 0
vt 1 0
vn 0.34364574631604694 0.9390993563190675 0
vn 0.34364574631604694 0.9390993563190675 0
vn 0.34364574631604694 0.9390993563190675 0
vn 0.34364574631604694 0.9390993563190675 0
vn -0.34364574631604694 -0.9390993563190675 0
vn -0.34364574631604694 -0.9390993563190675 0
vn -0.34364574631604694 -0.9390993563190675 0
vn -0.34364574631604694 -0.9390993563190675 0
vn -0.9390993563190675 0.34364574631604694 0
vn -0.9390993563190675 0.34364574631604694 0
vn -0.9390993563190675 0.34364574631604694 0
vn -0.9390993563190675 0.34364574631604694 0
vn 0.9390993563190675 -0.34364574631604694 0
vn 0.9390993563190675 -0.34364574631604694 0
vn 0.9390993563190675 -0.34364574631604694 0
vn 0.9390993563190675 -0.34364574631604694 0
vn 0 0 1
vn 0 0 1
vn 0 0 1
vn 0 0 1
vn 0 0 -1
vn 0 0 -1
vn 0 0 -1
vn 0 0 -1
f 2941/2941/2941 2943/2943/2943 2942/2942/2942
f 2943/2943/2943 2944/2944/2944 2942/2942/2942
f 2945/2945/2945 2947/2947/2947 2946/2946/2946
f 2947/2947/2947 2948/2948/2948 2946/2946/2946
f 2949/2949/2949 2951/2951/2951 2950/2950/2950
f 2951/2951/2951 2952/2952/2952 2950/2950/2950
f 2953/2953/2953 2955/2955/2955 2954/2954/2954
f 2955/2955/2955 2956/2956/2956 2954/2954/2954
f 2957/2957/2957 2959/2959/2959 2958/2958/2958
f 2959/2959/2959 2960/2960/2960 2958/2958/2958
f 2961/2961/2961 2963/2963/2963 2962/2962/2962
f 2963/2963/2963 2964/2964/2964 2962/2962/2962
